<?xml version="1.0" encoding="UTF-8" standalone="yes"?>
<gpx xmlns="http://www.topografix.com/GPX/1/1" version="1.1" creator="outdooractive - http://www.outdooractive.com">
    <metadata>
        <name>2a tappa: Bischofshofen-Bad Gastein</name>
        <desc>La seconda tappa si svolge dapprima lungo i bacini di sbarramento del medio corso del Salzach fino a Schwarzach, per superare quindi una salita oltre la quale si arriva nella valle di Gastein. Dall'inizio della valle fino a Bad Gastein, stazione termale attraversata da una famosa cascata, si percorre una pista ciclabile che attraversa un magnifico scenario alpino. Le Alpi Salisburghesi sono una presenza costante in questa tappa. Nella valle di Gastein la vista si apre infine sulle cime e sui ghiacciai degli Alti Tauri.</desc>
        <author>
            <name>Sabine Zölß, Alpstein Österreich - Ciclovia-Alpe-Adria-Radweg</name>
        </author>
        <link href="http://www.outdooractive.com/r/1561400"/>
        <time>2019-08-15T20:25:13.593+02:00</time>
    </metadata>
    <trk>
        <name>2a tappa: Bischofshofen-Bad Gastein</name>
        <desc>La seconda tappa si svolge dapprima lungo i bacini di sbarramento del medio corso del Salzach fino a Schwarzach, per superare quindi una salita oltre la quale si arriva nella valle di Gastein. Dall'inizio della valle fino a Bad Gastein, stazione termale attraversata da una famosa cascata, si percorre una pista ciclabile che attraversa un magnifico scenario alpino. Le Alpi Salisburghesi sono una presenza costante in questa tappa. Nella valle di Gastein la vista si apre infine sulle cime e sui ghiacciai degli Alti Tauri.</desc>
        <trkseg>
            <trkpt lat="47.420985" lon="13.219315">
                <ele>542.4486</ele>
            </trkpt>
            <trkpt lat="47.420486" lon="13.218896">
                <ele>545.34147</ele>
            </trkpt>
            <trkpt lat="47.417791" lon="13.218607">
                <ele>551.42694</ele>
            </trkpt>
            <trkpt lat="47.416064" lon="13.218472">
                <ele>551.42694</ele>
            </trkpt>
            <trkpt lat="47.41581" lon="13.218341">
                <ele>551.48335</ele>
            </trkpt>
            <trkpt lat="47.4155" lon="13.218082">
                <ele>551.48335</ele>
            </trkpt>
            <trkpt lat="47.415107" lon="13.217949">
                <ele>550.72844</ele>
            </trkpt>
            <trkpt lat="47.414913" lon="13.219069">
                <ele>548.01784</ele>
            </trkpt>
            <trkpt lat="47.414452" lon="13.218876">
                <ele>546.9115</ele>
            </trkpt>
            <trkpt lat="47.41392" lon="13.21878">
                <ele>545.38106</ele>
            </trkpt>
            <trkpt lat="47.413582" lon="13.21878">
                <ele>544.1</ele>
            </trkpt>
            <trkpt lat="47.41341" lon="13.21878">
                <ele>543.2</ele>
            </trkpt>
            <trkpt lat="47.41326" lon="13.21878">
                <ele>543.0</ele>
            </trkpt>
            <trkpt lat="47.41324" lon="13.21895">
                <ele>543.0</ele>
            </trkpt>
            <trkpt lat="47.41327" lon="13.21903">
                <ele>542.9</ele>
            </trkpt>
            <trkpt lat="47.41355" lon="13.21927">
                <ele>543.4</ele>
            </trkpt>
            <trkpt lat="47.41374" lon="13.21944">
                <ele>543.4</ele>
            </trkpt>
            <trkpt lat="47.41386" lon="13.21971">
                <ele>542.4</ele>
            </trkpt>
            <trkpt lat="47.41395" lon="13.21989">
                <ele>542.0</ele>
            </trkpt>
            <trkpt lat="47.414" lon="13.22001">
                <ele>541.6</ele>
            </trkpt>
            <trkpt lat="47.41405" lon="13.2201">
                <ele>541.5</ele>
            </trkpt>
            <trkpt lat="47.41431" lon="13.2202">
                <ele>541.8</ele>
            </trkpt>
            <trkpt lat="47.41461" lon="13.22021">
                <ele>542.6</ele>
            </trkpt>
            <trkpt lat="47.41464" lon="13.22026">
                <ele>542.5</ele>
            </trkpt>
            <trkpt lat="47.41465" lon="13.22034">
                <ele>542.3</ele>
            </trkpt>
            <trkpt lat="47.41465" lon="13.22047">
                <ele>542.0</ele>
            </trkpt>
            <trkpt lat="47.41462" lon="13.22112">
                <ele>542.0</ele>
            </trkpt>
            <trkpt lat="47.41462" lon="13.22126">
                <ele>542.2</ele>
            </trkpt>
            <trkpt lat="47.41464" lon="13.22132">
                <ele>542.2</ele>
            </trkpt>
            <trkpt lat="47.41437" lon="13.22128">
                <ele>542.2</ele>
            </trkpt>
            <trkpt lat="47.4141" lon="13.22124">
                <ele>542.1</ele>
            </trkpt>
            <trkpt lat="47.413862" lon="13.221225">
                <ele>542.0</ele>
            </trkpt>
            <trkpt lat="47.41347" lon="13.2212">
                <ele>542.2</ele>
            </trkpt>
            <trkpt lat="47.41312" lon="13.22121">
                <ele>543.2</ele>
            </trkpt>
            <trkpt lat="47.41277" lon="13.22122">
                <ele>543.9</ele>
            </trkpt>
            <trkpt lat="47.41264" lon="13.22126">
                <ele>544.4</ele>
            </trkpt>
            <trkpt lat="47.41236" lon="13.22142">
                <ele>546.2</ele>
            </trkpt>
            <trkpt lat="47.4122" lon="13.22146">
                <ele>546.7</ele>
            </trkpt>
            <trkpt lat="47.41195" lon="13.22143">
                <ele>546.1</ele>
            </trkpt>
            <trkpt lat="47.41174" lon="13.22139">
                <ele>545.5</ele>
            </trkpt>
            <trkpt lat="47.41156" lon="13.22131">
                <ele>544.4</ele>
            </trkpt>
            <trkpt lat="47.4114" lon="13.22123">
                <ele>543.5</ele>
            </trkpt>
            <trkpt lat="47.41123" lon="13.22111">
                <ele>542.4</ele>
            </trkpt>
            <trkpt lat="47.41097" lon="13.22086">
                <ele>541.1</ele>
            </trkpt>
            <trkpt lat="47.41078" lon="13.22069">
                <ele>540.7</ele>
            </trkpt>
            <trkpt lat="47.410425" lon="13.22032">
                <ele>540.4</ele>
            </trkpt>
            <trkpt lat="47.41007" lon="13.21995">
                <ele>539.7</ele>
            </trkpt>
            <trkpt lat="47.40991" lon="13.21983">
                <ele>540.0</ele>
            </trkpt>
            <trkpt lat="47.409872" lon="13.219808">
                <ele>540.0</ele>
            </trkpt>
            <trkpt lat="47.40967" lon="13.21969">
                <ele>540.3</ele>
            </trkpt>
            <trkpt lat="47.4093" lon="13.21956">
                <ele>540.3</ele>
            </trkpt>
            <trkpt lat="47.40906" lon="13.21955">
                <ele>540.4</ele>
            </trkpt>
            <trkpt lat="47.40872" lon="13.2196">
                <ele>540.0</ele>
            </trkpt>
            <trkpt lat="47.40846" lon="13.2197">
                <ele>539.1</ele>
            </trkpt>
            <trkpt lat="47.40834" lon="13.21977">
                <ele>538.9</ele>
            </trkpt>
            <trkpt lat="47.40808" lon="13.21999">
                <ele>538.8</ele>
            </trkpt>
            <trkpt lat="47.40782" lon="13.22021">
                <ele>539.4</ele>
            </trkpt>
            <trkpt lat="47.40757" lon="13.22044">
                <ele>540.2</ele>
            </trkpt>
            <trkpt lat="47.40729" lon="13.22078">
                <ele>542.6</ele>
            </trkpt>
            <trkpt lat="47.407105" lon="13.220982">
                <ele>544.8</ele>
            </trkpt>
            <trkpt lat="47.406919" lon="13.221183">
                <ele>546.2</ele>
            </trkpt>
            <trkpt lat="47.406856" lon="13.221187">
                <ele>546.6</ele>
            </trkpt>
            <trkpt lat="47.40679" lon="13.221191">
                <ele>547.0</ele>
            </trkpt>
            <trkpt lat="47.406716" lon="13.221252">
                <ele>547.3</ele>
            </trkpt>
            <trkpt lat="47.406522" lon="13.221528">
                <ele>547.9</ele>
            </trkpt>
            <trkpt lat="47.406347" lon="13.221731">
                <ele>549.1</ele>
            </trkpt>
            <trkpt lat="47.406003" lon="13.222053">
                <ele>552.3</ele>
            </trkpt>
            <trkpt lat="47.405659" lon="13.222375">
                <ele>551.4</ele>
            </trkpt>
            <trkpt lat="47.405455" lon="13.22254">
                <ele>550.7</ele>
            </trkpt>
            <trkpt lat="47.405251" lon="13.222706">
                <ele>549.6</ele>
            </trkpt>
            <trkpt lat="47.405106" lon="13.222824">
                <ele>549.1</ele>
            </trkpt>
            <trkpt lat="47.405058" lon="13.222906">
                <ele>549.3</ele>
            </trkpt>
            <trkpt lat="47.40498" lon="13.223302">
                <ele>551.5</ele>
            </trkpt>
            <trkpt lat="47.404936" lon="13.223369">
                <ele>552.1</ele>
            </trkpt>
            <trkpt lat="47.404873" lon="13.223437">
                <ele>552.8</ele>
            </trkpt>
            <trkpt lat="47.404552" lon="13.22351">
                <ele>554.6</ele>
            </trkpt>
            <trkpt lat="47.404231" lon="13.223583">
                <ele>556.6</ele>
            </trkpt>
            <trkpt lat="47.404118" lon="13.223645">
                <ele>557.0</ele>
            </trkpt>
            <trkpt lat="47.403876" lon="13.223996">
                <ele>558.2</ele>
            </trkpt>
            <trkpt lat="47.403716" lon="13.224191">
                <ele>557.0</ele>
            </trkpt>
            <trkpt lat="47.403646" lon="13.224471">
                <ele>557.1</ele>
            </trkpt>
            <trkpt lat="47.403593" lon="13.224604">
                <ele>556.5</ele>
            </trkpt>
            <trkpt lat="47.403487" lon="13.224753">
                <ele>555.1</ele>
            </trkpt>
            <trkpt lat="47.403268" lon="13.225001">
                <ele>553.7</ele>
            </trkpt>
            <trkpt lat="47.402999" lon="13.225229">
                <ele>555.0</ele>
            </trkpt>
            <trkpt lat="47.402801" lon="13.225265">
                <ele>555.1</ele>
            </trkpt>
            <trkpt lat="47.402566" lon="13.225444">
                <ele>556.3</ele>
            </trkpt>
            <trkpt lat="47.402331" lon="13.225624">
                <ele>557.2</ele>
            </trkpt>
            <trkpt lat="47.402" lon="13.225806">
                <ele>557.0</ele>
            </trkpt>
            <trkpt lat="47.401668" lon="13.225989">
                <ele>556.8</ele>
            </trkpt>
            <trkpt lat="47.401278" lon="13.226086">
                <ele>554.6</ele>
            </trkpt>
            <trkpt lat="47.400889" lon="13.226183">
                <ele>552.6</ele>
            </trkpt>
            <trkpt lat="47.400544" lon="13.226238">
                <ele>551.9</ele>
            </trkpt>
            <trkpt lat="47.4002" lon="13.226293">
                <ele>552.5</ele>
            </trkpt>
            <trkpt lat="47.399856" lon="13.226349">
                <ele>551.8</ele>
            </trkpt>
            <trkpt lat="47.399518" lon="13.226358">
                <ele>549.8</ele>
            </trkpt>
            <trkpt lat="47.399179" lon="13.226367">
                <ele>548.3</ele>
            </trkpt>
            <trkpt lat="47.398841" lon="13.226376">
                <ele>549.2</ele>
            </trkpt>
            <trkpt lat="47.398683" lon="13.226388">
                <ele>549.8</ele>
            </trkpt>
            <trkpt lat="47.398546" lon="13.226488">
                <ele>550.2</ele>
            </trkpt>
            <trkpt lat="47.398442" lon="13.226498">
                <ele>550.5</ele>
            </trkpt>
            <trkpt lat="47.398134" lon="13.226443">
                <ele>551.3</ele>
            </trkpt>
            <trkpt lat="47.397945" lon="13.226427">
                <ele>552.2</ele>
            </trkpt>
            <trkpt lat="47.397753" lon="13.22647">
                <ele>553.3</ele>
            </trkpt>
            <trkpt lat="47.397437" lon="13.226397">
                <ele>553.8</ele>
            </trkpt>
            <trkpt lat="47.397122" lon="13.226324">
                <ele>553.6</ele>
            </trkpt>
            <trkpt lat="47.396714" lon="13.226206">
                <ele>553.4</ele>
            </trkpt>
            <trkpt lat="47.39647" lon="13.226178">
                <ele>554.3</ele>
            </trkpt>
            <trkpt lat="47.396356" lon="13.226116">
                <ele>554.1</ele>
            </trkpt>
            <trkpt lat="47.396215" lon="13.226019">
                <ele>553.2</ele>
            </trkpt>
            <trkpt lat="47.395946" lon="13.225911">
                <ele>553.1</ele>
            </trkpt>
            <trkpt lat="47.395846" lon="13.22582">
                <ele>553.1</ele>
            </trkpt>
            <trkpt lat="47.3958" lon="13.225762">
                <ele>553.0</ele>
            </trkpt>
            <trkpt lat="47.395659" lon="13.225585">
                <ele>552.9</ele>
            </trkpt>
            <trkpt lat="47.39538" lon="13.22535">
                <ele>552.2</ele>
            </trkpt>
            <trkpt lat="47.395102" lon="13.225115">
                <ele>550.9</ele>
            </trkpt>
            <trkpt lat="47.394954" lon="13.224872">
                <ele>550.2</ele>
            </trkpt>
            <trkpt lat="47.394933" lon="13.224832">
                <ele>550.1</ele>
            </trkpt>
            <trkpt lat="47.394758" lon="13.224501">
                <ele>550.0</ele>
            </trkpt>
            <trkpt lat="47.394582" lon="13.22417">
                <ele>548.6</ele>
            </trkpt>
            <trkpt lat="47.394404" lon="13.223823">
                <ele>547.9</ele>
            </trkpt>
            <trkpt lat="47.394189" lon="13.223402">
                <ele>549.2</ele>
            </trkpt>
            <trkpt lat="47.394142" lon="13.223287">
                <ele>549.1</ele>
            </trkpt>
            <trkpt lat="47.394104" lon="13.223041">
                <ele>548.8</ele>
            </trkpt>
            <trkpt lat="47.394077" lon="13.222903">
                <ele>548.6</ele>
            </trkpt>
            <trkpt lat="47.394116" lon="13.222559">
                <ele>547.8</ele>
            </trkpt>
            <trkpt lat="47.394265" lon="13.22197">
                <ele>546.6</ele>
            </trkpt>
            <trkpt lat="47.394283" lon="13.221532">
                <ele>545.9</ele>
            </trkpt>
            <trkpt lat="47.39428" lon="13.221299">
                <ele>545.4</ele>
            </trkpt>
            <trkpt lat="47.394264" lon="13.221226">
                <ele>545.2</ele>
            </trkpt>
            <trkpt lat="47.394085" lon="13.220853">
                <ele>545.1</ele>
            </trkpt>
            <trkpt lat="47.394029" lon="13.22076">
                <ele>545.5</ele>
            </trkpt>
            <trkpt lat="47.393998" lon="13.220666">
                <ele>545.9</ele>
            </trkpt>
            <trkpt lat="47.393925" lon="13.220151">
                <ele>548.1</ele>
            </trkpt>
            <trkpt lat="47.393909" lon="13.220078">
                <ele>548.3</ele>
            </trkpt>
            <trkpt lat="47.393894" lon="13.220035">
                <ele>548.5</ele>
            </trkpt>
            <trkpt lat="47.393718" lon="13.219881">
                <ele>548.9</ele>
            </trkpt>
            <trkpt lat="47.393402" lon="13.219643">
                <ele>548.1</ele>
            </trkpt>
            <trkpt lat="47.393024" lon="13.219468">
                <ele>547.2</ele>
            </trkpt>
            <trkpt lat="47.3928" lon="13.2193">
                <ele>547.3</ele>
            </trkpt>
            <trkpt lat="47.39263" lon="13.21918">
                <ele>547.5</ele>
            </trkpt>
            <trkpt lat="47.39228" lon="13.21894">
                <ele>547.8</ele>
            </trkpt>
            <trkpt lat="47.39193" lon="13.2187">
                <ele>548.0</ele>
            </trkpt>
            <trkpt lat="47.39161" lon="13.21857">
                <ele>548.0</ele>
            </trkpt>
            <trkpt lat="47.39129" lon="13.21848">
                <ele>547.9</ele>
            </trkpt>
            <trkpt lat="47.39113" lon="13.21838">
                <ele>547.9</ele>
            </trkpt>
            <trkpt lat="47.390915" lon="13.218235">
                <ele>547.6</ele>
            </trkpt>
            <trkpt lat="47.3907" lon="13.21809">
                <ele>547.5</ele>
            </trkpt>
            <trkpt lat="47.39046" lon="13.2179">
                <ele>547.9</ele>
            </trkpt>
            <trkpt lat="47.39013" lon="13.21754">
                <ele>549.7</ele>
            </trkpt>
            <trkpt lat="47.38982" lon="13.2172">
                <ele>551.1</ele>
            </trkpt>
            <trkpt lat="47.38971" lon="13.2171">
                <ele>551.3</ele>
            </trkpt>
            <trkpt lat="47.389586" lon="13.217042">
                <ele>551.1</ele>
            </trkpt>
            <trkpt lat="47.38956" lon="13.21703">
                <ele>551.1</ele>
            </trkpt>
            <trkpt lat="47.38938" lon="13.21693">
                <ele>550.4</ele>
            </trkpt>
            <trkpt lat="47.38924" lon="13.21681">
                <ele>549.3</ele>
            </trkpt>
            <trkpt lat="47.38904" lon="13.21658">
                <ele>547.6</ele>
            </trkpt>
            <trkpt lat="47.38884" lon="13.21635">
                <ele>547.1</ele>
            </trkpt>
            <trkpt lat="47.388515" lon="13.215965">
                <ele>548.1</ele>
            </trkpt>
            <trkpt lat="47.38819" lon="13.21558">
                <ele>550.2</ele>
            </trkpt>
            <trkpt lat="47.3879" lon="13.21524">
                <ele>549.3</ele>
            </trkpt>
            <trkpt lat="47.38767" lon="13.21495">
                <ele>548.7</ele>
            </trkpt>
            <trkpt lat="47.387403" lon="13.214574">
                <ele>548.2</ele>
            </trkpt>
            <trkpt lat="47.3874" lon="13.21457">
                <ele>548.2</ele>
            </trkpt>
            <trkpt lat="47.38721" lon="13.21428">
                <ele>548.9</ele>
            </trkpt>
            <trkpt lat="47.38706" lon="13.21408">
                <ele>549.4</ele>
            </trkpt>
            <trkpt lat="47.38702" lon="13.21412">
                <ele>549.6</ele>
            </trkpt>
            <trkpt lat="47.38695" lon="13.21399">
                <ele>549.7</ele>
            </trkpt>
            <trkpt lat="47.38672" lon="13.213745">
                <ele>550.0</ele>
            </trkpt>
            <trkpt lat="47.38649" lon="13.2135">
                <ele>549.5</ele>
            </trkpt>
            <trkpt lat="47.38648" lon="13.21345">
                <ele>549.1</ele>
            </trkpt>
            <trkpt lat="47.38649" lon="13.2134">
                <ele>548.7</ele>
            </trkpt>
            <trkpt lat="47.38653" lon="13.21321">
                <ele>547.3</ele>
            </trkpt>
            <trkpt lat="47.38653" lon="13.21315">
                <ele>546.9</ele>
            </trkpt>
            <trkpt lat="47.38629" lon="13.21288">
                <ele>547.4</ele>
            </trkpt>
            <trkpt lat="47.38628" lon="13.21277">
                <ele>548.2</ele>
            </trkpt>
            <trkpt lat="47.38625" lon="13.21266">
                <ele>549.4</ele>
            </trkpt>
            <trkpt lat="47.38612" lon="13.21251">
                <ele>551.5</ele>
            </trkpt>
            <trkpt lat="47.38595" lon="13.21236">
                <ele>553.0</ele>
            </trkpt>
            <trkpt lat="47.385655" lon="13.212165">
                <ele>553.1</ele>
            </trkpt>
            <trkpt lat="47.38536" lon="13.21197">
                <ele>551.7</ele>
            </trkpt>
            <trkpt lat="47.38524" lon="13.21193">
                <ele>550.8</ele>
            </trkpt>
            <trkpt lat="47.38492" lon="13.21185">
                <ele>548.1</ele>
            </trkpt>
            <trkpt lat="47.38461" lon="13.21184">
                <ele>547.9</ele>
            </trkpt>
            <trkpt lat="47.38443" lon="13.21185">
                <ele>548.7</ele>
            </trkpt>
            <trkpt lat="47.38428" lon="13.21197">
                <ele>548.9</ele>
            </trkpt>
            <trkpt lat="47.38412" lon="13.21203">
                <ele>548.7</ele>
            </trkpt>
            <trkpt lat="47.3839" lon="13.21203">
                <ele>548.0</ele>
            </trkpt>
            <trkpt lat="47.38366" lon="13.21209">
                <ele>546.8</ele>
            </trkpt>
            <trkpt lat="47.383445" lon="13.21221">
                <ele>545.8</ele>
            </trkpt>
            <trkpt lat="47.38323" lon="13.21233">
                <ele>545.5</ele>
            </trkpt>
            <trkpt lat="47.38298" lon="13.212505">
                <ele>545.9</ele>
            </trkpt>
            <trkpt lat="47.38273" lon="13.21268">
                <ele>546.3</ele>
            </trkpt>
            <trkpt lat="47.382455" lon="13.212945">
                <ele>546.3</ele>
            </trkpt>
            <trkpt lat="47.38218" lon="13.21321">
                <ele>547.3</ele>
            </trkpt>
            <trkpt lat="47.38204" lon="13.21336">
                <ele>548.3</ele>
            </trkpt>
            <trkpt lat="47.381703" lon="13.21363">
                <ele>549.6</ele>
            </trkpt>
            <trkpt lat="47.381365" lon="13.2139">
                <ele>548.8</ele>
            </trkpt>
            <trkpt lat="47.381028" lon="13.21417">
                <ele>548.6</ele>
            </trkpt>
            <trkpt lat="47.38069" lon="13.21444">
                <ele>548.0</ele>
            </trkpt>
            <trkpt lat="47.3805" lon="13.21469">
                <ele>548.6</ele>
            </trkpt>
            <trkpt lat="47.38034" lon="13.21486">
                <ele>549.2</ele>
            </trkpt>
            <trkpt lat="47.37996" lon="13.21511">
                <ele>550.5</ele>
            </trkpt>
            <trkpt lat="47.37971" lon="13.21522">
                <ele>551.5</ele>
            </trkpt>
            <trkpt lat="47.3796" lon="13.21524">
                <ele>552.1</ele>
            </trkpt>
            <trkpt lat="47.37924" lon="13.21513">
                <ele>553.3</ele>
            </trkpt>
            <trkpt lat="47.37896" lon="13.21512">
                <ele>553.3</ele>
            </trkpt>
            <trkpt lat="47.37865" lon="13.21508">
                <ele>553.6</ele>
            </trkpt>
            <trkpt lat="47.37852" lon="13.21504">
                <ele>553.9</ele>
            </trkpt>
            <trkpt lat="47.37812" lon="13.21483">
                <ele>555.3</ele>
            </trkpt>
            <trkpt lat="47.37782" lon="13.21455">
                <ele>555.7</ele>
            </trkpt>
            <trkpt lat="47.377545" lon="13.214235">
                <ele>554.2</ele>
            </trkpt>
            <trkpt lat="47.37727" lon="13.21392">
                <ele>553.6</ele>
            </trkpt>
            <trkpt lat="47.37716" lon="13.21382">
                <ele>554.1</ele>
            </trkpt>
            <trkpt lat="47.37708" lon="13.21369">
                <ele>554.1</ele>
            </trkpt>
            <trkpt lat="47.37701" lon="13.21354">
                <ele>554.0</ele>
            </trkpt>
            <trkpt lat="47.37686" lon="13.21307">
                <ele>552.3</ele>
            </trkpt>
            <trkpt lat="47.37679" lon="13.21288">
                <ele>551.3</ele>
            </trkpt>
            <trkpt lat="47.376695" lon="13.212535">
                <ele>549.1</ele>
            </trkpt>
            <trkpt lat="47.3766" lon="13.21219">
                <ele>547.3</ele>
            </trkpt>
            <trkpt lat="47.37643" lon="13.21172">
                <ele>546.5</ele>
            </trkpt>
            <trkpt lat="47.37614" lon="13.21126">
                <ele>547.4</ele>
            </trkpt>
            <trkpt lat="47.37608" lon="13.21124">
                <ele>547.8</ele>
            </trkpt>
            <trkpt lat="47.37607" lon="13.21117">
                <ele>547.7</ele>
            </trkpt>
            <trkpt lat="47.37602" lon="13.21104">
                <ele>547.7</ele>
            </trkpt>
            <trkpt lat="47.37594" lon="13.21094">
                <ele>548.3</ele>
            </trkpt>
            <trkpt lat="47.37573" lon="13.21076">
                <ele>549.9</ele>
            </trkpt>
            <trkpt lat="47.37555" lon="13.21067">
                <ele>551.1</ele>
            </trkpt>
            <trkpt lat="47.37533" lon="13.21065">
                <ele>552.2</ele>
            </trkpt>
            <trkpt lat="47.37517" lon="13.21075">
                <ele>553.2</ele>
            </trkpt>
            <trkpt lat="47.37499" lon="13.2108">
                <ele>554.2</ele>
            </trkpt>
            <trkpt lat="47.37471" lon="13.21077">
                <ele>555.3</ele>
            </trkpt>
            <trkpt lat="47.37455" lon="13.2107">
                <ele>555.8</ele>
            </trkpt>
            <trkpt lat="47.37439" lon="13.21056">
                <ele>556.7</ele>
            </trkpt>
            <trkpt lat="47.37401" lon="13.2105">
                <ele>558.4</ele>
            </trkpt>
            <trkpt lat="47.373625" lon="13.210495">
                <ele>557.2</ele>
            </trkpt>
            <trkpt lat="47.37324" lon="13.21049">
                <ele>557.0</ele>
            </trkpt>
            <trkpt lat="47.37292" lon="13.21039">
                <ele>557.6</ele>
            </trkpt>
            <trkpt lat="47.3726" lon="13.21029">
                <ele>558.0</ele>
            </trkpt>
            <trkpt lat="47.3722" lon="13.21019">
                <ele>557.9</ele>
            </trkpt>
            <trkpt lat="47.371965" lon="13.21018">
                <ele>557.6</ele>
            </trkpt>
            <trkpt lat="47.37173" lon="13.21017">
                <ele>557.1</ele>
            </trkpt>
            <trkpt lat="47.371495" lon="13.210195">
                <ele>556.5</ele>
            </trkpt>
            <trkpt lat="47.37126" lon="13.21022">
                <ele>555.8</ele>
            </trkpt>
            <trkpt lat="47.37082" lon="13.21033">
                <ele>555.1</ele>
            </trkpt>
            <trkpt lat="47.37038" lon="13.21044">
                <ele>556.4</ele>
            </trkpt>
            <trkpt lat="47.37009" lon="13.21046">
                <ele>557.7</ele>
            </trkpt>
            <trkpt lat="47.3698" lon="13.21048">
                <ele>558.6</ele>
            </trkpt>
            <trkpt lat="47.36964" lon="13.21059">
                <ele>559.0</ele>
            </trkpt>
            <trkpt lat="47.36958" lon="13.21061">
                <ele>559.1</ele>
            </trkpt>
            <trkpt lat="47.36953" lon="13.2106">
                <ele>559.2</ele>
            </trkpt>
            <trkpt lat="47.36936" lon="13.21051">
                <ele>559.3</ele>
            </trkpt>
            <trkpt lat="47.3693" lon="13.21046">
                <ele>559.2</ele>
            </trkpt>
            <trkpt lat="47.36923" lon="13.21043">
                <ele>559.2</ele>
            </trkpt>
            <trkpt lat="47.3689" lon="13.2104">
                <ele>558.7</ele>
            </trkpt>
            <trkpt lat="47.36857" lon="13.21037">
                <ele>557.8</ele>
            </trkpt>
            <trkpt lat="47.36834" lon="13.21031">
                <ele>557.2</ele>
            </trkpt>
            <trkpt lat="47.36819" lon="13.21021">
                <ele>557.1</ele>
            </trkpt>
            <trkpt lat="47.3679" lon="13.20996">
                <ele>557.7</ele>
            </trkpt>
            <trkpt lat="47.36766" lon="13.20963">
                <ele>557.3</ele>
            </trkpt>
            <trkpt lat="47.36757" lon="13.20953">
                <ele>557.2</ele>
            </trkpt>
            <trkpt lat="47.36726" lon="13.20925">
                <ele>556.9</ele>
            </trkpt>
            <trkpt lat="47.36689" lon="13.20895">
                <ele>555.5</ele>
            </trkpt>
            <trkpt lat="47.366545" lon="13.20875">
                <ele>555.0</ele>
            </trkpt>
            <trkpt lat="47.3662" lon="13.20855">
                <ele>555.2</ele>
            </trkpt>
            <trkpt lat="47.365975" lon="13.208465">
                <ele>555.4</ele>
            </trkpt>
            <trkpt lat="47.36575" lon="13.20838">
                <ele>555.7</ele>
            </trkpt>
            <trkpt lat="47.365495" lon="13.208325">
                <ele>556.0</ele>
            </trkpt>
            <trkpt lat="47.36524" lon="13.20827">
                <ele>556.3</ele>
            </trkpt>
            <trkpt lat="47.365005" lon="13.20825">
                <ele>556.4</ele>
            </trkpt>
            <trkpt lat="47.36477" lon="13.20823">
                <ele>556.3</ele>
            </trkpt>
            <trkpt lat="47.36448" lon="13.20823">
                <ele>556.3</ele>
            </trkpt>
            <trkpt lat="47.364157" lon="13.208267">
                <ele>556.3</ele>
            </trkpt>
            <trkpt lat="47.363833" lon="13.208303">
                <ele>556.2</ele>
            </trkpt>
            <trkpt lat="47.36351" lon="13.20834">
                <ele>556.2</ele>
            </trkpt>
            <trkpt lat="47.36328" lon="13.20835">
                <ele>556.0</ele>
            </trkpt>
            <trkpt lat="47.36305" lon="13.20836">
                <ele>555.4</ele>
            </trkpt>
            <trkpt lat="47.362775" lon="13.208335">
                <ele>554.7</ele>
            </trkpt>
            <trkpt lat="47.3625" lon="13.20831">
                <ele>554.1</ele>
            </trkpt>
            <trkpt lat="47.3624" lon="13.2083">
                <ele>554.2</ele>
            </trkpt>
            <trkpt lat="47.362105" lon="13.20829">
                <ele>555.6</ele>
            </trkpt>
            <trkpt lat="47.36181" lon="13.20828">
                <ele>556.5</ele>
            </trkpt>
            <trkpt lat="47.36152" lon="13.208245">
                <ele>557.1</ele>
            </trkpt>
            <trkpt lat="47.36123" lon="13.20821">
                <ele>557.7</ele>
            </trkpt>
            <trkpt lat="47.361005" lon="13.208135">
                <ele>557.7</ele>
            </trkpt>
            <trkpt lat="47.36078" lon="13.20806">
                <ele>557.3</ele>
            </trkpt>
            <trkpt lat="47.360565" lon="13.20792">
                <ele>556.7</ele>
            </trkpt>
            <trkpt lat="47.36035" lon="13.20778">
                <ele>555.9</ele>
            </trkpt>
            <trkpt lat="47.36005" lon="13.20748">
                <ele>555.4</ele>
            </trkpt>
            <trkpt lat="47.35982" lon="13.20715">
                <ele>557.3</ele>
            </trkpt>
            <trkpt lat="47.35959" lon="13.20682">
                <ele>558.8</ele>
            </trkpt>
            <trkpt lat="47.35949" lon="13.20657">
                <ele>558.5</ele>
            </trkpt>
            <trkpt lat="47.359225" lon="13.206185">
                <ele>558.8</ele>
            </trkpt>
            <trkpt lat="47.35896" lon="13.2058">
                <ele>559.8</ele>
            </trkpt>
            <trkpt lat="47.35882" lon="13.20553">
                <ele>560.1</ele>
            </trkpt>
            <trkpt lat="47.35868" lon="13.20526">
                <ele>559.9</ele>
            </trkpt>
            <trkpt lat="47.35846" lon="13.20496">
                <ele>559.2</ele>
            </trkpt>
            <trkpt lat="47.35833" lon="13.20483">
                <ele>559.0</ele>
            </trkpt>
            <trkpt lat="47.35819" lon="13.20458">
                <ele>558.9</ele>
            </trkpt>
            <trkpt lat="47.35801" lon="13.20433">
                <ele>559.0</ele>
            </trkpt>
            <trkpt lat="47.357785" lon="13.204105">
                <ele>559.0</ele>
            </trkpt>
            <trkpt lat="47.35756" lon="13.20388">
                <ele>559.1</ele>
            </trkpt>
            <trkpt lat="47.35732" lon="13.203645">
                <ele>559.3</ele>
            </trkpt>
            <trkpt lat="47.35708" lon="13.20341">
                <ele>559.4</ele>
            </trkpt>
            <trkpt lat="47.356875" lon="13.203245">
                <ele>559.8</ele>
            </trkpt>
            <trkpt lat="47.35667" lon="13.20308">
                <ele>560.0</ele>
            </trkpt>
            <trkpt lat="47.356415" lon="13.202935">
                <ele>559.9</ele>
            </trkpt>
            <trkpt lat="47.35616" lon="13.20279">
                <ele>559.7</ele>
            </trkpt>
            <trkpt lat="47.35596" lon="13.20272">
                <ele>559.3</ele>
            </trkpt>
            <trkpt lat="47.3558" lon="13.20262">
                <ele>559.4</ele>
            </trkpt>
            <trkpt lat="47.355525" lon="13.202535">
                <ele>560.8</ele>
            </trkpt>
            <trkpt lat="47.35525" lon="13.20245">
                <ele>561.5</ele>
            </trkpt>
            <trkpt lat="47.35512" lon="13.20244">
                <ele>561.7</ele>
            </trkpt>
            <trkpt lat="47.35469" lon="13.20226">
                <ele>561.3</ele>
            </trkpt>
            <trkpt lat="47.354435" lon="13.202135">
                <ele>560.5</ele>
            </trkpt>
            <trkpt lat="47.35418" lon="13.20201">
                <ele>560.1</ele>
            </trkpt>
            <trkpt lat="47.35403" lon="13.20189">
                <ele>560.5</ele>
            </trkpt>
            <trkpt lat="47.35384" lon="13.20179">
                <ele>561.4</ele>
            </trkpt>
            <trkpt lat="47.35361" lon="13.20161">
                <ele>562.2</ele>
            </trkpt>
            <trkpt lat="47.35338" lon="13.20143">
                <ele>562.5</ele>
            </trkpt>
            <trkpt lat="47.353055" lon="13.201115">
                <ele>561.3</ele>
            </trkpt>
            <trkpt lat="47.35273" lon="13.2008">
                <ele>559.6</ele>
            </trkpt>
            <trkpt lat="47.35251" lon="13.200515">
                <ele>559.3</ele>
            </trkpt>
            <trkpt lat="47.35229" lon="13.20023">
                <ele>559.0</ele>
            </trkpt>
            <trkpt lat="47.35202" lon="13.1999">
                <ele>559.6</ele>
            </trkpt>
            <trkpt lat="47.35182" lon="13.19961">
                <ele>560.6</ele>
            </trkpt>
            <trkpt lat="47.35162" lon="13.19932">
                <ele>561.4</ele>
            </trkpt>
            <trkpt lat="47.351337" lon="13.19891">
                <ele>561.4</ele>
            </trkpt>
            <trkpt lat="47.351053" lon="13.1985">
                <ele>561.4</ele>
            </trkpt>
            <trkpt lat="47.35077" lon="13.19809">
                <ele>561.9</ele>
            </trkpt>
            <trkpt lat="47.35055" lon="13.19781">
                <ele>562.2</ele>
            </trkpt>
            <trkpt lat="47.35033" lon="13.19753">
                <ele>562.1</ele>
            </trkpt>
            <trkpt lat="47.35004" lon="13.19729">
                <ele>561.5</ele>
            </trkpt>
            <trkpt lat="47.34971" lon="13.19707">
                <ele>561.6</ele>
            </trkpt>
            <trkpt lat="47.34937" lon="13.19686">
                <ele>562.3</ele>
            </trkpt>
            <trkpt lat="47.34907" lon="13.196705">
                <ele>562.7</ele>
            </trkpt>
            <trkpt lat="47.34877" lon="13.19655">
                <ele>563.3</ele>
            </trkpt>
            <trkpt lat="47.348395" lon="13.196425">
                <ele>563.7</ele>
            </trkpt>
            <trkpt lat="47.34802" lon="13.1963">
                <ele>563.2</ele>
            </trkpt>
            <trkpt lat="47.347685" lon="13.19622">
                <ele>562.5</ele>
            </trkpt>
            <trkpt lat="47.34735" lon="13.19614">
                <ele>562.5</ele>
            </trkpt>
            <trkpt lat="47.3472" lon="13.19611">
                <ele>562.8</ele>
            </trkpt>
            <trkpt lat="47.34711" lon="13.19613">
                <ele>563.2</ele>
            </trkpt>
            <trkpt lat="47.34703" lon="13.19626">
                <ele>563.7</ele>
            </trkpt>
            <trkpt lat="47.34688" lon="13.19668">
                <ele>565.5</ele>
            </trkpt>
            <trkpt lat="47.34676" lon="13.19708">
                <ele>567.1</ele>
            </trkpt>
            <trkpt lat="47.34661" lon="13.19702">
                <ele>567.1</ele>
            </trkpt>
            <trkpt lat="47.34633" lon="13.19691">
                <ele>567.3</ele>
            </trkpt>
            <trkpt lat="47.34625" lon="13.19698">
                <ele>567.8</ele>
            </trkpt>
            <trkpt lat="47.3461" lon="13.19705">
                <ele>568.7</ele>
            </trkpt>
            <trkpt lat="47.34594" lon="13.19716">
                <ele>570.1</ele>
            </trkpt>
            <trkpt lat="47.34584" lon="13.19726">
                <ele>571.0</ele>
            </trkpt>
            <trkpt lat="47.34578" lon="13.19701">
                <ele>569.3</ele>
            </trkpt>
            <trkpt lat="47.34576" lon="13.19679">
                <ele>567.8</ele>
            </trkpt>
            <trkpt lat="47.34573" lon="13.19667">
                <ele>567.1</ele>
            </trkpt>
            <trkpt lat="47.34559" lon="13.19655">
                <ele>566.1</ele>
            </trkpt>
            <trkpt lat="47.34544" lon="13.19642">
                <ele>565.2</ele>
            </trkpt>
            <trkpt lat="47.34528" lon="13.19627">
                <ele>564.2</ele>
            </trkpt>
            <trkpt lat="47.345142" lon="13.196114">
                <ele>563.2</ele>
            </trkpt>
            <trkpt lat="47.34503" lon="13.19615">
                <ele>563.1</ele>
            </trkpt>
            <trkpt lat="47.3448" lon="13.19614">
                <ele>563.1</ele>
            </trkpt>
            <trkpt lat="47.34446" lon="13.19607">
                <ele>563.9</ele>
            </trkpt>
            <trkpt lat="47.344085" lon="13.195925">
                <ele>564.5</ele>
            </trkpt>
            <trkpt lat="47.34371" lon="13.19578">
                <ele>564.5</ele>
            </trkpt>
            <trkpt lat="47.343365" lon="13.19551">
                <ele>563.6</ele>
            </trkpt>
            <trkpt lat="47.34302" lon="13.19524">
                <ele>562.7</ele>
            </trkpt>
            <trkpt lat="47.34291" lon="13.19519">
                <ele>562.5</ele>
            </trkpt>
            <trkpt lat="47.3427" lon="13.19506">
                <ele>561.7</ele>
            </trkpt>
            <trkpt lat="47.342373" lon="13.194807">
                <ele>560.8</ele>
            </trkpt>
            <trkpt lat="47.342045" lon="13.194555">
                <ele>560.6</ele>
            </trkpt>
            <trkpt lat="47.341718" lon="13.194302">
                <ele>561.1</ele>
            </trkpt>
            <trkpt lat="47.34139" lon="13.19405">
                <ele>561.9</ele>
            </trkpt>
            <trkpt lat="47.34124" lon="13.19396">
                <ele>561.8</ele>
            </trkpt>
            <trkpt lat="47.34087" lon="13.19381">
                <ele>561.3</ele>
            </trkpt>
            <trkpt lat="47.34065" lon="13.19377">
                <ele>560.8</ele>
            </trkpt>
            <trkpt lat="47.34039" lon="13.19391">
                <ele>560.2</ele>
            </trkpt>
            <trkpt lat="47.34019" lon="13.19409">
                <ele>559.4</ele>
            </trkpt>
            <trkpt lat="47.33999" lon="13.19427">
                <ele>559.9</ele>
            </trkpt>
            <trkpt lat="47.33995" lon="13.1943">
                <ele>560.2</ele>
            </trkpt>
            <trkpt lat="47.33986" lon="13.19444">
                <ele>561.1</ele>
            </trkpt>
            <trkpt lat="47.33977" lon="13.19471">
                <ele>561.8</ele>
            </trkpt>
            <trkpt lat="47.33972" lon="13.1953">
                <ele>561.9</ele>
            </trkpt>
            <trkpt lat="47.33966" lon="13.19582">
                <ele>561.5</ele>
            </trkpt>
            <trkpt lat="47.3396" lon="13.19634">
                <ele>562.5</ele>
            </trkpt>
            <trkpt lat="47.33953" lon="13.19667">
                <ele>563.4</ele>
            </trkpt>
            <trkpt lat="47.33946" lon="13.197">
                <ele>564.1</ele>
            </trkpt>
            <trkpt lat="47.33937" lon="13.19703">
                <ele>563.9</ele>
            </trkpt>
            <trkpt lat="47.33932" lon="13.19709">
                <ele>564.1</ele>
            </trkpt>
            <trkpt lat="47.33925" lon="13.19733">
                <ele>565.1</ele>
            </trkpt>
            <trkpt lat="47.33916" lon="13.19754">
                <ele>566.0</ele>
            </trkpt>
            <trkpt lat="47.33904" lon="13.19784">
                <ele>567.6</ele>
            </trkpt>
            <trkpt lat="47.33887" lon="13.19808">
                <ele>569.2</ele>
            </trkpt>
            <trkpt lat="47.33883" lon="13.1981">
                <ele>569.4</ele>
            </trkpt>
            <trkpt lat="47.33867" lon="13.19824">
                <ele>569.7</ele>
            </trkpt>
            <trkpt lat="47.33826" lon="13.19834">
                <ele>568.9</ele>
            </trkpt>
            <trkpt lat="47.33804" lon="13.19847">
                <ele>568.9</ele>
            </trkpt>
            <trkpt lat="47.33792" lon="13.19872">
                <ele>569.8</ele>
            </trkpt>
            <trkpt lat="47.3379" lon="13.19885">
                <ele>570.6</ele>
            </trkpt>
            <trkpt lat="47.33755" lon="13.198795">
                <ele>569.8</ele>
            </trkpt>
            <trkpt lat="47.3372" lon="13.19874">
                <ele>570.4</ele>
            </trkpt>
            <trkpt lat="47.33688" lon="13.19868">
                <ele>570.3</ele>
            </trkpt>
            <trkpt lat="47.33669" lon="13.1986">
                <ele>570.7</ele>
            </trkpt>
            <trkpt lat="47.33653" lon="13.19847">
                <ele>571.6</ele>
            </trkpt>
            <trkpt lat="47.33629" lon="13.19824">
                <ele>572.9</ele>
            </trkpt>
            <trkpt lat="47.33605" lon="13.19801">
                <ele>572.7</ele>
            </trkpt>
            <trkpt lat="47.335766" lon="13.197719">
                <ele>573.8</ele>
            </trkpt>
            <trkpt lat="47.33567" lon="13.19762">
                <ele>574.9</ele>
            </trkpt>
            <trkpt lat="47.335465" lon="13.197385">
                <ele>576.8</ele>
            </trkpt>
            <trkpt lat="47.33526" lon="13.19715">
                <ele>576.3</ele>
            </trkpt>
            <trkpt lat="47.33509" lon="13.19693">
                <ele>573.7</ele>
            </trkpt>
            <trkpt lat="47.33492" lon="13.19671">
                <ele>571.8</ele>
            </trkpt>
            <trkpt lat="47.33466" lon="13.19625">
                <ele>570.6</ele>
            </trkpt>
            <trkpt lat="47.33457" lon="13.19616">
                <ele>570.5</ele>
            </trkpt>
            <trkpt lat="47.33446" lon="13.196">
                <ele>570.0</ele>
            </trkpt>
            <trkpt lat="47.33428" lon="13.19565">
                <ele>568.9</ele>
            </trkpt>
            <trkpt lat="47.33414" lon="13.195265">
                <ele>567.9</ele>
            </trkpt>
            <trkpt lat="47.334" lon="13.19488">
                <ele>568.3</ele>
            </trkpt>
            <trkpt lat="47.33391" lon="13.19454">
                <ele>570.5</ele>
            </trkpt>
            <trkpt lat="47.33378" lon="13.19413">
                <ele>573.4</ele>
            </trkpt>
            <trkpt lat="47.33374" lon="13.19387">
                <ele>572.8</ele>
            </trkpt>
            <trkpt lat="47.33372" lon="13.19353">
                <ele>571.3</ele>
            </trkpt>
            <trkpt lat="47.33373" lon="13.19295">
                <ele>570.1</ele>
            </trkpt>
            <trkpt lat="47.33365" lon="13.19236">
                <ele>569.7</ele>
            </trkpt>
            <trkpt lat="47.33356" lon="13.19175">
                <ele>571.4</ele>
            </trkpt>
            <trkpt lat="47.3335" lon="13.19152">
                <ele>572.5</ele>
            </trkpt>
            <trkpt lat="47.33341" lon="13.19125">
                <ele>573.6</ele>
            </trkpt>
            <trkpt lat="47.33337" lon="13.1911">
                <ele>574.0</ele>
            </trkpt>
            <trkpt lat="47.33346" lon="13.19104">
                <ele>573.7</ele>
            </trkpt>
            <trkpt lat="47.3337" lon="13.190875">
                <ele>572.0</ele>
            </trkpt>
            <trkpt lat="47.33394" lon="13.19071">
                <ele>570.9</ele>
            </trkpt>
            <trkpt lat="47.33404" lon="13.19065">
                <ele>570.8</ele>
            </trkpt>
            <trkpt lat="47.33394" lon="13.19032">
                <ele>571.8</ele>
            </trkpt>
            <trkpt lat="47.33384" lon="13.19008">
                <ele>572.3</ele>
            </trkpt>
            <trkpt lat="47.33369" lon="13.18981">
                <ele>572.5</ele>
            </trkpt>
            <trkpt lat="47.333395" lon="13.18957">
                <ele>571.8</ele>
            </trkpt>
            <trkpt lat="47.3331" lon="13.18933">
                <ele>572.3</ele>
            </trkpt>
            <trkpt lat="47.332875" lon="13.189185">
                <ele>572.7</ele>
            </trkpt>
            <trkpt lat="47.33265" lon="13.18904">
                <ele>573.6</ele>
            </trkpt>
            <trkpt lat="47.33245" lon="13.18897">
                <ele>573.7</ele>
            </trkpt>
            <trkpt lat="47.33218" lon="13.18892">
                <ele>573.2</ele>
            </trkpt>
            <trkpt lat="47.33185" lon="13.188905">
                <ele>572.3</ele>
            </trkpt>
            <trkpt lat="47.33152" lon="13.18889">
                <ele>571.5</ele>
            </trkpt>
            <trkpt lat="47.33129" lon="13.188836">
                <ele>571.4</ele>
            </trkpt>
            <trkpt lat="47.33106" lon="13.188782">
                <ele>570.8</ele>
            </trkpt>
            <trkpt lat="47.33105" lon="13.18878">
                <ele>570.8</ele>
            </trkpt>
            <trkpt lat="47.33076" lon="13.18874">
                <ele>569.9</ele>
            </trkpt>
            <trkpt lat="47.33051" lon="13.18876">
                <ele>570.3</ele>
            </trkpt>
            <trkpt lat="47.33017" lon="13.18869">
                <ele>570.9</ele>
            </trkpt>
            <trkpt lat="47.32989" lon="13.18858">
                <ele>571.0</ele>
            </trkpt>
            <trkpt lat="47.32961" lon="13.18847">
                <ele>572.2</ele>
            </trkpt>
            <trkpt lat="47.3295" lon="13.18838">
                <ele>572.8</ele>
            </trkpt>
            <trkpt lat="47.32921" lon="13.1882">
                <ele>573.3</ele>
            </trkpt>
            <trkpt lat="47.32891" lon="13.18805">
                <ele>572.6</ele>
            </trkpt>
            <trkpt lat="47.32863" lon="13.18778">
                <ele>570.8</ele>
            </trkpt>
            <trkpt lat="47.32853" lon="13.1876">
                <ele>570.2</ele>
            </trkpt>
            <trkpt lat="47.32846" lon="13.1874">
                <ele>569.9</ele>
            </trkpt>
            <trkpt lat="47.32843" lon="13.18723">
                <ele>569.7</ele>
            </trkpt>
            <trkpt lat="47.32844" lon="13.18678">
                <ele>569.0</ele>
            </trkpt>
            <trkpt lat="47.32847" lon="13.18638">
                <ele>568.1</ele>
            </trkpt>
            <trkpt lat="47.328555" lon="13.185995">
                <ele>566.6</ele>
            </trkpt>
            <trkpt lat="47.32864" lon="13.18561">
                <ele>567.9</ele>
            </trkpt>
            <trkpt lat="47.32868" lon="13.18531">
                <ele>570.2</ele>
            </trkpt>
            <trkpt lat="47.3287" lon="13.18503">
                <ele>572.0</ele>
            </trkpt>
            <trkpt lat="47.32869" lon="13.18486">
                <ele>572.7</ele>
            </trkpt>
            <trkpt lat="47.32858" lon="13.18442">
                <ele>573.7</ele>
            </trkpt>
            <trkpt lat="47.32845" lon="13.18404">
                <ele>573.0</ele>
            </trkpt>
            <trkpt lat="47.32836" lon="13.18372">
                <ele>571.7</ele>
            </trkpt>
            <trkpt lat="47.32827" lon="13.1834">
                <ele>570.7</ele>
            </trkpt>
            <trkpt lat="47.328205" lon="13.18298">
                <ele>571.3</ele>
            </trkpt>
            <trkpt lat="47.32814" lon="13.18256">
                <ele>572.4</ele>
            </trkpt>
            <trkpt lat="47.32807" lon="13.18224">
                <ele>573.1</ele>
            </trkpt>
            <trkpt lat="47.32798" lon="13.18199">
                <ele>573.3</ele>
            </trkpt>
            <trkpt lat="47.32789" lon="13.18188">
                <ele>572.9</ele>
            </trkpt>
            <trkpt lat="47.32774" lon="13.18176">
                <ele>571.3</ele>
            </trkpt>
            <trkpt lat="47.32752" lon="13.18169">
                <ele>569.3</ele>
            </trkpt>
            <trkpt lat="47.32722" lon="13.18166">
                <ele>571.2</ele>
            </trkpt>
            <trkpt lat="47.326832" lon="13.181766">
                <ele>575.1</ele>
            </trkpt>
            <trkpt lat="47.326444" lon="13.181872">
                <ele>576.2</ele>
            </trkpt>
            <trkpt lat="47.326056" lon="13.181978">
                <ele>575.7</ele>
            </trkpt>
            <trkpt lat="47.325668" lon="13.182084">
                <ele>575.9</ele>
            </trkpt>
            <trkpt lat="47.32528" lon="13.18219">
                <ele>575.9</ele>
            </trkpt>
            <trkpt lat="47.32506" lon="13.18223">
                <ele>575.8</ele>
            </trkpt>
            <trkpt lat="47.32472" lon="13.18221">
                <ele>575.0</ele>
            </trkpt>
            <trkpt lat="47.32434" lon="13.18215">
                <ele>573.3</ele>
            </trkpt>
            <trkpt lat="47.32396" lon="13.18209">
                <ele>574.0</ele>
            </trkpt>
            <trkpt lat="47.323675" lon="13.18206">
                <ele>574.3</ele>
            </trkpt>
            <trkpt lat="47.32339" lon="13.18203">
                <ele>574.2</ele>
            </trkpt>
            <trkpt lat="47.323299" lon="13.182005">
                <ele>574.5</ele>
            </trkpt>
            <trkpt lat="47.3231" lon="13.18195">
                <ele>575.7</ele>
            </trkpt>
            <trkpt lat="47.322895" lon="13.181785">
                <ele>577.3</ele>
            </trkpt>
            <trkpt lat="47.32269" lon="13.18162">
                <ele>579.0</ele>
            </trkpt>
            <trkpt lat="47.322576" lon="13.181503">
                <ele>580.1</ele>
            </trkpt>
            <trkpt lat="47.32228" lon="13.1812">
                <ele>580.3</ele>
            </trkpt>
            <trkpt lat="47.32205" lon="13.18088">
                <ele>579.2</ele>
            </trkpt>
            <trkpt lat="47.32182" lon="13.18056">
                <ele>578.5</ele>
            </trkpt>
            <trkpt lat="47.32159" lon="13.18024">
                <ele>578.7</ele>
            </trkpt>
            <trkpt lat="47.3215" lon="13.18007">
                <ele>578.3</ele>
            </trkpt>
            <trkpt lat="47.32136" lon="13.17976">
                <ele>576.4</ele>
            </trkpt>
            <trkpt lat="47.32117" lon="13.17925">
                <ele>574.5</ele>
            </trkpt>
            <trkpt lat="47.321113" lon="13.179013">
                <ele>573.5</ele>
            </trkpt>
            <trkpt lat="47.32109" lon="13.17872">
                <ele>572.5</ele>
            </trkpt>
            <trkpt lat="47.32111" lon="13.17837">
                <ele>572.3</ele>
            </trkpt>
            <trkpt lat="47.32118" lon="13.17783">
                <ele>573.1</ele>
            </trkpt>
            <trkpt lat="47.32133" lon="13.17722">
                <ele>575.1</ele>
            </trkpt>
            <trkpt lat="47.321413" lon="13.176743">
                <ele>574.7</ele>
            </trkpt>
            <trkpt lat="47.321497" lon="13.176267">
                <ele>575.6</ele>
            </trkpt>
            <trkpt lat="47.32158" lon="13.17579">
                <ele>577.4</ele>
            </trkpt>
            <trkpt lat="47.32162" lon="13.17544">
                <ele>578.7</ele>
            </trkpt>
            <trkpt lat="47.321683" lon="13.175003">
                <ele>579.4</ele>
            </trkpt>
            <trkpt lat="47.321747" lon="13.174567">
                <ele>579.8</ele>
            </trkpt>
            <trkpt lat="47.32181" lon="13.17413">
                <ele>579.8</ele>
            </trkpt>
            <trkpt lat="47.32192" lon="13.17381">
                <ele>581.4</ele>
            </trkpt>
            <trkpt lat="47.32199" lon="13.173365">
                <ele>584.3</ele>
            </trkpt>
            <trkpt lat="47.32206" lon="13.17292">
                <ele>585.8</ele>
            </trkpt>
            <trkpt lat="47.32207" lon="13.172575">
                <ele>586.9</ele>
            </trkpt>
            <trkpt lat="47.32208" lon="13.17223">
                <ele>587.5</ele>
            </trkpt>
            <trkpt lat="47.322095" lon="13.17183">
                <ele>588.0</ele>
            </trkpt>
            <trkpt lat="47.32211" lon="13.17143">
                <ele>588.3</ele>
            </trkpt>
            <trkpt lat="47.32211" lon="13.170925">
                <ele>588.3</ele>
            </trkpt>
            <trkpt lat="47.32211" lon="13.17042">
                <ele>586.7</ele>
            </trkpt>
            <trkpt lat="47.32211" lon="13.17012">
                <ele>585.8</ele>
            </trkpt>
            <trkpt lat="47.32213" lon="13.16979">
                <ele>587.7</ele>
            </trkpt>
            <trkpt lat="47.32221" lon="13.16952">
                <ele>588.3</ele>
            </trkpt>
            <trkpt lat="47.322345" lon="13.169155">
                <ele>585.4</ele>
            </trkpt>
            <trkpt lat="47.32248" lon="13.16879">
                <ele>582.4</ele>
            </trkpt>
            <trkpt lat="47.32263" lon="13.16838">
                <ele>581.1</ele>
            </trkpt>
            <trkpt lat="47.32281" lon="13.16784">
                <ele>581.5</ele>
            </trkpt>
            <trkpt lat="47.32291" lon="13.16752">
                <ele>582.0</ele>
            </trkpt>
            <trkpt lat="47.323025" lon="13.167005">
                <ele>583.7</ele>
            </trkpt>
            <trkpt lat="47.32314" lon="13.16649">
                <ele>583.2</ele>
            </trkpt>
            <trkpt lat="47.323238" lon="13.166186">
                <ele>582.6</ele>
            </trkpt>
            <trkpt lat="47.323336" lon="13.165882">
                <ele>582.4</ele>
            </trkpt>
            <trkpt lat="47.32339" lon="13.16575">
                <ele>582.5</ele>
            </trkpt>
            <trkpt lat="47.32342" lon="13.16574">
                <ele>582.7</ele>
            </trkpt>
            <trkpt lat="47.32347" lon="13.1658">
                <ele>583.3</ele>
            </trkpt>
            <trkpt lat="47.32352" lon="13.16591">
                <ele>584.0</ele>
            </trkpt>
            <trkpt lat="47.32355" lon="13.16603">
                <ele>584.6</ele>
            </trkpt>
            <trkpt lat="47.32359" lon="13.1661">
                <ele>585.4</ele>
            </trkpt>
            <trkpt lat="47.32366" lon="13.16609">
                <ele>587.0</ele>
            </trkpt>
            <trkpt lat="47.32375" lon="13.16604">
                <ele>589.3</ele>
            </trkpt>
            <trkpt lat="47.32377" lon="13.16603">
                <ele>589.9</ele>
            </trkpt>
            <trkpt lat="47.32382" lon="13.1658">
                <ele>591.3</ele>
            </trkpt>
            <trkpt lat="47.32382" lon="13.16551">
                <ele>591.3</ele>
            </trkpt>
            <trkpt lat="47.32378" lon="13.16516">
                <ele>590.2</ele>
            </trkpt>
            <trkpt lat="47.32378" lon="13.16497">
                <ele>590.3</ele>
            </trkpt>
            <trkpt lat="47.32384" lon="13.16476">
                <ele>592.5</ele>
            </trkpt>
            <trkpt lat="47.32388" lon="13.16414">
                <ele>594.3</ele>
            </trkpt>
            <trkpt lat="47.32388" lon="13.16356">
                <ele>592.0</ele>
            </trkpt>
            <trkpt lat="47.32383" lon="13.16307">
                <ele>590.8</ele>
            </trkpt>
            <trkpt lat="47.32378" lon="13.16278">
                <ele>589.9</ele>
            </trkpt>
            <trkpt lat="47.3237" lon="13.16249">
                <ele>589.2</ele>
            </trkpt>
            <trkpt lat="47.32348" lon="13.16231">
                <ele>586.6</ele>
            </trkpt>
            <trkpt lat="47.32331" lon="13.16217">
                <ele>585.1</ele>
            </trkpt>
            <trkpt lat="47.322985" lon="13.16214">
                <ele>584.0</ele>
            </trkpt>
            <trkpt lat="47.32266" lon="13.16211">
                <ele>584.3</ele>
            </trkpt>
            <trkpt lat="47.32255" lon="13.16208">
                <ele>584.4</ele>
            </trkpt>
            <trkpt lat="47.32237" lon="13.16199">
                <ele>584.5</ele>
            </trkpt>
            <trkpt lat="47.32222" lon="13.16195">
                <ele>584.1</ele>
            </trkpt>
            <trkpt lat="47.32208" lon="13.16196">
                <ele>583.4</ele>
            </trkpt>
            <trkpt lat="47.32194" lon="13.16192">
                <ele>582.7</ele>
            </trkpt>
            <trkpt lat="47.32178" lon="13.16182">
                <ele>582.2</ele>
            </trkpt>
            <trkpt lat="47.32143" lon="13.16166">
                <ele>581.8</ele>
            </trkpt>
            <trkpt lat="47.32125" lon="13.16162">
                <ele>581.4</ele>
            </trkpt>
            <trkpt lat="47.32111" lon="13.16161">
                <ele>581.2</ele>
            </trkpt>
            <trkpt lat="47.32101" lon="13.16155">
                <ele>581.0</ele>
            </trkpt>
            <trkpt lat="47.3207" lon="13.16139">
                <ele>581.5</ele>
            </trkpt>
            <trkpt lat="47.320663" lon="13.161366">
                <ele>581.6</ele>
            </trkpt>
            <trkpt lat="47.32032" lon="13.16114">
                <ele>582.8</ele>
            </trkpt>
            <trkpt lat="47.32009" lon="13.16068">
                <ele>584.0</ele>
            </trkpt>
            <trkpt lat="47.31994" lon="13.16016">
                <ele>585.2</ele>
            </trkpt>
            <trkpt lat="47.31982" lon="13.15969">
                <ele>585.7</ele>
            </trkpt>
            <trkpt lat="47.31982" lon="13.159674">
                <ele>585.7</ele>
            </trkpt>
            <trkpt lat="47.31987" lon="13.159643">
                <ele>585.95064</ele>
            </trkpt>
            <trkpt lat="47.319879" lon="13.157763">
                <ele>587.75517</ele>
            </trkpt>
            <trkpt lat="47.319951" lon="13.156929">
                <ele>587.75517</ele>
            </trkpt>
            <trkpt lat="47.319939" lon="13.15524">
                <ele>586.31239</ele>
            </trkpt>
            <trkpt lat="47.319906" lon="13.153459">
                <ele>586.31239</ele>
            </trkpt>
            <trkpt lat="47.320156" lon="13.153251">
                <ele>587.27818</ele>
            </trkpt>
            <trkpt lat="47.319918" lon="13.153359">
                <ele>586.57197</ele>
            </trkpt>
            <trkpt lat="47.320094" lon="13.153111">
                <ele>586.57197</ele>
            </trkpt>
            <trkpt lat="47.320001" lon="13.151836">
                <ele>586.47624</ele>
            </trkpt>
            <trkpt lat="47.320006" lon="13.151716">
                <ele>586.47624</ele>
            </trkpt>
            <trkpt lat="47.319414" lon="13.151836">
                <ele>587.83024</ele>
            </trkpt>
            <trkpt lat="47.31927" lon="13.151682">
                <ele>588.83156</ele>
            </trkpt>
            <trkpt lat="47.319249" lon="13.151315">
                <ele>589.86758</ele>
            </trkpt>
            <trkpt lat="47.319266" lon="13.150597">
                <ele>591.15309</ele>
            </trkpt>
            <trkpt lat="47.319012" lon="13.149612">
                <ele>591.0631</ele>
            </trkpt>
            <trkpt lat="47.318812" lon="13.149582">
                <ele>591.0631</ele>
            </trkpt>
            <trkpt lat="47.318339" lon="13.149882">
                <ele>592.81516</ele>
            </trkpt>
            <trkpt lat="47.318109" lon="13.149931">
                <ele>593.74084</ele>
            </trkpt>
            <trkpt lat="47.317959" lon="13.149304">
                <ele>596.53748</ele>
            </trkpt>
            <trkpt lat="47.317886" lon="13.149104">
                <ele>597.1175</ele>
            </trkpt>
            <trkpt lat="47.317759" lon="13.149067">
                <ele>598.68496</ele>
            </trkpt>
            <trkpt lat="47.31674" lon="13.149349">
                <ele>617.52305</ele>
            </trkpt>
            <trkpt lat="47.316618" lon="13.148786">
                <ele>624.088</ele>
            </trkpt>
            <trkpt lat="47.316503" lon="13.148614">
                <ele>627.46316</ele>
            </trkpt>
            <trkpt lat="47.316203" lon="13.14852">
                <ele>632.15292</ele>
            </trkpt>
            <trkpt lat="47.314976" lon="13.147888">
                <ele>648.4603</ele>
            </trkpt>
            <trkpt lat="47.314715" lon="13.146956">
                <ele>654.95593</ele>
            </trkpt>
            <trkpt lat="47.314634" lon="13.146735">
                <ele>657.26965</ele>
            </trkpt>
            <trkpt lat="47.314385" lon="13.146521">
                <ele>662.29195</ele>
            </trkpt>
            <trkpt lat="47.314064" lon="13.145885">
                <ele>669.90846</ele>
            </trkpt>
            <trkpt lat="47.313804" lon="13.14467">
                <ele>680.18245</ele>
            </trkpt>
            <trkpt lat="47.31351" lon="13.143612">
                <ele>680.18245</ele>
            </trkpt>
            <trkpt lat="47.313095" lon="13.142661">
                <ele>680.18245</ele>
            </trkpt>
            <trkpt lat="47.313052" lon="13.141665">
                <ele>680.18245</ele>
            </trkpt>
            <trkpt lat="47.312901" lon="13.141551">
                <ele>683.74621</ele>
            </trkpt>
            <trkpt lat="47.312076" lon="13.140427">
                <ele>693.28348</ele>
            </trkpt>
            <trkpt lat="47.312119" lon="13.139446">
                <ele>693.65244</ele>
            </trkpt>
            <trkpt lat="47.312075" lon="13.138109">
                <ele>701.93006</ele>
            </trkpt>
            <trkpt lat="47.311913" lon="13.137393">
                <ele>706.12133</ele>
            </trkpt>
            <trkpt lat="47.311579" lon="13.136633">
                <ele>707.91976</ele>
            </trkpt>
            <trkpt lat="47.311088" lon="13.135205">
                <ele>715.10692</ele>
            </trkpt>
            <trkpt lat="47.310959" lon="13.134325">
                <ele>715.10692</ele>
            </trkpt>
            <trkpt lat="47.310792" lon="13.133771">
                <ele>718.75142</ele>
            </trkpt>
            <trkpt lat="47.310569" lon="13.133533">
                <ele>720.93069</ele>
            </trkpt>
            <trkpt lat="47.310351" lon="13.133217">
                <ele>720.93069</ele>
            </trkpt>
            <trkpt lat="47.310161" lon="13.132786">
                <ele>717.92604</ele>
            </trkpt>
            <trkpt lat="47.30996" lon="13.132741">
                <ele>717.92604</ele>
            </trkpt>
            <trkpt lat="47.309821" lon="13.132993">
                <ele>720.84078</ele>
            </trkpt>
            <trkpt lat="47.309512" lon="13.133949">
                <ele>722.2588</ele>
            </trkpt>
            <trkpt lat="47.309483" lon="13.134269">
                <ele>723.88715</ele>
            </trkpt>
            <trkpt lat="47.308979" lon="13.135261">
                <ele>726.29815</ele>
            </trkpt>
            <trkpt lat="47.308846" lon="13.135927">
                <ele>733.79418</ele>
            </trkpt>
            <trkpt lat="47.308679" lon="13.136135">
                <ele>733.79418</ele>
            </trkpt>
            <trkpt lat="47.308537" lon="13.136201">
                <ele>731.33622</ele>
            </trkpt>
            <trkpt lat="47.308258" lon="13.136075">
                <ele>729.27629</ele>
            </trkpt>
            <trkpt lat="47.308002" lon="13.135789">
                <ele>729.27629</ele>
            </trkpt>
            <trkpt lat="47.30731" lon="13.134813">
                <ele>733.38642</ele>
            </trkpt>
            <trkpt lat="47.30763" lon="13.134158">
                <ele>733.38642</ele>
            </trkpt>
            <trkpt lat="47.307621" lon="13.133274">
                <ele>735.17648</ele>
            </trkpt>
            <trkpt lat="47.307523" lon="13.131907">
                <ele>733.66821</ele>
            </trkpt>
            <trkpt lat="47.307294" lon="13.13085">
                <ele>731.50537</ele>
            </trkpt>
            <trkpt lat="47.307247" lon="13.130235">
                <ele>731.03636</ele>
            </trkpt>
            <trkpt lat="47.307082" lon="13.129951">
                <ele>727.89651</ele>
            </trkpt>
            <trkpt lat="47.307026" lon="13.129467">
                <ele>727.89651</ele>
            </trkpt>
            <trkpt lat="47.306845" lon="13.128831">
                <ele>727.89651</ele>
            </trkpt>
            <trkpt lat="47.306716" lon="13.128511">
                <ele>728.04359</ele>
            </trkpt>
            <trkpt lat="47.306361" lon="13.127999">
                <ele>731.14789</ele>
            </trkpt>
            <trkpt lat="47.305878" lon="13.127714">
                <ele>734.6965</ele>
            </trkpt>
            <trkpt lat="47.305951" lon="13.127436">
                <ele>733.58329</ele>
            </trkpt>
            <trkpt lat="47.305915" lon="13.126829">
                <ele>731.29754</ele>
            </trkpt>
            <trkpt lat="47.305059" lon="13.125128">
                <ele>734.01419</ele>
            </trkpt>
            <trkpt lat="47.30458" lon="13.124289">
                <ele>730.46044</ele>
            </trkpt>
            <trkpt lat="47.304232" lon="13.12356">
                <ele>730.46044</ele>
            </trkpt>
            <trkpt lat="47.30404" lon="13.122901">
                <ele>730.46044</ele>
            </trkpt>
            <trkpt lat="47.304099" lon="13.121758">
                <ele>727.35562</ele>
            </trkpt>
            <trkpt lat="47.303539" lon="13.120751">
                <ele>738.18752</ele>
            </trkpt>
            <trkpt lat="47.303603" lon="13.119151">
                <ele>723.69109</ele>
            </trkpt>
            <trkpt lat="47.303289" lon="13.1178">
                <ele>697.87096</ele>
            </trkpt>
            <trkpt lat="47.303087" lon="13.116089">
                <ele>697.87096</ele>
            </trkpt>
            <trkpt lat="47.302776" lon="13.115141">
                <ele>701.70103</ele>
            </trkpt>
            <trkpt lat="47.302125" lon="13.112885">
                <ele>701.70103</ele>
            </trkpt>
            <trkpt lat="47.301882" lon="13.111687">
                <ele>701.49077</ele>
            </trkpt>
            <trkpt lat="47.301607" lon="13.110908">
                <ele>701.99851</ele>
            </trkpt>
            <trkpt lat="47.301464" lon="13.110545">
                <ele>705.16196</ele>
            </trkpt>
            <trkpt lat="47.301254" lon="13.109813">
                <ele>705.16196</ele>
            </trkpt>
            <trkpt lat="47.300159" lon="13.108739">
                <ele>724.33369</ele>
            </trkpt>
            <trkpt lat="47.300165" lon="13.108567">
                <ele>724.33369</ele>
            </trkpt>
            <trkpt lat="47.30036" lon="13.108469">
                <ele>720.94989</ele>
            </trkpt>
            <trkpt lat="47.300386" lon="13.10831">
                <ele>720.94989</ele>
            </trkpt>
            <trkpt lat="47.299797" lon="13.107878">
                <ele>731.97065</ele>
            </trkpt>
            <trkpt lat="47.29983" lon="13.107379">
                <ele>731.97065</ele>
            </trkpt>
            <trkpt lat="47.299636" lon="13.107085">
                <ele>735.23784</ele>
            </trkpt>
            <trkpt lat="47.299398" lon="13.106598">
                <ele>735.45716</ele>
            </trkpt>
            <trkpt lat="47.299124" lon="13.105504">
                <ele>735.45716</ele>
            </trkpt>
            <trkpt lat="47.29895" lon="13.105022">
                <ele>736.72978</ele>
            </trkpt>
            <trkpt lat="47.298972" lon="13.104414">
                <ele>736.60178</ele>
            </trkpt>
            <trkpt lat="47.298798" lon="13.103101">
                <ele>733.75597</ele>
            </trkpt>
            <trkpt lat="47.298686" lon="13.101831">
                <ele>733.75597</ele>
            </trkpt>
            <trkpt lat="47.298761" lon="13.101386">
                <ele>731.03867</ele>
            </trkpt>
            <trkpt lat="47.298671" lon="13.100784">
                <ele>729.61558</ele>
            </trkpt>
            <trkpt lat="47.298656" lon="13.099953">
                <ele>729.61558</ele>
            </trkpt>
            <trkpt lat="47.29854" lon="13.099251">
                <ele>733.73398</ele>
            </trkpt>
            <trkpt lat="47.298137" lon="13.098686">
                <ele>749.2729</ele>
            </trkpt>
            <trkpt lat="47.298288" lon="13.097397">
                <ele>749.2729</ele>
            </trkpt>
            <trkpt lat="47.29827" lon="13.096218">
                <ele>746.08331</ele>
            </trkpt>
            <trkpt lat="47.297942" lon="13.095369">
                <ele>746.08331</ele>
            </trkpt>
            <trkpt lat="47.297668" lon="13.094582">
                <ele>748.91954</ele>
            </trkpt>
            <trkpt lat="47.297605" lon="13.092645">
                <ele>735.78315</ele>
            </trkpt>
            <trkpt lat="47.297645" lon="13.091257">
                <ele>735.33458</ele>
            </trkpt>
            <trkpt lat="47.297489" lon="13.089999">
                <ele>735.33458</ele>
            </trkpt>
            <trkpt lat="47.297292" lon="13.08917">
                <ele>744.1504</ele>
            </trkpt>
            <trkpt lat="47.296847" lon="13.087537">
                <ele>760.67531</ele>
            </trkpt>
            <trkpt lat="47.296802" lon="13.08688">
                <ele>760.67531</ele>
            </trkpt>
            <trkpt lat="47.296855" lon="13.086289">
                <ele>753.71384</ele>
            </trkpt>
            <trkpt lat="47.296926" lon="13.086097">
                <ele>753.25061</ele>
            </trkpt>
            <trkpt lat="47.296801" lon="13.0854">
                <ele>754.95257</ele>
            </trkpt>
            <trkpt lat="47.296768" lon="13.085435">
                <ele>754.95257</ele>
            </trkpt>
            <trkpt lat="47.29702" lon="13.085031">
                <ele>739.20458</ele>
            </trkpt>
            <trkpt lat="47.297088" lon="13.084674">
                <ele>736.14338</ele>
            </trkpt>
            <trkpt lat="47.297002" lon="13.083784">
                <ele>725.9317</ele>
            </trkpt>
            <trkpt lat="47.297054" lon="13.083139">
                <ele>725.9317</ele>
            </trkpt>
            <trkpt lat="47.29697" lon="13.082823">
                <ele>727.75133</ele>
            </trkpt>
            <trkpt lat="47.296954" lon="13.081957">
                <ele>727.75133</ele>
            </trkpt>
            <trkpt lat="47.297023" lon="13.081228">
                <ele>723.82803</ele>
            </trkpt>
            <trkpt lat="47.297187" lon="13.080896">
                <ele>716.73524</ele>
            </trkpt>
            <trkpt lat="47.297301" lon="13.080703">
                <ele>713.87375</ele>
            </trkpt>
            <trkpt lat="47.297337" lon="13.079376">
                <ele>713.87375</ele>
            </trkpt>
            <trkpt lat="47.297034" lon="13.077939">
                <ele>726.91836</ele>
            </trkpt>
            <trkpt lat="47.296853" lon="13.076051">
                <ele>731.81099</ele>
            </trkpt>
            <trkpt lat="47.296563" lon="13.075344">
                <ele>736.28454</ele>
            </trkpt>
            <trkpt lat="47.296229" lon="13.07393">
                <ele>736.28454</ele>
            </trkpt>
            <trkpt lat="47.295968" lon="13.073326">
                <ele>743.43415</ele>
            </trkpt>
            <trkpt lat="47.295767" lon="13.072682">
                <ele>743.56668</ele>
            </trkpt>
            <trkpt lat="47.295424" lon="13.072262">
                <ele>747.70509</ele>
            </trkpt>
            <trkpt lat="47.295223" lon="13.071799">
                <ele>747.70509</ele>
            </trkpt>
            <trkpt lat="47.295257" lon="13.071273">
                <ele>746.81792</ele>
            </trkpt>
            <trkpt lat="47.295465" lon="13.0703">
                <ele>745.62146</ele>
            </trkpt>
            <trkpt lat="47.295359" lon="13.069661">
                <ele>748.06441</ele>
            </trkpt>
            <trkpt lat="47.295189" lon="13.069024">
                <ele>755.07223</ele>
            </trkpt>
            <trkpt lat="47.295254" lon="13.068608">
                <ele>755.07223</ele>
            </trkpt>
            <trkpt lat="47.295177" lon="13.068293">
                <ele>758.84826</ele>
            </trkpt>
            <trkpt lat="47.295107" lon="13.067854">
                <ele>758.84826</ele>
            </trkpt>
            <trkpt lat="47.295145" lon="13.067517">
                <ele>755.45729</ele>
            </trkpt>
            <trkpt lat="47.294988" lon="13.066869">
                <ele>755.45729</ele>
            </trkpt>
            <trkpt lat="47.294839" lon="13.065956">
                <ele>755.45729</ele>
            </trkpt>
            <trkpt lat="47.294932" lon="13.065306">
                <ele>755.45729</ele>
            </trkpt>
            <trkpt lat="47.294678" lon="13.064061">
                <ele>757.42566</ele>
            </trkpt>
            <trkpt lat="47.294772" lon="13.063487">
                <ele>756.29315</ele>
            </trkpt>
            <trkpt lat="47.294832" lon="13.063543">
                <ele>754.57107</ele>
            </trkpt>
            <trkpt lat="47.294866" lon="13.0633">
                <ele>752.68878</ele>
            </trkpt>
            <trkpt lat="47.294893" lon="13.062773">
                <ele>750.6922</ele>
            </trkpt>
            <trkpt lat="47.294811" lon="13.062078">
                <ele>750.6922</ele>
            </trkpt>
            <trkpt lat="47.29436" lon="13.060042">
                <ele>750.6922</ele>
            </trkpt>
            <trkpt lat="47.29431" lon="13.058493">
                <ele>720.83975</ele>
            </trkpt>
            <trkpt lat="47.294041" lon="13.057318">
                <ele>747.73476</ele>
            </trkpt>
            <trkpt lat="47.293794" lon="13.057023">
                <ele>757.07876</ele>
            </trkpt>
            <trkpt lat="47.293387" lon="13.057099">
                <ele>760.65719</ele>
            </trkpt>
            <trkpt lat="47.293416" lon="13.057126">
                <ele>760.65719</ele>
            </trkpt>
            <trkpt lat="47.292792" lon="13.057197">
                <ele>787.73338</ele>
            </trkpt>
            <trkpt lat="47.292283" lon="13.057391">
                <ele>796.12845</ele>
            </trkpt>
            <trkpt lat="47.292146" lon="13.057384">
                <ele>796.12845</ele>
            </trkpt>
            <trkpt lat="47.291512" lon="13.05813">
                <ele>774.53883</ele>
            </trkpt>
            <trkpt lat="47.291169" lon="13.058628">
                <ele>769.22359</ele>
            </trkpt>
            <trkpt lat="47.290811" lon="13.059199">
                <ele>769.22359</ele>
            </trkpt>
            <trkpt lat="47.29045" lon="13.059565">
                <ele>774.6744</ele>
            </trkpt>
            <trkpt lat="47.290107" lon="13.05986">
                <ele>784.18892</ele>
            </trkpt>
            <trkpt lat="47.29003" lon="13.060017">
                <ele>783.2</ele>
            </trkpt>
            <trkpt lat="47.287314" lon="13.062076">
                <ele>802.0</ele>
            </trkpt>
            <trkpt lat="47.280583" lon="13.07545">
                <ele>802.0</ele>
            </trkpt>
            <trkpt lat="47.280601" lon="13.075614">
                <ele>802.0</ele>
            </trkpt>
            <trkpt lat="47.279999" lon="13.076534">
                <ele>802.0</ele>
            </trkpt>
            <trkpt lat="47.279515" lon="13.076905">
                <ele>805.40749</ele>
            </trkpt>
            <trkpt lat="47.278886" lon="13.077078">
                <ele>806.71778</ele>
            </trkpt>
            <trkpt lat="47.277902" lon="13.07688">
                <ele>806.71778</ele>
            </trkpt>
            <trkpt lat="47.27732" lon="13.076587">
                <ele>807.31119</ele>
            </trkpt>
            <trkpt lat="47.276789" lon="13.076169">
                <ele>807.31119</ele>
            </trkpt>
            <trkpt lat="47.275953" lon="13.075958">
                <ele>807.31119</ele>
            </trkpt>
            <trkpt lat="47.275174" lon="13.07655">
                <ele>828.08394</ele>
            </trkpt>
            <trkpt lat="47.274901" lon="13.076819">
                <ele>828.08394</ele>
            </trkpt>
            <trkpt lat="47.274293" lon="13.077235">
                <ele>821.09707</ele>
            </trkpt>
            <trkpt lat="47.274203" lon="13.077259">
                <ele>821.09707</ele>
            </trkpt>
            <trkpt lat="47.272348" lon="13.078253">
                <ele>824.11285</ele>
            </trkpt>
            <trkpt lat="47.27153" lon="13.079091">
                <ele>826.42904</ele>
            </trkpt>
            <trkpt lat="47.270615" lon="13.079791">
                <ele>826.42904</ele>
            </trkpt>
            <trkpt lat="47.26945" lon="13.080599">
                <ele>826.42904</ele>
            </trkpt>
            <trkpt lat="47.268327" lon="13.080948">
                <ele>817.92842</ele>
            </trkpt>
            <trkpt lat="47.266826" lon="13.080888">
                <ele>816.3807</ele>
            </trkpt>
            <trkpt lat="47.265981" lon="13.081451">
                <ele>817.55902</ele>
            </trkpt>
            <trkpt lat="47.264936" lon="13.082363">
                <ele>817.55902</ele>
            </trkpt>
            <trkpt lat="47.263794" lon="13.083696">
                <ele>826.61779</ele>
            </trkpt>
            <trkpt lat="47.262659" lon="13.085486">
                <ele>842.73334</ele>
            </trkpt>
            <trkpt lat="47.261472" lon="13.087162">
                <ele>842.73334</ele>
            </trkpt>
            <trkpt lat="47.259287" lon="13.089597">
                <ele>826.88991</ele>
            </trkpt>
            <trkpt lat="47.258203" lon="13.091271">
                <ele>818.5233</ele>
            </trkpt>
            <trkpt lat="47.257369" lon="13.092479">
                <ele>818.5233</ele>
            </trkpt>
            <trkpt lat="47.256355" lon="13.093731">
                <ele>820.45686</ele>
            </trkpt>
            <trkpt lat="47.255565" lon="13.094444">
                <ele>816.4247</ele>
            </trkpt>
            <trkpt lat="47.255532" lon="13.094491">
                <ele>816.4247</ele>
            </trkpt>
            <trkpt lat="47.255403" lon="13.095627">
                <ele>823.81165</ele>
            </trkpt>
            <trkpt lat="47.255213" lon="13.096112">
                <ele>823.81165</ele>
            </trkpt>
            <trkpt lat="47.254539" lon="13.09657">
                <ele>823.27175</ele>
            </trkpt>
            <trkpt lat="47.253948" lon="13.096819">
                <ele>821.82211</ele>
            </trkpt>
            <trkpt lat="47.253397" lon="13.097865">
                <ele>824.59882</ele>
            </trkpt>
            <trkpt lat="47.252881" lon="13.099517">
                <ele>824.59882</ele>
            </trkpt>
            <trkpt lat="47.252642" lon="13.10023">
                <ele>824.59882</ele>
            </trkpt>
            <trkpt lat="47.252115" lon="13.100138">
                <ele>821.03923</ele>
            </trkpt>
            <trkpt lat="47.251225" lon="13.099539">
                <ele>816.7643</ele>
            </trkpt>
            <trkpt lat="47.25127" lon="13.099119">
                <ele>816.04614</ele>
            </trkpt>
            <trkpt lat="47.250501" lon="13.099527">
                <ele>816.04614</ele>
            </trkpt>
            <trkpt lat="47.24914" lon="13.100183">
                <ele>816.3868</ele>
            </trkpt>
            <trkpt lat="47.247442" lon="13.100776">
                <ele>820.49975</ele>
            </trkpt>
            <trkpt lat="47.245779" lon="13.101627">
                <ele>820.70726</ele>
            </trkpt>
            <trkpt lat="47.24522" lon="13.102064">
                <ele>822.33166</ele>
            </trkpt>
            <trkpt lat="47.244516" lon="13.102172">
                <ele>823.09986</ele>
            </trkpt>
            <trkpt lat="47.243278" lon="13.103127">
                <ele>825.70057</ele>
            </trkpt>
            <trkpt lat="47.243199" lon="13.103305">
                <ele>826.22605</ele>
            </trkpt>
            <trkpt lat="47.243278" lon="13.104621">
                <ele>829.84757</ele>
            </trkpt>
            <trkpt lat="47.242093" lon="13.10545">
                <ele>829.954</ele>
            </trkpt>
            <trkpt lat="47.240753" lon="13.106523">
                <ele>828.95416</ele>
            </trkpt>
            <trkpt lat="47.23937" lon="13.107665">
                <ele>828.30019</ele>
            </trkpt>
            <trkpt lat="47.237997" lon="13.108011">
                <ele>825.10235</ele>
            </trkpt>
            <trkpt lat="47.236154" lon="13.108572">
                <ele>825.10235</ele>
            </trkpt>
            <trkpt lat="47.235147" lon="13.108243">
                <ele>824.16543</ele>
            </trkpt>
            <trkpt lat="47.234389" lon="13.108092">
                <ele>821.6346</ele>
            </trkpt>
            <trkpt lat="47.233394" lon="13.108609">
                <ele>821.43894</ele>
            </trkpt>
            <trkpt lat="47.232507" lon="13.109704">
                <ele>828.01394</ele>
            </trkpt>
            <trkpt lat="47.231965" lon="13.109799">
                <ele>828.28196</ele>
            </trkpt>
            <trkpt lat="47.231224" lon="13.108762">
                <ele>826.54049</ele>
            </trkpt>
            <trkpt lat="47.230546" lon="13.108482">
                <ele>826.08259</ele>
            </trkpt>
            <trkpt lat="47.229698" lon="13.108779">
                <ele>824.31182</ele>
            </trkpt>
            <trkpt lat="47.229168" lon="13.109439">
                <ele>827.39947</ele>
            </trkpt>
            <trkpt lat="47.228488" lon="13.109773">
                <ele>829.9795</ele>
            </trkpt>
            <trkpt lat="47.227666" lon="13.109535">
                <ele>829.284</ele>
            </trkpt>
            <trkpt lat="47.226703" lon="13.109151">
                <ele>825.62098</ele>
            </trkpt>
            <trkpt lat="47.2258" lon="13.109335">
                <ele>825.44818</ele>
            </trkpt>
            <trkpt lat="47.223597" lon="13.110667">
                <ele>829.91208</ele>
            </trkpt>
            <trkpt lat="47.221713" lon="13.110924">
                <ele>829.43829</ele>
            </trkpt>
            <trkpt lat="47.221824" lon="13.110872">
                <ele>829.43829</ele>
            </trkpt>
            <trkpt lat="47.219699" lon="13.110852">
                <ele>840.60123</ele>
            </trkpt>
            <trkpt lat="47.218949" lon="13.110926">
                <ele>844.63719</ele>
            </trkpt>
            <trkpt lat="47.218084" lon="13.109998">
                <ele>843.38105</ele>
            </trkpt>
            <trkpt lat="47.215129" lon="13.110112">
                <ele>841.21889</ele>
            </trkpt>
            <trkpt lat="47.214786" lon="13.110343">
                <ele>840.95761</ele>
            </trkpt>
            <trkpt lat="47.213189" lon="13.110459">
                <ele>832.01424</ele>
            </trkpt>
            <trkpt lat="47.212756" lon="13.110571">
                <ele>829.44432</ele>
            </trkpt>
            <trkpt lat="47.212" lon="13.110238">
                <ele>828.14338</ele>
            </trkpt>
            <trkpt lat="47.211221" lon="13.110044">
                <ele>828.14338</ele>
            </trkpt>
            <trkpt lat="47.210379" lon="13.109882">
                <ele>828.14338</ele>
            </trkpt>
            <trkpt lat="47.20909" lon="13.109694">
                <ele>832.70555</ele>
            </trkpt>
            <trkpt lat="47.208979" lon="13.110475">
                <ele>830.82249</ele>
            </trkpt>
            <trkpt lat="47.208666" lon="13.110688">
                <ele>830.82249</ele>
            </trkpt>
            <trkpt lat="47.207553" lon="13.109604">
                <ele>832.55951</ele>
            </trkpt>
            <trkpt lat="47.206904" lon="13.108747">
                <ele>832.55951</ele>
            </trkpt>
            <trkpt lat="47.205693" lon="13.107328">
                <ele>829.94853</ele>
            </trkpt>
            <trkpt lat="47.20566" lon="13.107198">
                <ele>828.17907</ele>
            </trkpt>
            <trkpt lat="47.204923" lon="13.106724">
                <ele>826.08948</ele>
            </trkpt>
            <trkpt lat="47.202229" lon="13.105909">
                <ele>827.79246</ele>
            </trkpt>
            <trkpt lat="47.201314" lon="13.105751">
                <ele>830.24663</ele>
            </trkpt>
            <trkpt lat="47.199781" lon="13.105572">
                <ele>834.50354</ele>
            </trkpt>
            <trkpt lat="47.199749" lon="13.10559">
                <ele>834.55998</ele>
            </trkpt>
            <trkpt lat="47.199697" lon="13.105746">
                <ele>834.99593</ele>
            </trkpt>
            <trkpt lat="47.199537" lon="13.105787">
                <ele>834.99593</ele>
            </trkpt>
            <trkpt lat="47.199343" lon="13.105766">
                <ele>834.4834</ele>
            </trkpt>
            <trkpt lat="47.199101" lon="13.105794">
                <ele>834.20048</ele>
            </trkpt>
            <trkpt lat="47.198649" lon="13.105725">
                <ele>833.67406</ele>
            </trkpt>
            <trkpt lat="47.196451" lon="13.105606">
                <ele>836.73873</ele>
            </trkpt>
            <trkpt lat="47.195577" lon="13.104899">
                <ele>839.16885</ele>
            </trkpt>
            <trkpt lat="47.194791" lon="13.103566">
                <ele>839.16885</ele>
            </trkpt>
            <trkpt lat="47.194483" lon="13.103202">
                <ele>839.16885</ele>
            </trkpt>
            <trkpt lat="47.193944" lon="13.102717">
                <ele>837.88619</ele>
            </trkpt>
            <trkpt lat="47.192751" lon="13.102327">
                <ele>839.55462</ele>
            </trkpt>
            <trkpt lat="47.191384" lon="13.102028">
                <ele>838.65541</ele>
            </trkpt>
            <trkpt lat="47.190556" lon="13.101674">
                <ele>836.66285</ele>
            </trkpt>
            <trkpt lat="47.188359" lon="13.101224">
                <ele>840.79113</ele>
            </trkpt>
            <trkpt lat="47.186196" lon="13.10087">
                <ele>841.44236</ele>
            </trkpt>
            <trkpt lat="47.184466" lon="13.101028">
                <ele>841.44236</ele>
            </trkpt>
            <trkpt lat="47.183661" lon="13.101257">
                <ele>840.6932</ele>
            </trkpt>
            <trkpt lat="47.180241" lon="13.101964">
                <ele>837.54318</ele>
            </trkpt>
            <trkpt lat="47.180114" lon="13.102032">
                <ele>837.54318</ele>
            </trkpt>
            <trkpt lat="47.180145" lon="13.102125">
                <ele>837.89354</ele>
            </trkpt>
            <trkpt lat="47.179948" lon="13.102891">
                <ele>842.65577</ele>
            </trkpt>
            <trkpt lat="47.178469" lon="13.104084">
                <ele>846.21513</ele>
            </trkpt>
            <trkpt lat="47.177793" lon="13.104198">
                <ele>845.52803</ele>
            </trkpt>
            <trkpt lat="47.176523" lon="13.104058">
                <ele>843.45733</ele>
            </trkpt>
            <trkpt lat="47.175619" lon="13.104041">
                <ele>848.22005</ele>
            </trkpt>
            <trkpt lat="47.174309" lon="13.104386">
                <ele>850.08854</ele>
            </trkpt>
            <trkpt lat="47.173835" lon="13.104583">
                <ele>853.0347</ele>
            </trkpt>
            <trkpt lat="47.172789" lon="13.104623">
                <ele>854.67726</ele>
            </trkpt>
            <trkpt lat="47.172302" lon="13.104817">
                <ele>854.67726</ele>
            </trkpt>
            <trkpt lat="47.171884" lon="13.105414">
                <ele>859.20433</ele>
            </trkpt>
            <trkpt lat="47.17141" lon="13.106238">
                <ele>861.58175</ele>
            </trkpt>
            <trkpt lat="47.171096" lon="13.106873">
                <ele>862.09395</ele>
            </trkpt>
            <trkpt lat="47.170973" lon="13.107572">
                <ele>863.2048</ele>
            </trkpt>
            <trkpt lat="47.170511" lon="13.108037">
                <ele>862.38283</ele>
            </trkpt>
            <trkpt lat="47.169547" lon="13.10917">
                <ele>859.45146</ele>
            </trkpt>
            <trkpt lat="47.169276" lon="13.10943">
                <ele>856.80758</ele>
            </trkpt>
            <trkpt lat="47.168633" lon="13.110143">
                <ele>854.05058</ele>
            </trkpt>
            <trkpt lat="47.167402" lon="13.110718">
                <ele>848.20853</ele>
            </trkpt>
            <trkpt lat="47.165741" lon="13.110683">
                <ele>844.02259</ele>
            </trkpt>
            <trkpt lat="47.165114" lon="13.110361">
                <ele>841.53008</ele>
            </trkpt>
            <trkpt lat="47.165098" lon="13.110309">
                <ele>841.39868</ele>
            </trkpt>
            <trkpt lat="47.164189" lon="13.109538">
                <ele>840.86516</ele>
            </trkpt>
            <trkpt lat="47.162879" lon="13.108028">
                <ele>841.22444</ele>
            </trkpt>
            <trkpt lat="47.16215" lon="13.10743">
                <ele>841.15932</ele>
            </trkpt>
            <trkpt lat="47.161025" lon="13.107255">
                <ele>841.84815</ele>
            </trkpt>
            <trkpt lat="47.160149" lon="13.107022">
                <ele>843.06574</ele>
            </trkpt>
            <trkpt lat="47.159478" lon="13.107064">
                <ele>843.15296</ele>
            </trkpt>
            <trkpt lat="47.15813" lon="13.107331">
                <ele>841.64827</ele>
            </trkpt>
            <trkpt lat="47.158085" lon="13.107244">
                <ele>841.64827</ele>
            </trkpt>
            <trkpt lat="47.157638" lon="13.107985">
                <ele>843.37283</ele>
            </trkpt>
            <trkpt lat="47.157278" lon="13.108315">
                <ele>843.73129</ele>
            </trkpt>
            <trkpt lat="47.157154" lon="13.108225">
                <ele>843.63253</ele>
            </trkpt>
            <trkpt lat="47.156266" lon="13.109412">
                <ele>843.38822</ele>
            </trkpt>
            <trkpt lat="47.155504" lon="13.110296">
                <ele>843.8842</ele>
            </trkpt>
            <trkpt lat="47.154886" lon="13.110956">
                <ele>843.94507</ele>
            </trkpt>
            <trkpt lat="47.1535" lon="13.112039">
                <ele>843.9499</ele>
            </trkpt>
            <trkpt lat="47.152429" lon="13.112567">
                <ele>844.7133</ele>
            </trkpt>
            <trkpt lat="47.15154" lon="13.112883">
                <ele>845.02794</ele>
            </trkpt>
            <trkpt lat="47.151525" lon="13.11327">
                <ele>844.84779</ele>
            </trkpt>
            <trkpt lat="47.151258" lon="13.113983">
                <ele>844.00917</ele>
            </trkpt>
            <trkpt lat="47.151239" lon="13.114471">
                <ele>843.9955</ele>
            </trkpt>
            <trkpt lat="47.151253" lon="13.114536">
                <ele>843.9955</ele>
            </trkpt>
            <trkpt lat="47.150085" lon="13.115336">
                <ele>843.31034</ele>
            </trkpt>
            <trkpt lat="47.146471" lon="13.118894">
                <ele>842.90862</ele>
            </trkpt>
            <trkpt lat="47.1452" lon="13.120201">
                <ele>842.90862</ele>
            </trkpt>
            <trkpt lat="47.143403" lon="13.122121">
                <ele>846.92745</ele>
            </trkpt>
            <trkpt lat="47.142107" lon="13.123423">
                <ele>849.07885</ele>
            </trkpt>
            <trkpt lat="47.140938" lon="13.124489">
                <ele>848.63538</ele>
            </trkpt>
            <trkpt lat="47.139859" lon="13.125371">
                <ele>848.49397</ele>
            </trkpt>
            <trkpt lat="47.139067" lon="13.126504">
                <ele>848.49397</ele>
            </trkpt>
            <trkpt lat="47.138667" lon="13.127623">
                <ele>851.37858</ele>
            </trkpt>
            <trkpt lat="47.138024" lon="13.129128">
                <ele>850.73822</ele>
            </trkpt>
            <trkpt lat="47.136804" lon="13.130402">
                <ele>851.04093</ele>
            </trkpt>
            <trkpt lat="47.135219" lon="13.131744">
                <ele>854.93953</ele>
            </trkpt>
            <trkpt lat="47.133081" lon="13.132986">
                <ele>854.93953</ele>
            </trkpt>
            <trkpt lat="47.131277" lon="13.134597">
                <ele>855.11682</ele>
            </trkpt>
            <trkpt lat="47.130995" lon="13.134078">
                <ele>855.89383</ele>
            </trkpt>
            <trkpt lat="47.131037" lon="13.134069">
                <ele>855.91742</ele>
            </trkpt>
            <trkpt lat="47.130117" lon="13.135244">
                <ele>858.57596</ele>
            </trkpt>
            <trkpt lat="47.130244" lon="13.136367">
                <ele>861.52596</ele>
            </trkpt>
            <trkpt lat="47.128598" lon="13.138158">
                <ele>862.32377</ele>
            </trkpt>
            <trkpt lat="47.127622" lon="13.139638">
                <ele>866.00951</ele>
            </trkpt>
            <trkpt lat="47.127172" lon="13.141094">
                <ele>873.22027</ele>
            </trkpt>
            <trkpt lat="47.12645" lon="13.141541">
                <ele>875.85561</ele>
            </trkpt>
            <trkpt lat="47.126216" lon="13.142612">
                <ele>886.11018</ele>
            </trkpt>
            <trkpt lat="47.12611" lon="13.142782">
                <ele>890.42937</ele>
            </trkpt>
            <trkpt lat="47.125763" lon="13.142867">
                <ele>898.60331</ele>
            </trkpt>
            <trkpt lat="47.125433" lon="13.14274">
                <ele>899.30459</ele>
            </trkpt>
            <trkpt lat="47.125137" lon="13.142221">
                <ele>899.30459</ele>
            </trkpt>
            <trkpt lat="47.125022" lon="13.142063">
                <ele>899.30459</ele>
            </trkpt>
            <trkpt lat="47.123991" lon="13.141611">
                <ele>915.18391</ele>
            </trkpt>
            <trkpt lat="47.123474" lon="13.141302">
                <ele>916.53941</ele>
            </trkpt>
            <trkpt lat="47.121915" lon="13.140791">
                <ele>939.91653</ele>
            </trkpt>
            <trkpt lat="47.121593" lon="13.140149">
                <ele>939.91653</ele>
            </trkpt>
            <trkpt lat="47.12132" lon="13.139797">
                <ele>941.91986</ele>
            </trkpt>
            <trkpt lat="47.120804" lon="13.139409">
                <ele>947.60266</ele>
            </trkpt>
            <trkpt lat="47.12032" lon="13.138966">
                <ele>952.7401</ele>
            </trkpt>
            <trkpt lat="47.119554" lon="13.138917">
                <ele>972.04381</ele>
            </trkpt>
            <trkpt lat="47.118736" lon="13.138628">
                <ele>977.56852</ele>
            </trkpt>
            <trkpt lat="47.117935" lon="13.137669">
                <ele>977.56852</ele>
            </trkpt>
            <trkpt lat="47.117171" lon="13.137554">
                <ele>991.88635</ele>
            </trkpt>
            <trkpt lat="47.116763" lon="13.137396">
                <ele>991.88635</ele>
            </trkpt>
            <trkpt lat="47.116219" lon="13.136509">
                <ele>982.19321</ele>
            </trkpt>
            <trkpt lat="47.115826" lon="13.137263">
                <ele>1004.88092</ele>
            </trkpt>
            <trkpt lat="47.115171" lon="13.137859">
                <ele>1011.74854</ele>
            </trkpt>
            <trkpt lat="47.114727" lon="13.137918">
                <ele>1018.52884</ele>
            </trkpt>
            <trkpt lat="47.114412" lon="13.137641">
                <ele>1018.52884</ele>
            </trkpt>
            <trkpt lat="47.114334" lon="13.137037">
                <ele>1018.52884</ele>
            </trkpt>
            <trkpt lat="47.114314" lon="13.135824">
                <ele>1022.94802</ele>
            </trkpt>
            <trkpt lat="47.114518" lon="13.134893">
                <ele>1023.96999</ele>
            </trkpt>
            <trkpt lat="47.114667" lon="13.134059">
                <ele>1027.93101</ele>
            </trkpt>
            <trkpt lat="47.11513" lon="13.13399">
                <ele>1027.93101</ele>
            </trkpt>
            <trkpt lat="47.116585" lon="13.134821">
                <ele>1024.85531</ele>
            </trkpt>
            <trkpt lat="47.117925" lon="13.134774">
                <ele>1024.85531</ele>
            </trkpt>
            <trkpt lat="47.118561" lon="13.133994">
                <ele>1034.84827</ele>
            </trkpt>
            <trkpt lat="47.118218" lon="13.133888">
                <ele>1038.82587</ele>
            </trkpt>
            <trkpt lat="47.117419" lon="13.134299">
                <ele>1038.82587</ele>
            </trkpt>
            <trkpt lat="47.116833" lon="13.134416">
                <ele>1037.15537</ele>
            </trkpt>
            <trkpt lat="47.115944" lon="13.134087">
                <ele>1037.15537</ele>
            </trkpt>
            <trkpt lat="47.11554" lon="13.133586">
                <ele>1041.86224</ele>
            </trkpt>
            <trkpt lat="47.11528" lon="13.133369">
                <ele>1043.5434</ele>
            </trkpt>
            <trkpt lat="47.114902" lon="13.133146">
                <ele>1045.36337</ele>
            </trkpt>
            <trkpt lat="47.114389" lon="13.133164">
                <ele>1049.18956</ele>
            </trkpt>
            <trkpt lat="47.11197" lon="13.13612">
                <ele>1082.88511</ele>
            </trkpt>
            <trkpt lat="47.111327" lon="13.136282">
                <ele>1092.33779</ele>
            </trkpt>
            <trkpt lat="47.111097" lon="13.13657">
                <ele>1096.7</ele>
            </trkpt>
            <trkpt lat="47.109669" lon="13.133312">
                <ele>1083.0</ele>
            </trkpt>
        </trkseg>
    </trk>
</gpx>
