<?xml version="1.0" encoding="utf-8"?><gpx creator="Garmin Desktop App" version="1.1" xsi:schemaLocation="http://www.topografix.com/GPX/1/1 http://www.topografix.com/GPX/1/1/gpx.xsd http://www.garmin.com/xmlschemas/WaypointExtension/v1 http://www8.garmin.com/xmlschemas/WaypointExtensionv1.xsd http://www.garmin.com/xmlschemas/TrackPointExtension/v1 http://www.garmin.com/xmlschemas/TrackPointExtensionv1.xsd http://www.garmin.com/xmlschemas/GpxExtensions/v3 http://www8.garmin.com/xmlschemas/GpxExtensionsv3.xsd http://www.garmin.com/xmlschemas/ActivityExtension/v1 http://www8.garmin.com/xmlschemas/ActivityExtensionv1.xsd http://www.garmin.com/xmlschemas/AdventuresExtensions/v1 http://www8.garmin.com/xmlschemas/AdventuresExtensionv1.xsd http://www.garmin.com/xmlschemas/PressureExtension/v1 http://www.garmin.com/xmlschemas/PressureExtensionv1.xsd http://www.garmin.com/xmlschemas/TripExtensions/v1 http://www.garmin.com/xmlschemas/TripExtensionsv1.xsd http://www.garmin.com/xmlschemas/TripMetaDataExtensions/v1 http://www.garmin.com/xmlschemas/TripMetaDataExtensionsv1.xsd http://www.garmin.com/xmlschemas/ViaPointTransportationModeExtensions/v1 http://www.garmin.com/xmlschemas/ViaPointTransportationModeExtensionsv1.xsd http://www.garmin.com/xmlschemas/CreationTimeExtension/v1 http://www.garmin.com/xmlschemas/CreationTimeExtensionsv1.xsd http://www.garmin.com/xmlschemas/AccelerationExtension/v1 http://www.garmin.com/xmlschemas/AccelerationExtensionv1.xsd http://www.garmin.com/xmlschemas/PowerExtension/v1 http://www.garmin.com/xmlschemas/PowerExtensionv1.xsd http://www.garmin.com/xmlschemas/VideoExtension/v1 http://www.garmin.com/xmlschemas/VideoExtensionv1.xsd" xmlns="http://www.topografix.com/GPX/1/1" xmlns:xsi="http://www.w3.org/2001/XMLSchema-instance" xmlns:wptx1="http://www.garmin.com/xmlschemas/WaypointExtension/v1" xmlns:gpxtrx="http://www.garmin.com/xmlschemas/GpxExtensions/v3" xmlns:gpxtpx="http://www.garmin.com/xmlschemas/TrackPointExtension/v1" xmlns:gpxx="http://www.garmin.com/xmlschemas/GpxExtensions/v3" xmlns:trp="http://www.garmin.com/xmlschemas/TripExtensions/v1" xmlns:adv="http://www.garmin.com/xmlschemas/AdventuresExtensions/v1" xmlns:prs="http://www.garmin.com/xmlschemas/PressureExtension/v1" xmlns:tmd="http://www.garmin.com/xmlschemas/TripMetaDataExtensions/v1" xmlns:vptm="http://www.garmin.com/xmlschemas/ViaPointTransportationModeExtensions/v1" xmlns:ctx="http://www.garmin.com/xmlschemas/CreationTimeExtension/v1" xmlns:gpxacc="http://www.garmin.com/xmlschemas/AccelerationExtension/v1" xmlns:gpxpx="http://www.garmin.com/xmlschemas/PowerExtension/v1" xmlns:vidx1="http://www.garmin.com/xmlschemas/VideoExtension/v1">

  <metadata>
    <link href="http://www.garmin.com">
      <text>Garmin International</text>
    </link>
    <time>2024-07-17T14:58:53Z</time>
    <bounds maxlat="46.512529850006104" maxlon="13.581633567810059" minlat="46.333701610565186" minlon="13.133597373962402" />
  </metadata>

  <trk>
    <name>Tarvisio Venzone per OutdoorActive</name>
    <extensions>
      <gpxx:TrackExtension>
        <gpxx:DisplayColor>Yellow</gpxx:DisplayColor>
      </gpxx:TrackExtension>
    </extensions>
    <trkseg>
      <trkpt lat="46.504826545715332" lon="13.581633567810059">
        <ele>749.796875</ele>
      </trkpt>
      <trkpt lat="46.50486946105957" lon="13.581182956695557">
        <ele>747.12109375</ele>
      </trkpt>
      <trkpt lat="46.50486946105957" lon="13.580646514892578">
        <ele>744.1328125</ele>
      </trkpt>
      <trkpt lat="46.504848003387451" lon="13.580367565155029">
        <ele>743.0390625</ele>
      </trkpt>
      <trkpt lat="46.504826545715332" lon="13.580238819122314">
        <ele>742.41015625</ele>
      </trkpt>
      <trkpt lat="46.504816571250558" lon="13.58017897233367">
        <ele>742.125</ele>
      </trkpt>
      <trkpt lat="46.504805088043213" lon="13.5801100730896">
        <ele>741.80859375</ele>
      </trkpt>
      <trkpt lat="46.504740715026855" lon="13.579659461975098">
        <ele>741.38671875</ele>
      </trkpt>
      <trkpt lat="46.504676342010498" lon="13.579273223876953">
        <ele>741.078125</ele>
      </trkpt>
      <trkpt lat="46.504590511322021" lon="13.578801155090332">
        <ele>739.58203125</ele>
      </trkpt>
      <trkpt lat="46.504590511322021" lon="13.578157424926758">
        <ele>739.3671875</ele>
      </trkpt>
      <trkpt lat="46.504611968994141" lon="13.577771186828613">
        <ele>740.0390625</ele>
      </trkpt>
      <trkpt lat="46.50463342666626" lon="13.577642440795898">
        <ele>740.3984375</ele>
      </trkpt>
      <trkpt lat="46.504826545715332" lon="13.575539588928223">
        <ele>746.984375</ele>
      </trkpt>
      <trkpt lat="46.504890918731689" lon="13.574810028076172">
        <ele>748.17578125</ele>
      </trkpt>
      <trkpt lat="46.504912376403809" lon="13.574681282043457">
        <ele>748.37109375</ele>
      </trkpt>
      <trkpt lat="46.504912376403809" lon="13.5746169090271">
        <ele>748.390625</ele>
      </trkpt>
      <trkpt lat="46.504955291748047" lon="13.574252128601074">
        <ele>748.73828125</ele>
      </trkpt>
      <trkpt lat="46.505062580108643" lon="13.573737144470215">
        <ele>749.48046875</ele>
      </trkpt>
      <trkpt lat="46.505148410797119" lon="13.573458194732666">
        <ele>749.94140625</ele>
      </trkpt>
      <trkpt lat="46.505191326141357" lon="13.573307991027832">
        <ele>750.0859375</ele>
      </trkpt>
      <trkpt lat="46.505427360534668" lon="13.572814464569092">
        <ele>750.49609375</ele>
      </trkpt>
      <trkpt lat="46.505448818206787" lon="13.572771549224854">
        <ele>750.48828125</ele>
      </trkpt>
      <trkpt lat="46.505706310272217" lon="13.572428226470947">
        <ele>750.5859375</ele>
      </trkpt>
      <trkpt lat="46.506221294403076" lon="13.571827411651611">
        <ele>757.05859375</ele>
      </trkpt>
      <trkpt lat="46.506478786468506" lon="13.571441173553467">
        <ele>759.265625</ele>
      </trkpt>
      <trkpt lat="46.506671905517578" lon="13.571033477783203">
        <ele>759.3125</ele>
      </trkpt>
      <trkpt lat="46.50688648223877" lon="13.570325374603271">
        <ele>763.23046875</ele>
      </trkpt>
      <trkpt lat="46.507680416107178" lon="13.56687068939209">
        <ele>774.34765625</ele>
      </trkpt>
      <trkpt lat="46.507723331451416" lon="13.566634654998779">
        <ele>776.94140625</ele>
      </trkpt>
      <trkpt lat="46.507766246795654" lon="13.56611967086792">
        <ele>779.20703125</ele>
      </trkpt>
      <trkpt lat="46.507766246795654" lon="13.565089702606201">
        <ele>778.06640625</ele>
      </trkpt>
      <trkpt lat="46.507787704467773" lon="13.564596176147461">
        <ele>776.82421875</ele>
      </trkpt>
      <trkpt lat="46.507830619812012" lon="13.564338684082031">
        <ele>776.73828125</ele>
      </trkpt>
      <trkpt lat="46.50787353515625" lon="13.564102649688721">
        <ele>776.65625</ele>
      </trkpt>
      <trkpt lat="46.507937908172607" lon="13.563845157623291">
        <ele>776.76953125</ele>
      </trkpt>
      <trkpt lat="46.50813102722168" lon="13.563287258148193">
        <ele>776.46484375</ele>
      </trkpt>
      <trkpt lat="46.508409976959229" lon="13.562600612640381">
        <ele>777.296875</ele>
      </trkpt>
      <trkpt lat="46.508560180664062" lon="13.562107086181641">
        <ele>779.24609375</ele>
      </trkpt>
      <trkpt lat="46.509032249450684" lon="13.559789657592773">
        <ele>778.078125</ele>
      </trkpt>
      <trkpt lat="46.509075164794922" lon="13.559424877166748">
        <ele>776.6953125</ele>
      </trkpt>
      <trkpt lat="46.509096622467041" lon="13.559317588806152">
        <ele>776.26953125</ele>
      </trkpt>
      <trkpt lat="46.509225368499756" lon="13.558652400970459">
        <ele>777.78125</ele>
      </trkpt>
      <trkpt lat="46.509246826171875" lon="13.558180332183838">
        <ele>777.96484375</ele>
      </trkpt>
      <trkpt lat="46.509332656860352" lon="13.557364940643311">
        <ele>780.13671875</ele>
      </trkpt>
      <trkpt lat="46.509482860565186" lon="13.555347919464111">
        <ele>783.3125</ele>
      </trkpt>
      <trkpt lat="46.509525775909424" lon="13.555240631103516">
        <ele>783.875</ele>
      </trkpt>
      <trkpt lat="46.509568691253662" lon="13.555090427398682">
        <ele>784.390625</ele>
      </trkpt>
      <trkpt lat="46.509590148925781" lon="13.554854393005371">
        <ele>784.48828125</ele>
      </trkpt>
      <trkpt lat="46.509847640991211" lon="13.550927639007568">
        <ele>792.0703125</ele>
      </trkpt>
      <trkpt lat="46.509847640991211" lon="13.550691604614258">
        <ele>792.46875</ele>
      </trkpt>
      <trkpt lat="46.509933471679688" lon="13.549554347991943">
        <ele>795.08203125</ele>
      </trkpt>
      <trkpt lat="46.509954929351807" lon="13.549275398254395">
        <ele>795.828125</ele>
      </trkpt>
      <trkpt lat="46.509997844696045" lon="13.548717498779297">
        <ele>797.28125</ele>
      </trkpt>
      <trkpt lat="46.510019302368164" lon="13.548545837402344">
        <ele>797.81640625</ele>
      </trkpt>
      <trkpt lat="46.510040760040283" lon="13.548417091369629">
        <ele>798.26171875</ele>
      </trkpt>
      <trkpt lat="46.510233879089355" lon="13.547623157501221">
        <ele>801.46484375</ele>
      </trkpt>
      <trkpt lat="46.510298252105713" lon="13.547322750091553">
        <ele>803.00390625</ele>
      </trkpt>
      <trkpt lat="46.510469913482666" lon="13.546378612518311">
        <ele>807.140625</ele>
      </trkpt>
      <trkpt lat="46.510512828826904" lon="13.546164035797119">
        <ele>807.9140625</ele>
      </trkpt>
      <trkpt lat="46.510598659515381" lon="13.545498847961426">
        <ele>809.7421875</ele>
      </trkpt>
      <trkpt lat="46.510663032531738" lon="13.544361591339111">
        <ele>811.8828125</ele>
      </trkpt>
      <trkpt lat="46.510663032531738" lon="13.543438911437988">
        <ele>812.9921875</ele>
      </trkpt>
      <trkpt lat="46.510641574859619" lon="13.542966842651367">
        <ele>813.30078125</ele>
      </trkpt>
      <trkpt lat="46.5106201171875" lon="13.542816638946533">
        <ele>813.22265625</ele>
      </trkpt>
      <trkpt lat="46.509354114532471" lon="13.536100387573242">
        <ele>813.2421875</ele>
      </trkpt>
      <trkpt lat="46.509268283843994" lon="13.535692691802979">
        <ele>813.52734375</ele>
      </trkpt>
      <trkpt lat="46.509160995483398" lon="13.535327911376953">
        <ele>813.70703125</ele>
      </trkpt>
      <trkpt lat="46.509032249450684" lon="13.535006046295166">
        <ele>813.92578125</ele>
      </trkpt>
      <trkpt lat="46.50888204574585" lon="13.534684181213379">
        <ele>813.984375</ele>
      </trkpt>
      <trkpt lat="46.508839130401611" lon="13.534619808197021">
        <ele>813.953125</ele>
      </trkpt>
      <trkpt lat="46.508796215057373" lon="13.534576892852783">
        <ele>813.90234375</ele>
      </trkpt>
      <trkpt lat="46.508731842041016" lon="13.534555435180664">
        <ele>813.79296875</ele>
      </trkpt>
      <trkpt lat="46.508710384368896" lon="13.534276485443115">
        <ele>813.90234375</ele>
      </trkpt>
      <trkpt lat="46.508710384368896" lon="13.53416919708252">
        <ele>814.015625</ele>
      </trkpt>
      <trkpt lat="46.508560180664062" lon="13.53416919708252">
        <ele>813.65625</ele>
      </trkpt>
      <trkpt lat="46.508474349975586" lon="13.5341477394104">
        <ele>813.4765625</ele>
      </trkpt>
      <trkpt lat="46.508281230926514" lon="13.533976078033447">
        <ele>813.33203125</ele>
      </trkpt>
      <trkpt lat="46.508259773254395" lon="13.533933162689209">
        <ele>813.38671875</ele>
      </trkpt>
      <trkpt lat="46.507937908172607" lon="13.533718585968018">
        <ele>813.640625</ele>
      </trkpt>
      <trkpt lat="46.507893148809671" lon="13.533687489107251">
        <ele>813.6796875</ele>
      </trkpt>
      <trkpt lat="46.507315635681152" lon="13.533289432525635">
        <ele>814.33984375</ele>
      </trkpt>
      <trkpt lat="46.507229804992676" lon="13.533225059509277">
        <ele>814.48046875</ele>
      </trkpt>
      <trkpt lat="46.506972312927246" lon="13.532967567443848">
        <ele>814.83203125</ele>
      </trkpt>
      <trkpt lat="46.506800651550293" lon="13.532752990722656">
        <ele>814.96875</ele>
      </trkpt>
      <trkpt lat="46.506478786468506" lon="13.532195091247559">
        <ele>816.98828125</ele>
      </trkpt>
      <trkpt lat="46.506328582763672" lon="13.531744480133057">
        <ele>819.03515625</ele>
      </trkpt>
      <trkpt lat="46.506178379058838" lon="13.531100749969482">
        <ele>821.74609375</ele>
      </trkpt>
      <trkpt lat="46.5061354637146" lon="13.5306715965271">
        <ele>822.0390625</ele>
      </trkpt>
      <trkpt lat="46.505985260009766" lon="13.5286545753479">
        <ele>816.76171875</ele>
      </trkpt>
      <trkpt lat="46.50587797164917" lon="13.527817726135254">
        <ele>815.359375</ele>
      </trkpt>
      <trkpt lat="46.505684852600098" lon="13.526637554168701">
        <ele>817.71875</ele>
      </trkpt>
      <trkpt lat="46.505663394927979" lon="13.526358604431152">
        <ele>817.9609375</ele>
      </trkpt>
      <trkpt lat="46.505663394927979" lon="13.526058197021484">
        <ele>817.45703125</ele>
      </trkpt>
      <trkpt lat="46.505684852600098" lon="13.525393009185791">
        <ele>815.734375</ele>
      </trkpt>
      <trkpt lat="46.505663394927979" lon="13.524169921875">
        <ele>812.90625</ele>
      </trkpt>
      <trkpt lat="46.50562047958374" lon="13.523890972137451">
        <ele>813.01171875</ele>
      </trkpt>
      <trkpt lat="46.505534648895264" lon="13.523526191711426">
        <ele>813.23828125</ele>
      </trkpt>
      <trkpt lat="46.505320072174072" lon="13.522796630859375">
        <ele>813.4453125</ele>
      </trkpt>
      <trkpt lat="46.505041122436523" lon="13.521981239318848">
        <ele>812.1171875</ele>
      </trkpt>
      <trkpt lat="46.504961075261235" lon="13.521693237125874">
        <ele>811.05078125</ele>
      </trkpt>
      <trkpt lat="46.504826545715332" lon="13.521208763122559">
        <ele>809.765625</ele>
      </trkpt>
      <trkpt lat="46.504783630371094" lon="13.521037101745605">
        <ele>809.32421875</ele>
      </trkpt>
      <trkpt lat="46.504719257354736" lon="13.520908355712891">
        <ele>809.56640625</ele>
      </trkpt>
      <trkpt lat="46.504654884338379" lon="13.520736694335938">
        <ele>809.51171875</ele>
      </trkpt>
      <trkpt lat="46.504032611846924" lon="13.519299030303955">
        <ele>809.22265625</ele>
      </trkpt>
      <trkpt lat="46.503968238830566" lon="13.519127368927002">
        <ele>811.0390625</ele>
      </trkpt>
      <trkpt lat="46.503860950469971" lon="13.518762588500977">
        <ele>813.40625</ele>
      </trkpt>
      <trkpt lat="46.503818035125732" lon="13.518569469451904">
        <ele>813.8515625</ele>
      </trkpt>
      <trkpt lat="46.503753662109375" lon="13.518161773681641">
        <ele>815</ele>
      </trkpt>
      <trkpt lat="46.503689289093018" lon="13.516831398010254">
        <ele>812.79296875</ele>
      </trkpt>
      <trkpt lat="46.503646373748779" lon="13.516294956207275">
        <ele>808.6953125</ele>
      </trkpt>
      <trkpt lat="46.503453254699707" lon="13.515243530273438">
        <ele>801.4921875</ele>
      </trkpt>
      <trkpt lat="46.503152847290039" lon="13.514041900634766">
        <ele>801.8828125</ele>
      </trkpt>
      <trkpt lat="46.502959728240967" lon="13.513226509094238">
        <ele>802.48046875</ele>
      </trkpt>
      <trkpt lat="46.502852439880371" lon="13.512647151947021">
        <ele>801.203125</ele>
      </trkpt>
      <trkpt lat="46.502852439880371" lon="13.511252403259277">
        <ele>796.9921875</ele>
      </trkpt>
      <trkpt lat="46.502916812896729" lon="13.510544300079346">
        <ele>796.2265625</ele>
      </trkpt>
      <trkpt lat="46.503045558929443" lon="13.508956432342529">
        <ele>795.0078125</ele>
      </trkpt>
      <trkpt lat="46.503045558929443" lon="13.507819175720215">
        <ele>792.53125</ele>
      </trkpt>
      <trkpt lat="46.502981185913086" lon="13.507132530212402">
        <ele>791.75390625</ele>
      </trkpt>
      <trkpt lat="46.50287389755249" lon="13.506531715393066">
        <ele>791.3515625</ele>
      </trkpt>
      <trkpt lat="46.502788066864014" lon="13.50618839263916">
        <ele>790.9921875</ele>
      </trkpt>
      <trkpt lat="46.502509117126465" lon="13.505330085754395">
        <ele>788.83984375</ele>
      </trkpt>
      <trkpt lat="46.501436233520508" lon="13.502669334411621">
        <ele>787.65234375</ele>
      </trkpt>
      <trkpt lat="46.501157283782959" lon="13.501832485198975">
        <ele>786.2734375</ele>
      </trkpt>
      <trkpt lat="46.501071453094482" lon="13.501553535461426">
        <ele>785.859375</ele>
      </trkpt>
      <trkpt lat="46.501007080078125" lon="13.50144624710083">
        <ele>785.86328125</ele>
      </trkpt>
      <trkpt lat="46.501007080078125" lon="13.501360416412354">
        <ele>785.578125</ele>
      </trkpt>
      <trkpt lat="46.501007080078125" lon="13.501296043395996">
        <ele>785.359375</ele>
      </trkpt>
      <trkpt lat="46.501028537750244" lon="13.50121021270752">
        <ele>784.9609375</ele>
      </trkpt>
      <trkpt lat="46.500985622406006" lon="13.500587940216064">
        <ele>783.50390625</ele>
      </trkpt>
      <trkpt lat="46.500964164733887" lon="13.500180244445801">
        <ele>782.69140625</ele>
      </trkpt>
      <trkpt lat="46.500985622406006" lon="13.499879837036133">
        <ele>781.90625</ele>
      </trkpt>
      <trkpt lat="46.501049995422363" lon="13.499493598937988">
        <ele>780.74609375</ele>
      </trkpt>
      <trkpt lat="46.501049995422363" lon="13.499407768249512">
        <ele>780.54296875</ele>
      </trkpt>
      <trkpt lat="46.501071453094482" lon="13.499171733856201">
        <ele>779.87890625</ele>
      </trkpt>
      <trkpt lat="46.501092910766602" lon="13.499107360839844">
        <ele>779.65234375</ele>
      </trkpt>
      <trkpt lat="46.501114368438721" lon="13.49895715713501">
        <ele>779.23046875</ele>
      </trkpt>
      <trkpt lat="46.501200199127197" lon="13.498592376708984">
        <ele>778.3046875</ele>
      </trkpt>
      <trkpt lat="46.501414775848389" lon="13.497991561889648">
        <ele>776.91796875</ele>
      </trkpt>
      <trkpt lat="46.501843929290771" lon="13.497304916381836">
        <ele>779.609375</ele>
      </trkpt>
      <trkpt lat="46.501908302307129" lon="13.497219085693359">
        <ele>780.4453125</ele>
      </trkpt>
      <trkpt lat="46.50212287902832" lon="13.496940135955811">
        <ele>781.2578125</ele>
      </trkpt>
      <trkpt lat="46.503109931945801" lon="13.495802879333496">
        <ele>780.42578125</ele>
      </trkpt>
      <trkpt lat="46.503667831420898" lon="13.495180606842041">
        <ele>780.39453125</ele>
      </trkpt>
      <trkpt lat="46.503903865814209" lon="13.49494457244873">
        <ele>781.015625</ele>
      </trkpt>
      <trkpt lat="46.505277156829834" lon="13.493828773498535">
        <ele>788.13671875</ele>
      </trkpt>
      <trkpt lat="46.505513191223145" lon="13.493614196777344">
        <ele>788.19921875</ele>
      </trkpt>
      <trkpt lat="46.505813598632813" lon="13.493270874023438">
        <ele>786.95703125</ele>
      </trkpt>
      <trkpt lat="46.506049633026123" lon="13.492798805236816">
        <ele>782.921875</ele>
      </trkpt>
      <trkpt lat="46.506478786468506" lon="13.49196195602417">
        <ele>775.484375</ele>
      </trkpt>
      <trkpt lat="46.506907939910889" lon="13.491039276123047">
        <ele>771.85546875</ele>
      </trkpt>
      <trkpt lat="46.507315635681152" lon="13.490052223205566">
        <ele>771.2734375</ele>
      </trkpt>
      <trkpt lat="46.507680416107178" lon="13.48895788192749">
        <ele>771.88671875</ele>
      </trkpt>
      <trkpt lat="46.507937908172607" lon="13.488013744354248">
        <ele>772.91015625</ele>
      </trkpt>
      <trkpt lat="46.508045196533203" lon="13.48745584487915">
        <ele>772.375</ele>
      </trkpt>
      <trkpt lat="46.508173942565918" lon="13.486812114715576">
        <ele>770.984375</ele>
      </trkpt>
      <trkpt lat="46.508281230926514" lon="13.485953807830811">
        <ele>769.66015625</ele>
      </trkpt>
      <trkpt lat="46.508345603942871" lon="13.485267162322998">
        <ele>768.62890625</ele>
      </trkpt>
      <trkpt lat="46.508355075493455" lon="13.485128944739699">
        <ele>768.4296875</ele>
      </trkpt>
      <trkpt lat="46.508355075493455" lon="13.485128944739699">
        <ele>768.4296875</ele>
      </trkpt>
      <trkpt lat="46.508388519287109" lon="13.484644889831543">
        <ele>767.828125</ele>
      </trkpt>
      <trkpt lat="46.508495807647705" lon="13.483443260192871">
        <ele>767.5859375</ele>
      </trkpt>
      <trkpt lat="46.508731842041016" lon="13.481297492980957">
        <ele>768.93359375</ele>
      </trkpt>
      <trkpt lat="46.508989334106445" lon="13.479838371276855">
        <ele>769.27734375</ele>
      </trkpt>
      <trkpt lat="46.509246826171875" lon="13.478851318359375">
        <ele>771.453125</ele>
      </trkpt>
      <trkpt lat="46.509461402893066" lon="13.478035926818848">
        <ele>772.36328125</ele>
      </trkpt>
      <trkpt lat="46.509525775909424" lon="13.477714061737061">
        <ele>771.5859375</ele>
      </trkpt>
      <trkpt lat="46.509568691253662" lon="13.477241992950439">
        <ele>770.5390625</ele>
      </trkpt>
      <trkpt lat="46.5096116065979" lon="13.474087715148926">
        <ele>767.5078125</ele>
      </trkpt>
      <trkpt lat="46.50963306427002" lon="13.473508358001709">
        <ele>767.2890625</ele>
      </trkpt>
      <trkpt lat="46.509783267974854" lon="13.471920490264893">
        <ele>766.98046875</ele>
      </trkpt>
      <trkpt lat="46.509783267974854" lon="13.471834659576416">
        <ele>766.98046875</ele>
      </trkpt>
      <trkpt lat="46.509783267974854" lon="13.471598625183105">
        <ele>766.921875</ele>
      </trkpt>
      <trkpt lat="46.509783267974854" lon="13.471298217773437">
        <ele>766.83203125</ele>
      </trkpt>
      <trkpt lat="46.509783267974854" lon="13.471126556396484">
        <ele>766.77734375</ele>
      </trkpt>
      <trkpt lat="46.509718894958496" lon="13.470160961151123">
        <ele>765.3828125</ele>
      </trkpt>
      <trkpt lat="46.509461402893066" lon="13.468165397644043">
        <ele>759.44140625</ele>
      </trkpt>
      <trkpt lat="46.509182453155518" lon="13.466169834136963">
        <ele>757.86328125</ele>
      </trkpt>
      <trkpt lat="46.508924961090088" lon="13.464088439941406">
        <ele>759.1484375</ele>
      </trkpt>
      <trkpt lat="46.508885230869055" lon="13.463784260675311">
        <ele>758.59375</ele>
      </trkpt>
      <trkpt lat="46.50886058807373" lon="13.463594913482666">
        <ele>758.21484375</ele>
      </trkpt>
      <trkpt lat="46.508839130401611" lon="13.463509082794189">
        <ele>757.9375</ele>
      </trkpt>
      <trkpt lat="46.508474349975586" lon="13.460612297058105">
        <ele>750.72265625</ele>
      </trkpt>
      <trkpt lat="46.508431434631348" lon="13.460333347320557">
        <ele>752.390625</ele>
      </trkpt>
      <trkpt lat="46.508259773254395" lon="13.459196090698242">
        <ele>755.625</ele>
      </trkpt>
      <trkpt lat="46.508152484893799" lon="13.458573818206787">
        <ele>751.07421875</ele>
      </trkpt>
      <trkpt lat="46.508066654205322" lon="13.458273410797119">
        <ele>749.83984375</ele>
      </trkpt>
      <trkpt lat="46.507959365844727" lon="13.457973003387451">
        <ele>749.15234375</ele>
      </trkpt>
      <trkpt lat="46.507809162139893" lon="13.457608222961426">
        <ele>748.80859375</ele>
      </trkpt>
      <trkpt lat="46.507530212402344" lon="13.457157611846924">
        <ele>748.85546875</ele>
      </trkpt>
      <trkpt lat="46.507186889648438" lon="13.456792831420898">
        <ele>748.90234375</ele>
      </trkpt>
      <trkpt lat="46.506800651550293" lon="13.456406593322754">
        <ele>746.51953125</ele>
      </trkpt>
      <trkpt lat="46.506435871124268" lon="13.456063270568848">
        <ele>744.2421875</ele>
      </trkpt>
      <trkpt lat="46.506092548370361" lon="13.455677032470703">
        <ele>745.8984375</ele>
      </trkpt>
      <trkpt lat="46.505792140960693" lon="13.455097675323486">
        <ele>739.98828125</ele>
      </trkpt>
      <trkpt lat="46.505641937255859" lon="13.454647064208984">
        <ele>741.97265625</ele>
      </trkpt>
      <trkpt lat="46.505513191223145" lon="13.454024791717529">
        <ele>742.74609375</ele>
      </trkpt>
      <trkpt lat="46.505491733551025" lon="13.45374584197998">
        <ele>742.16796875</ele>
      </trkpt>
      <trkpt lat="46.50538444519043" lon="13.451213836669922">
        <ele>743.35546875</ele>
      </trkpt>
      <trkpt lat="46.505341529846191" lon="13.450784683227539">
        <ele>742.51171875</ele>
      </trkpt>
      <trkpt lat="46.505277156829834" lon="13.45050573348999">
        <ele>741.80859375</ele>
      </trkpt>
      <trkpt lat="46.505126953125" lon="13.449947834014893">
        <ele>740.6484375</ele>
      </trkpt>
      <trkpt lat="46.505062580108643" lon="13.449776172637939">
        <ele>740.30859375</ele>
      </trkpt>
      <trkpt lat="46.505019664764404" lon="13.449625968933105">
        <ele>739.6875</ele>
      </trkpt>
      <trkpt lat="46.504955291748047" lon="13.449411392211914">
        <ele>739.1953125</ele>
      </trkpt>
      <trkpt lat="46.504805088043213" lon="13.44900369644165">
        <ele>740.78515625</ele>
      </trkpt>
      <trkpt lat="46.504547595977783" lon="13.448145389556885">
        <ele>745.0703125</ele>
      </trkpt>
      <trkpt lat="46.504526138305664" lon="13.44801664352417">
        <ele>744.80078125</ele>
      </trkpt>
      <trkpt lat="46.504204273223877" lon="13.446643352508545">
        <ele>743.93359375</ele>
      </trkpt>
      <trkpt lat="46.503796577453613" lon="13.444991111755371">
        <ele>748.5625</ele>
      </trkpt>
      <trkpt lat="46.503646373748779" lon="13.444132804870605">
        <ele>745.68359375</ele>
      </trkpt>
      <trkpt lat="46.503582000732422" lon="13.443660736083984">
        <ele>744.44140625</ele>
      </trkpt>
      <trkpt lat="46.503410339355469" lon="13.441901206970215">
        <ele>742.68359375</ele>
      </trkpt>
      <trkpt lat="46.503425091505051" lon="13.442052500322461">
        <ele>742.41015625</ele>
      </trkpt>
      <trkpt lat="46.503410339355469" lon="13.441901206970215">
        <ele>742.68359375</ele>
      </trkpt>
      <trkpt lat="46.50338888168335" lon="13.441622257232666">
        <ele>742.828125</ele>
      </trkpt>
      <trkpt lat="46.503260135650635" lon="13.44052791595459">
        <ele>742.69921875</ele>
      </trkpt>
      <trkpt lat="46.50287389755249" lon="13.43726634979248">
        <ele>728.0703125</ele>
      </trkpt>
      <trkpt lat="46.502852439880371" lon="13.437116146087646">
        <ele>726.69140625</ele>
      </trkpt>
      <trkpt lat="46.502315998077393" lon="13.434948921203613">
        <ele>725.3515625</ele>
      </trkpt>
      <trkpt lat="46.502230167388916" lon="13.43451976776123">
        <ele>726.27734375</ele>
      </trkpt>
      <trkpt lat="46.502208709716797" lon="13.434154987335205">
        <ele>725.85546875</ele>
      </trkpt>
      <trkpt lat="46.502294540405273" lon="13.432502746582031">
        <ele>725.67578125</ele>
      </trkpt>
      <trkpt lat="46.502552032470703" lon="13.429327011108398">
        <ele>719.828125</ele>
      </trkpt>
      <trkpt lat="46.502659320831299" lon="13.428082466125488">
        <ele>718.73828125</ele>
      </trkpt>
      <trkpt lat="46.502682203426957" lon="13.427847856655717">
        <ele>719.1640625</ele>
      </trkpt>
      <trkpt lat="46.502745151519775" lon="13.427202701568604">
        <ele>719.56640625</ele>
      </trkpt>
      <trkpt lat="46.502852439880371" lon="13.426494598388672">
        <ele>718.09765625</ele>
      </trkpt>
      <trkpt lat="46.503067016601563" lon="13.425657749176025">
        <ele>713.78125</ele>
      </trkpt>
      <trkpt lat="46.503217220306396" lon="13.425121307373047">
        <ele>712.23046875</ele>
      </trkpt>
      <trkpt lat="46.503324508666992" lon="13.424606323242188">
        <ele>712.203125</ele>
      </trkpt>
      <trkpt lat="46.50338888168335" lon="13.42404842376709">
        <ele>711.74609375</ele>
      </trkpt>
      <trkpt lat="46.50338888168335" lon="13.423490524291992">
        <ele>710.44921875</ele>
      </trkpt>
      <trkpt lat="46.503324508666992" lon="13.423018455505371">
        <ele>708.26171875</ele>
      </trkpt>
      <trkpt lat="46.503217220306396" lon="13.422610759735107">
        <ele>707.1171875</ele>
      </trkpt>
      <trkpt lat="46.503045558929443" lon="13.422138690948486">
        <ele>703.1484375</ele>
      </trkpt>
      <trkpt lat="46.502809524536133" lon="13.421688079833984">
        <ele>699.21484375</ele>
      </trkpt>
      <trkpt lat="46.502594947814941" lon="13.421323299407959">
        <ele>696.828125</ele>
      </trkpt>
      <trkpt lat="46.501693725585937" lon="13.420486450195313">
        <ele>692.84375</ele>
      </trkpt>
      <trkpt lat="46.501414775848389" lon="13.420271873474121">
        <ele>693.12109375</ele>
      </trkpt>
      <trkpt lat="46.501178741455078" lon="13.419950008392334">
        <ele>693.97265625</ele>
      </trkpt>
      <trkpt lat="46.500942707061768" lon="13.419499397277832">
        <ele>695.9296875</ele>
      </trkpt>
      <trkpt lat="46.500728130340576" lon="13.418855667114258">
        <ele>697.34765625</ele>
      </trkpt>
      <trkpt lat="46.500599384307861" lon="13.418211936950684">
        <ele>697.953125</ele>
      </trkpt>
      <trkpt lat="46.500556468963623" lon="13.417503833770752">
        <ele>697.60546875</ele>
      </trkpt>
      <trkpt lat="46.500663757324219" lon="13.416430950164795">
        <ele>695.4765625</ele>
      </trkpt>
      <trkpt lat="46.500921249389648" lon="13.413941860198975">
        <ele>685.61328125</ele>
      </trkpt>
      <trkpt lat="46.501007080078125" lon="13.41280460357666">
        <ele>681.4765625</ele>
      </trkpt>
      <trkpt lat="46.500985622406006" lon="13.41254711151123">
        <ele>680.86328125</ele>
      </trkpt>
      <trkpt lat="46.500921249389648" lon="13.412096500396729">
        <ele>679.48828125</ele>
      </trkpt>
      <trkpt lat="46.500835418701172" lon="13.411624431610107">
        <ele>678.01171875</ele>
      </trkpt>
      <trkpt lat="46.500406265258789" lon="13.4098219871521">
        <ele>681.1953125</ele>
      </trkpt>
      <trkpt lat="46.500298976898193" lon="13.409221172332764">
        <ele>680.88671875</ele>
      </trkpt>
      <trkpt lat="46.500256061553955" lon="13.408620357513428">
        <ele>678.8046875</ele>
      </trkpt>
      <trkpt lat="46.500298976898193" lon="13.407847881317139">
        <ele>682.2890625</ele>
      </trkpt>
      <trkpt lat="46.500427722930908" lon="13.407225608825684">
        <ele>682.8515625</ele>
      </trkpt>
      <trkpt lat="46.5006422996521" lon="13.406538963317871">
        <ele>680.30859375</ele>
      </trkpt>
      <trkpt lat="46.501071453094482" lon="13.405594825744629">
        <ele>677.08984375</ele>
      </trkpt>
      <trkpt lat="46.501264572143555" lon="13.40507984161377">
        <ele>674.765625</ele>
      </trkpt>
      <trkpt lat="46.501414775848389" lon="13.404586315155029">
        <ele>671.75</ele>
      </trkpt>
      <trkpt lat="46.501500606536865" lon="13.404092788696289">
        <ele>669.30078125</ele>
      </trkpt>
      <trkpt lat="46.501500606536865" lon="13.4033203125">
        <ele>667.03515625</ele>
      </trkpt>
      <trkpt lat="46.501457691192627" lon="13.402934074401855">
        <ele>666.65234375</ele>
      </trkpt>
      <trkpt lat="46.501307487487793" lon="13.4023118019104">
        <ele>667.06640625</ele>
      </trkpt>
      <trkpt lat="46.501071453094482" lon="13.401668071746826">
        <ele>667.75</ele>
      </trkpt>
      <trkpt lat="46.50062084197998" lon="13.40083122253418">
        <ele>670.62890625</ele>
      </trkpt>
      <trkpt lat="46.500449180603027" lon="13.400423526763916">
        <ele>670.9921875</ele>
      </trkpt>
      <trkpt lat="46.500277519226074" lon="13.399994373321533">
        <ele>670.65234375</ele>
      </trkpt>
      <trkpt lat="46.500213146209717" lon="13.399736881256104">
        <ele>670.390625</ele>
      </trkpt>
      <trkpt lat="46.500105857849121" lon="13.399200439453125">
        <ele>669.6875</ele>
      </trkpt>
      <trkpt lat="46.500062942504883" lon="13.398771286010742">
        <ele>669.60546875</ele>
      </trkpt>
      <trkpt lat="46.500084400177002" lon="13.398063182830811">
        <ele>668.89453125</ele>
      </trkpt>
      <trkpt lat="46.500170230865479" lon="13.397226333618164">
        <ele>667.2421875</ele>
      </trkpt>
      <trkpt lat="46.500341892242432" lon="13.395874500274658">
        <ele>663.1640625</ele>
      </trkpt>
      <trkpt lat="46.500685214996338" lon="13.393535614013672">
        <ele>656.0390625</ele>
      </trkpt>
      <trkpt lat="46.500921249389648" lon="13.391947746276855">
        <ele>654.95703125</ele>
      </trkpt>
      <trkpt lat="46.501028537750244" lon="13.391282558441162">
        <ele>653.38671875</ele>
      </trkpt>
      <trkpt lat="46.501049995422363" lon="13.391003608703613">
        <ele>652.92578125</ele>
      </trkpt>
      <trkpt lat="46.501092910766602" lon="13.386454582214355">
        <ele>648.48046875</ele>
      </trkpt>
      <trkpt lat="46.501114368438721" lon="13.3858323097229">
        <ele>645.953125</ele>
      </trkpt>
      <trkpt lat="46.501200199127197" lon="13.385124206542969">
        <ele>643.98828125</ele>
      </trkpt>
      <trkpt lat="46.501328945159912" lon="13.384652137756348">
        <ele>643.47265625</ele>
      </trkpt>
      <trkpt lat="46.501479148864746" lon="13.384180068969727">
        <ele>643.171875</ele>
      </trkpt>
      <trkpt lat="46.501865386962891" lon="13.383214473724365">
        <ele>642.53515625</ele>
      </trkpt>
      <trkpt lat="46.501908302307129" lon="13.38308572769165">
        <ele>642.33984375</ele>
      </trkpt>
      <trkpt lat="46.501951217651367" lon="13.382978439331055">
        <ele>642.12890625</ele>
      </trkpt>
      <trkpt lat="46.501994132995605" lon="13.382914066314697">
        <ele>641.85546875</ele>
      </trkpt>
      <trkpt lat="46.502251625061035" lon="13.382291793823242">
        <ele>640.55078125</ele>
      </trkpt>
      <trkpt lat="46.50238037109375" lon="13.381969928741455">
        <ele>639.85546875</ele>
      </trkpt>
      <trkpt lat="46.502444744110107" lon="13.381690979003906">
        <ele>639.48828125</ele>
      </trkpt>
      <trkpt lat="46.502509117126465" lon="13.381519317626953">
        <ele>638.9921875</ele>
      </trkpt>
      <trkpt lat="46.502552032470703" lon="13.381433486938477">
        <ele>638.9375</ele>
      </trkpt>
      <trkpt lat="46.50263786315918" lon="13.381304740905762">
        <ele>638.78515625</ele>
      </trkpt>
      <trkpt lat="46.503024101257324" lon="13.380489349365234">
        <ele>637.109375</ele>
      </trkpt>
      <trkpt lat="46.503324508666992" lon="13.379931449890137">
        <ele>635.72265625</ele>
      </trkpt>
      <trkpt lat="46.503667831420898" lon="13.37935209274292">
        <ele>649.91796875</ele>
      </trkpt>
      <trkpt lat="46.503689289093018" lon="13.379309177398682">
        <ele>650.609375</ele>
      </trkpt>
      <trkpt lat="46.503753662109375" lon="13.379116058349609">
        <ele>652.16796875</ele>
      </trkpt>
      <trkpt lat="46.503818035125732" lon="13.378815650939941">
        <ele>652.7890625</ele>
      </trkpt>
      <trkpt lat="46.503903865814209" lon="13.378365039825439">
        <ele>653.46875</ele>
      </trkpt>
      <trkpt lat="46.503946781158447" lon="13.377935886383057">
        <ele>653.6953125</ele>
      </trkpt>
      <trkpt lat="46.503989696502686" lon="13.37709903717041">
        <ele>650.99609375</ele>
      </trkpt>
      <trkpt lat="46.504032611846924" lon="13.376133441925049">
        <ele>644.2109375</ele>
      </trkpt>
      <trkpt lat="46.504032611846924" lon="13.375768661499023">
        <ele>643.78515625</ele>
      </trkpt>
      <trkpt lat="46.503989696502686" lon="13.375403881072998">
        <ele>643.6328125</ele>
      </trkpt>
      <trkpt lat="46.503989696502686" lon="13.375039100646973">
        <ele>644.11328125</ele>
      </trkpt>
      <trkpt lat="46.504011154174805" lon="13.374137878417969">
        <ele>643.55859375</ele>
      </trkpt>
      <trkpt lat="46.504096984863281" lon="13.37310791015625">
        <ele>639.39453125</ele>
      </trkpt>
      <trkpt lat="46.504204273223877" lon="13.372228145599365">
        <ele>635.0859375</ele>
      </trkpt>
      <trkpt lat="46.504290103912354" lon="13.371734619140625">
        <ele>635.17578125</ele>
      </trkpt>
      <trkpt lat="46.50437593460083" lon="13.371305465698242">
        <ele>635.99609375</ele>
      </trkpt>
      <trkpt lat="46.504611968994141" lon="13.370018005371094">
        <ele>632.6875</ele>
      </trkpt>
      <trkpt lat="46.504783630371094" lon="13.36937427520752">
        <ele>627.734375</ele>
      </trkpt>
      <trkpt lat="46.505105495452881" lon="13.36860179901123">
        <ele>624.59375</ele>
      </trkpt>
      <trkpt lat="46.505298614501953" lon="13.367936611175537">
        <ele>627.27734375</ele>
      </trkpt>
      <trkpt lat="46.505362987518311" lon="13.36761474609375">
        <ele>627.734375</ele>
      </trkpt>
      <trkpt lat="46.505963802337646" lon="13.365511894226074">
        <ele>621.0703125</ele>
      </trkpt>
      <trkpt lat="46.506221294403076" lon="13.364953994750977">
        <ele>621.32421875</ele>
      </trkpt>
      <trkpt lat="46.506350040435791" lon="13.364803791046143">
        <ele>621.35546875</ele>
      </trkpt>
      <trkpt lat="46.506714820861816" lon="13.364396095275879">
        <ele>619.35546875</ele>
      </trkpt>
      <trkpt lat="46.507272720336914" lon="13.363902568817139">
        <ele>624.6796875</ele>
      </trkpt>
      <trkpt lat="46.507465839385986" lon="13.363687992095947">
        <ele>624.6484375</ele>
      </trkpt>
      <trkpt lat="46.50761604309082" lon="13.363473415374756">
        <ele>625.33984375</ele>
      </trkpt>
      <trkpt lat="46.507852077484131" lon="13.36313009262085">
        <ele>627.86328125</ele>
      </trkpt>
      <trkpt lat="46.508002281188965" lon="13.362808227539063">
        <ele>628.33203125</ele>
      </trkpt>
      <trkpt lat="46.50813102722168" lon="13.362443447113037">
        <ele>627.5390625</ele>
      </trkpt>
      <trkpt lat="46.50836706161499" lon="13.361542224884033">
        <ele>622.90625</ele>
      </trkpt>
      <trkpt lat="46.508581638336182" lon="13.360898494720459">
        <ele>623.9296875</ele>
      </trkpt>
      <trkpt lat="46.508731842041016" lon="13.3603835105896">
        <ele>624.16015625</ele>
      </trkpt>
      <trkpt lat="46.50886058807373" lon="13.359997272491455">
        <ele>623.875</ele>
      </trkpt>
      <trkpt lat="46.509397029876709" lon="13.358838558197021">
        <ele>626.13671875</ele>
      </trkpt>
      <trkpt lat="46.509525775909424" lon="13.358473777770996">
        <ele>626.79296875</ele>
      </trkpt>
      <trkpt lat="46.509675979614258" lon="13.357958793640137">
        <ele>627.01171875</ele>
      </trkpt>
      <trkpt lat="46.509783267974854" lon="13.357422351837158">
        <ele>625.53125</ele>
      </trkpt>
      <trkpt lat="46.509826183319092" lon="13.357079029083252">
        <ele>624.11328125</ele>
      </trkpt>
      <trkpt lat="46.509847640991211" lon="13.356692790985107">
        <ele>621.6875</ele>
      </trkpt>
      <trkpt lat="46.509933471679688" lon="13.356091976165771">
        <ele>617.9609375</ele>
      </trkpt>
      <trkpt lat="46.510319709777832" lon="13.354611396789551">
        <ele>630.84765625</ele>
      </trkpt>
      <trkpt lat="46.51087760925293" lon="13.351714611053467">
        <ele>618.83203125</ele>
      </trkpt>
      <trkpt lat="46.51087760925293" lon="13.351564407348633">
        <ele>617.98046875</ele>
      </trkpt>
      <trkpt lat="46.510941982269287" lon="13.350770473480225">
        <ele>616.40234375</ele>
      </trkpt>
      <trkpt lat="46.511049270629883" lon="13.350040912628174">
        <ele>616.65234375</ele>
      </trkpt>
      <trkpt lat="46.511070728302002" lon="13.349826335906982">
        <ele>615.953125</ele>
      </trkpt>
      <trkpt lat="46.511220932006836" lon="13.348946571350098">
        <ele>614.80078125</ele>
      </trkpt>
      <trkpt lat="46.511340960860252" lon="13.348098490387201">
        <ele>612.08203125</ele>
      </trkpt>
      <trkpt lat="46.511542797088623" lon="13.346672058105469">
        <ele>614.73046875</ele>
      </trkpt>
      <trkpt lat="46.511671543121338" lon="13.345363140106201">
        <ele>610.16796875</ele>
      </trkpt>
      <trkpt lat="46.511735916137695" lon="13.343474864959717">
        <ele>598.55859375</ele>
      </trkpt>
      <trkpt lat="46.511821746826172" lon="13.343367576599121">
        <ele>602.453125</ele>
      </trkpt>
      <trkpt lat="46.511907577514648" lon="13.342981338500977">
        <ele>605.46875</ele>
      </trkpt>
      <trkpt lat="46.511950492858887" lon="13.342552185058594">
        <ele>606.171875</ele>
      </trkpt>
      <trkpt lat="46.511950492858887" lon="13.34190845489502">
        <ele>604.859375</ele>
      </trkpt>
      <trkpt lat="46.511907577514648" lon="13.341329097747803">
        <ele>602.921875</ele>
      </trkpt>
      <trkpt lat="46.511907577514648" lon="13.341178894042969">
        <ele>602.84765625</ele>
      </trkpt>
      <trkpt lat="46.511907577514648" lon="13.341050148010254">
        <ele>602.78515625</ele>
      </trkpt>
      <trkpt lat="46.511971950531006" lon="13.340578079223633">
        <ele>604.77734375</ele>
      </trkpt>
      <trkpt lat="46.512207984924316" lon="13.339033126831055">
        <ele>603.94140625</ele>
      </trkpt>
      <trkpt lat="46.512315273284912" lon="13.338196277618408">
        <ele>599.9375</ele>
      </trkpt>
      <trkpt lat="46.51237964630127" lon="13.337574005126953">
        <ele>597.51171875</ele>
      </trkpt>
      <trkpt lat="46.512444019317627" lon="13.336565494537354">
        <ele>595.5078125</ele>
      </trkpt>
      <trkpt lat="46.512444019317627" lon="13.335964679718018">
        <ele>594.5390625</ele>
      </trkpt>
      <trkpt lat="46.512315273284912" lon="13.334183692932129">
        <ele>592</ele>
      </trkpt>
      <trkpt lat="46.512293815612793" lon="13.33366870880127">
        <ele>591.640625</ele>
      </trkpt>
      <trkpt lat="46.512508392333984" lon="13.332273960113525">
        <ele>601.85546875</ele>
      </trkpt>
      <trkpt lat="46.512526161968708" lon="13.332025436684489">
        <ele>602.9765625</ele>
      </trkpt>
      <trkpt lat="46.512529850006104" lon="13.331973552703857">
        <ele>603.22265625</ele>
      </trkpt>
      <trkpt lat="46.512508392333984" lon="13.331758975982666">
        <ele>601.08203125</ele>
      </trkpt>
      <trkpt lat="46.51237964630127" lon="13.331072330474854">
        <ele>592.4375</ele>
      </trkpt>
      <trkpt lat="46.512165069580078" lon="13.330428600311279">
        <ele>584.87109375</ele>
      </trkpt>
      <trkpt lat="46.511907577514648" lon="13.329784870147705">
        <ele>581.4921875</ele>
      </trkpt>
      <trkpt lat="46.511886119842529" lon="13.329591751098633">
        <ele>582.03515625</ele>
      </trkpt>
      <trkpt lat="46.511821746826172" lon="13.328368663787842">
        <ele>588.3515625</ele>
      </trkpt>
      <trkpt lat="46.511735916137695" lon="13.327896595001221">
        <ele>591.16796875</ele>
      </trkpt>
      <trkpt lat="46.511521339416504" lon="13.327231407165527">
        <ele>592.734375</ele>
      </trkpt>
      <trkpt lat="46.511199474334717" lon="13.326566219329834">
        <ele>590.63671875</ele>
      </trkpt>
      <trkpt lat="46.511006355285645" lon="13.326051235198975">
        <ele>587.93359375</ele>
      </trkpt>
      <trkpt lat="46.510899066925049" lon="13.32542896270752">
        <ele>584.54296875</ele>
      </trkpt>
      <trkpt lat="46.510834693908691" lon="13.325321674346924">
        <ele>583.45703125</ele>
      </trkpt>
      <trkpt lat="46.510684490203857" lon="13.325214385986328">
        <ele>581.79296875</ele>
      </trkpt>
      <trkpt lat="46.51036262512207" lon="13.325214385986328">
        <ele>579.08984375</ele>
      </trkpt>
      <trkpt lat="46.509482860565186" lon="13.32517147064209">
        <ele>571.7265625</ele>
      </trkpt>
      <trkpt lat="46.509332656860352" lon="13.324999809265137">
        <ele>570.63671875</ele>
      </trkpt>
      <trkpt lat="46.509311199188232" lon="13.324935436248779">
        <ele>570.52734375</ele>
      </trkpt>
      <trkpt lat="46.509160995483398" lon="13.323819637298584">
        <ele>572.0234375</ele>
      </trkpt>
      <trkpt lat="46.509160995483398" lon="13.323647975921631">
        <ele>572.63671875</ele>
      </trkpt>
      <trkpt lat="46.509182453155518" lon="13.323583602905273">
        <ele>572.99609375</ele>
      </trkpt>
      <trkpt lat="46.509225368499756" lon="13.323497772216797">
        <ele>573.328125</ele>
      </trkpt>
      <trkpt lat="46.509354114532471" lon="13.323347568511963">
        <ele>574.01953125</ele>
      </trkpt>
      <trkpt lat="46.50937557220459" lon="13.323240280151367">
        <ele>574.09765625</ele>
      </trkpt>
      <trkpt lat="46.509075164794922" lon="13.322832584381104">
        <ele>571.54296875</ele>
      </trkpt>
      <trkpt lat="46.509053707122803" lon="13.32266092300415">
        <ele>571.0859375</ele>
      </trkpt>
      <trkpt lat="46.508989334106445" lon="13.321866989135742">
        <ele>568.734375</ele>
      </trkpt>
      <trkpt lat="46.508560180664062" lon="13.317596912384033">
        <ele>562.38671875</ele>
      </trkpt>
      <trkpt lat="46.508560180664062" lon="13.317489624023438">
        <ele>562.38671875</ele>
      </trkpt>
      <trkpt lat="46.508431434631348" lon="13.315601348876953">
        <ele>561.734375</ele>
      </trkpt>
      <trkpt lat="46.508409976959229" lon="13.315258026123047">
        <ele>561.578125</ele>
      </trkpt>
      <trkpt lat="46.508345603942871" lon="13.315129280090332">
        <ele>561.1171875</ele>
      </trkpt>
      <trkpt lat="46.508324146270752" lon="13.314850330352783">
        <ele>560.96875</ele>
      </trkpt>
      <trkpt lat="46.508216857910156" lon="13.313755989074707">
        <ele>560.0546875</ele>
      </trkpt>
      <trkpt lat="46.508195400238037" lon="13.313498497009277">
        <ele>559.953125</ele>
      </trkpt>
      <trkpt lat="46.508109569549561" lon="13.31268310546875">
        <ele>560.44921875</ele>
      </trkpt>
      <trkpt lat="46.508088111877441" lon="13.312468528747559">
        <ele>560.4765625</ele>
      </trkpt>
      <trkpt lat="46.508066654205322" lon="13.312318325042725">
        <ele>560.4375</ele>
      </trkpt>
      <trkpt lat="46.508002281188965" lon="13.311481475830078">
        <ele>560.73828125</ele>
      </trkpt>
      <trkpt lat="46.507916450500488" lon="13.310794830322266">
        <ele>560.99609375</ele>
      </trkpt>
      <trkpt lat="46.507916450500488" lon="13.310730457305908">
        <ele>561.11328125</ele>
      </trkpt>
      <trkpt lat="46.507894992828369" lon="13.310494422912598">
        <ele>561.375</ele>
      </trkpt>
      <trkpt lat="46.50787353515625" lon="13.310365676879883">
        <ele>561.44921875</ele>
      </trkpt>
      <trkpt lat="46.507852077484131" lon="13.309957981109619">
        <ele>562.15234375</ele>
      </trkpt>
      <trkpt lat="46.507809162139893" lon="13.309528827667236">
        <ele>562.7109375</ele>
      </trkpt>
      <trkpt lat="46.507766246795654" lon="13.309271335601807">
        <ele>563.01953125</ele>
      </trkpt>
      <trkpt lat="46.507723331451416" lon="13.309056758880615">
        <ele>563.37890625</ele>
      </trkpt>
      <trkpt lat="46.507680416107178" lon="13.30894947052002">
        <ele>563.35546875</ele>
      </trkpt>
      <trkpt lat="46.50761604309082" lon="13.308799266815186">
        <ele>563.27734375</ele>
      </trkpt>
      <trkpt lat="46.507508754730225" lon="13.308541774749756">
        <ele>563.17578125</ele>
      </trkpt>
      <trkpt lat="46.507465839385986" lon="13.308455944061279">
        <ele>563.109375</ele>
      </trkpt>
      <trkpt lat="46.50738000869751" lon="13.308284282684326">
        <ele>563.00390625</ele>
      </trkpt>
      <trkpt lat="46.507337093353271" lon="13.30819845199585">
        <ele>562.953125</ele>
      </trkpt>
      <trkpt lat="46.507272720336914" lon="13.307983875274658">
        <ele>563.18359375</ele>
      </trkpt>
      <trkpt lat="46.507251262664795" lon="13.307919502258301">
        <ele>563.23828125</ele>
      </trkpt>
      <trkpt lat="46.507229804992676" lon="13.307855129241943">
        <ele>563.2890625</ele>
      </trkpt>
      <trkpt lat="46.507186889648438" lon="13.307726383209229">
        <ele>563.390625</ele>
      </trkpt>
      <trkpt lat="46.507143974304199" lon="13.307597637176514">
        <ele>563.2109375</ele>
      </trkpt>
      <trkpt lat="46.507101058959961" lon="13.307468891143799">
        <ele>562.99609375</ele>
      </trkpt>
      <trkpt lat="46.506950855255127" lon="13.307254314422607">
        <ele>561.80078125</ele>
      </trkpt>
      <trkpt lat="46.506822109222412" lon="13.306996822357178">
        <ele>560.6640625</ele>
      </trkpt>
      <trkpt lat="46.50662899017334" lon="13.306460380554199">
        <ele>558.79296875</ele>
      </trkpt>
      <trkpt lat="46.506586074829102" lon="13.306331634521484">
        <ele>558.56640625</ele>
      </trkpt>
      <trkpt lat="46.506521701812744" lon="13.30620288848877">
        <ele>558.2578125</ele>
      </trkpt>
      <trkpt lat="46.506264209747314" lon="13.305923938751221">
        <ele>557.08203125</ele>
      </trkpt>
      <trkpt lat="46.506071090698242" lon="13.305666446685791">
        <ele>556.15234375</ele>
      </trkpt>
      <trkpt lat="46.506028175354004" lon="13.305602073669434">
        <ele>555.9453125</ele>
      </trkpt>
      <trkpt lat="46.505963802337646" lon="13.305494785308838">
        <ele>555.63671875</ele>
      </trkpt>
      <trkpt lat="46.505749225616455" lon="13.305215835571289">
        <ele>554.953125</ele>
      </trkpt>
      <trkpt lat="46.505663394927979" lon="13.305065631866455">
        <ele>555.5703125</ele>
      </trkpt>
      <trkpt lat="46.50562047958374" lon="13.305022716522217">
        <ele>555.7265625</ele>
      </trkpt>
      <trkpt lat="46.505554681643844" lon="13.304899921640754">
        <ele>556.23828125</ele>
      </trkpt>
      <trkpt lat="46.505450326949358" lon="13.304766733199358">
        <ele>556.75</ele>
      </trkpt>
      <trkpt lat="46.505338763818145" lon="13.304657349362969">
        <ele>557.14453125</ele>
      </trkpt>
      <trkpt lat="46.505174981430173" lon="13.304512426257133">
        <ele>557.640625</ele>
      </trkpt>
      <trkpt lat="46.505034668371081" lon="13.304393570870161">
        <ele>558.046875</ele>
      </trkpt>
      <trkpt lat="46.504936767742038" lon="13.304330203682184">
        <ele>558.44921875</ele>
      </trkpt>
      <trkpt lat="46.50476242415607" lon="13.304271027445793">
        <ele>558.6640625</ele>
      </trkpt>
      <trkpt lat="46.504604257643223" lon="13.304226184263825">
        <ele>558.74609375</ele>
      </trkpt>
      <trkpt lat="46.504426309838891" lon="13.304198104888201">
        <ele>558.63671875</ele>
      </trkpt>
      <trkpt lat="46.504178373143077" lon="13.304184526205063">
        <ele>558.28125</ele>
      </trkpt>
      <trkpt lat="46.503881486132741" lon="13.304226016625762">
        <ele>557.12109375</ele>
      </trkpt>
      <trkpt lat="46.503567080944777" lon="13.304267423227429">
        <ele>555.8203125</ele>
      </trkpt>
      <trkpt lat="46.503306655213237" lon="13.304299106821418">
        <ele>554.65625</ele>
      </trkpt>
      <trkpt lat="46.503068776801229" lon="13.304294664412737">
        <ele>553.4140625</ele>
      </trkpt>
      <trkpt lat="46.502878339961171" lon="13.304257029667497">
        <ele>552.609375</ele>
      </trkpt>
      <trkpt lat="46.502673402428627" lon="13.304181341081858">
        <ele>551.8125</ele>
      </trkpt>
      <trkpt lat="46.50256016291678" lon="13.304143454879522">
        <ele>551.27734375</ele>
      </trkpt>
      <trkpt lat="46.502338964492083" lon="13.304017810150981">
        <ele>550.49609375</ele>
      </trkpt>
      <trkpt lat="46.502144336700439" lon="13.303864002227783">
        <ele>549.9296875</ele>
      </trkpt>
      <trkpt lat="46.501951217651367" lon="13.303670883178711">
        <ele>549.3984375</ele>
      </trkpt>
      <trkpt lat="46.50188684463501" lon="13.303585052490234">
        <ele>549.25390625</ele>
      </trkpt>
      <trkpt lat="46.501736640930176" lon="13.303391933441162">
        <ele>549.12890625</ele>
      </trkpt>
      <trkpt lat="46.501522064208984" lon="13.303091526031494">
        <ele>549.16796875</ele>
      </trkpt>
      <trkpt lat="46.500728130340576" lon="13.302083015441895">
        <ele>551.6484375</ele>
      </trkpt>
      <trkpt lat="46.500599384307861" lon="13.301911354064941">
        <ele>552.34375</ele>
      </trkpt>
      <trkpt lat="46.500492095947266" lon="13.301761150360107">
        <ele>554.2265625</ele>
      </trkpt>
      <trkpt lat="46.500427722930908" lon="13.301675319671631">
        <ele>555.21875</ele>
      </trkpt>
      <trkpt lat="46.500105857849121" lon="13.301246166229248">
        <ele>558.26953125</ele>
      </trkpt>
      <trkpt lat="46.499569416046143" lon="13.300559520721436">
        <ele>559.96875</ele>
      </trkpt>
      <trkpt lat="46.499354839324951" lon="13.300344944000244">
        <ele>558.05859375</ele>
      </trkpt>
      <trkpt lat="46.499118804931641" lon="13.30019474029541">
        <ele>555.34375</ele>
      </trkpt>
      <trkpt lat="46.498947143554688" lon="13.300130367279053">
        <ele>555.8125</ele>
      </trkpt>
      <trkpt lat="46.498796939849854" lon="13.300087451934814">
        <ele>556.0625</ele>
      </trkpt>
      <trkpt lat="46.498668193817139" lon="13.300023078918457">
        <ele>556.67578125</ele>
      </trkpt>
      <trkpt lat="46.498603820800781" lon="13.299980163574219">
        <ele>557.140625</ele>
      </trkpt>
      <trkpt lat="46.498517990112305" lon="13.2999587059021">
        <ele>557.26953125</ele>
      </trkpt>
      <trkpt lat="46.498505668714643" lon="13.299924926832318">
        <ele>557.72265625</ele>
      </trkpt>
      <trkpt lat="46.49838924407959" lon="13.299851417541504">
        <ele>558.55078125</ele>
      </trkpt>
      <trkpt lat="46.498324871063232" lon="13.299765586853027">
        <ele>559.6328125</ele>
      </trkpt>
      <trkpt lat="46.498324871063232" lon="13.299765586853027">
        <ele>559.6328125</ele>
      </trkpt>
      <trkpt lat="46.498024463653564" lon="13.299314975738525">
        <ele>564.3359375</ele>
      </trkpt>
      <trkpt lat="46.497809886932373" lon="13.299186229705811">
        <ele>565.328125</ele>
      </trkpt>
      <trkpt lat="46.49763822555542" lon="13.299143314361572">
        <ele>565.38671875</ele>
      </trkpt>
      <trkpt lat="46.497488021850586" lon="13.299143314361572">
        <ele>564.90234375</ele>
      </trkpt>
      <trkpt lat="46.496715545654297" lon="13.299121856689453">
        <ele>567.14453125</ele>
      </trkpt>
      <trkpt lat="46.496007442474365" lon="13.299143314361572">
        <ele>572.28125</ele>
      </trkpt>
      <trkpt lat="46.49578582495451" lon="13.299188073724508">
        <ele>572.6640625</ele>
      </trkpt>
      <trkpt lat="46.494312286376953" lon="13.299486637115479">
        <ele>565.11328125</ele>
      </trkpt>
      <trkpt lat="46.494162082672119" lon="13.299508094787598">
        <ele>563.18359375</ele>
      </trkpt>
      <trkpt lat="46.493625640869141" lon="13.299615383148193">
        <ele>564.6015625</ele>
      </trkpt>
      <trkpt lat="46.492660045623779" lon="13.299400806427002">
        <ele>569.89453125</ele>
      </trkpt>
      <trkpt lat="46.491994857788086" lon="13.299036026000977">
        <ele>565.3515625</ele>
      </trkpt>
      <trkpt lat="46.491544246673584" lon="13.298757076263428">
        <ele>562.6015625</ele>
      </trkpt>
      <trkpt lat="46.491479873657227" lon="13.298714160919189">
        <ele>562.38671875</ele>
      </trkpt>
      <trkpt lat="46.490836143493652" lon="13.298413753509521">
        <ele>555.6328125</ele>
      </trkpt>
      <trkpt lat="46.490578651428223" lon="13.298327922821045">
        <ele>554.6015625</ele>
      </trkpt>
      <trkpt lat="46.49038553237915" lon="13.298285007476807">
        <ele>553.15625</ele>
      </trkpt>
      <trkpt lat="46.490192413330078" lon="13.298263549804688">
        <ele>551.046875</ele>
      </trkpt>
      <trkpt lat="46.490085124969482" lon="13.298263549804688">
        <ele>549.5</ele>
      </trkpt>
      <trkpt lat="46.489806175231934" lon="13.298285007476807">
        <ele>548.59375</ele>
      </trkpt>
      <trkpt lat="46.489570140838623" lon="13.298349380493164">
        <ele>547.6640625</ele>
      </trkpt>
      <trkpt lat="46.48914098739624" lon="13.298521041870117">
        <ele>544.84375</ele>
      </trkpt>
      <trkpt lat="46.48829273879528" lon="13.298974838107824">
        <ele>543.38671875</ele>
      </trkpt>
      <trkpt lat="46.488218307495117" lon="13.299014568328857">
        <ele>543.1328125</ele>
      </trkpt>
      <trkpt lat="46.487810611724854" lon="13.299164772033691">
        <ele>543.328125</ele>
      </trkpt>
      <trkpt lat="46.486523151397705" lon="13.299379348754883">
        <ele>541.95703125</ele>
      </trkpt>
      <trkpt lat="46.485278606414795" lon="13.299529552459717">
        <ele>546.15625</ele>
      </trkpt>
      <trkpt lat="46.484827995300293" lon="13.299572467803955">
        <ele>544.47265625</ele>
      </trkpt>
      <trkpt lat="46.48439884185791" lon="13.299529552459717">
        <ele>540.3125</ele>
      </trkpt>
      <trkpt lat="46.482746601104736" lon="13.299100399017334">
        <ele>529.765625</ele>
      </trkpt>
      <trkpt lat="46.481995582580566" lon="13.298842906951904">
        <ele>530.52734375</ele>
      </trkpt>
      <trkpt lat="46.481566429138184" lon="13.298671245574951">
        <ele>532.5859375</ele>
      </trkpt>
      <trkpt lat="46.48141622543335" lon="13.298606872558594">
        <ele>532.21875</ele>
      </trkpt>
      <trkpt lat="46.481115818023682" lon="13.298392295837402">
        <ele>534.09765625</ele>
      </trkpt>
      <trkpt lat="46.480793952941895" lon="13.298091888427734">
        <ele>537.86328125</ele>
      </trkpt>
      <trkpt lat="46.480300426483154" lon="13.297533988952637">
        <ele>539.59375</ele>
      </trkpt>
      <trkpt lat="46.48015022277832" lon="13.297319412231445">
        <ele>540.05078125</ele>
      </trkpt>
      <trkpt lat="46.479935646057129" lon="13.297040462493896">
        <ele>539.53125</ele>
      </trkpt>
      <trkpt lat="46.479709083214402" lon="13.296813983470201">
        <ele>539.0859375</ele>
      </trkpt>
      <trkpt lat="46.479570865631104" lon="13.296675682067871">
        <ele>538.921875</ele>
      </trkpt>
      <trkpt lat="46.478283405303955" lon="13.295495510101318">
        <ele>536.5625</ele>
      </trkpt>
      <trkpt lat="46.477961540222168" lon="13.29519510269165">
        <ele>531.7734375</ele>
      </trkpt>
      <trkpt lat="46.477854251861572" lon="13.295109272003174">
        <ele>529.36328125</ele>
      </trkpt>
      <trkpt lat="46.477553844451904" lon="13.294851779937744">
        <ele>522.015625</ele>
      </trkpt>
      <trkpt lat="46.47720767185092" lon="13.294530250132084">
        <ele>521.68359375</ele>
      </trkpt>
      <trkpt lat="46.476953029632568" lon="13.294293880462646">
        <ele>523.1875</ele>
      </trkpt>
      <trkpt lat="46.476545333862305" lon="13.29395055770874">
        <ele>528.50390625</ele>
      </trkpt>
      <trkpt lat="46.476287841796875" lon="13.293778896331787">
        <ele>530.9609375</ele>
      </trkpt>
      <trkpt lat="46.475772857666016" lon="13.293414115905762">
        <ele>539.4140625</ele>
      </trkpt>
      <trkpt lat="46.475343704223633" lon="13.293135166168213">
        <ele>543.3828125</ele>
      </trkpt>
      <trkpt lat="46.474442481994629" lon="13.292534351348877">
        <ele>529.9375</ele>
      </trkpt>
      <trkpt lat="46.474359249696136" lon="13.292471906170249">
        <ele>527.16796875</ele>
      </trkpt>
      <trkpt lat="46.474359333515167" lon="13.292471906170249">
        <ele>527.171875</ele>
      </trkpt>
      <trkpt lat="46.474356651306152" lon="13.29246997833252">
        <ele>527.078125</ele>
      </trkpt>
      <trkpt lat="46.474270820617676" lon="13.2924485206604">
        <ele>523.25390625</ele>
      </trkpt>
      <trkpt lat="46.474034786224365" lon="13.292341232299805">
        <ele>521.20703125</ele>
      </trkpt>
      <trkpt lat="46.473884582519531" lon="13.292298316955566">
        <ele>522.19140625</ele>
      </trkpt>
      <trkpt lat="46.473587024956942" lon="13.292298316955566">
        <ele>521.91796875</ele>
      </trkpt>
      <trkpt lat="46.472446918487549" lon="13.2924485206604">
        <ele>522.4765625</ele>
      </trkpt>
      <trkpt lat="46.472017765045166" lon="13.292512893676758">
        <ele>514.2734375</ele>
      </trkpt>
      <trkpt lat="46.471931934356689" lon="13.292534351348877">
        <ele>512.09375</ele>
      </trkpt>
      <trkpt lat="46.471738815307617" lon="13.292577266693115">
        <ele>507.234375</ele>
      </trkpt>
      <trkpt lat="46.471438407897949" lon="13.292663097381592">
        <ele>503.5</ele>
      </trkpt>
      <trkpt lat="46.471288204193115" lon="13.29270601272583">
        <ele>502.01953125</ele>
      </trkpt>
      <trkpt lat="46.470279693603516" lon="13.29296350479126">
        <ele>501.08203125</ele>
      </trkpt>
      <trkpt lat="46.469893455505371" lon="13.293006420135498">
        <ele>503.19140625</ele>
      </trkpt>
      <trkpt lat="46.467361450195312" lon="13.293220996856689">
        <ele>500.5546875</ele>
      </trkpt>
      <trkpt lat="46.466996669769287" lon="13.293285369873047">
        <ele>499.35546875</ele>
      </trkpt>
      <trkpt lat="46.466803550720215" lon="13.293349742889404">
        <ele>496.765625</ele>
      </trkpt>
      <trkpt lat="46.466653347015381" lon="13.29345703125">
        <ele>490.96484375</ele>
      </trkpt>
      <trkpt lat="46.466331481933594" lon="13.293757438659668">
        <ele>482.8359375</ele>
      </trkpt>
      <trkpt lat="46.466031074523926" lon="13.294100761413574">
        <ele>478.578125</ele>
      </trkpt>
      <trkpt lat="46.465494632720947" lon="13.294830322265625">
        <ele>489.73046875</ele>
      </trkpt>
      <trkpt lat="46.465237140655518" lon="13.295130729675293">
        <ele>500.98046875</ele>
      </trkpt>
      <trkpt lat="46.465108394622803" lon="13.295280933380127">
        <ele>509.86328125</ele>
      </trkpt>
      <trkpt lat="46.464722156524658" lon="13.295559883117676">
        <ele>538.30078125</ele>
      </trkpt>
      <trkpt lat="46.46442174911499" lon="13.295731544494629">
        <ele>554.64453125</ele>
      </trkpt>
      <trkpt lat="46.463499069213867" lon="13.296117782592773">
        <ele>576.32421875</ele>
      </trkpt>
      <trkpt lat="46.462855339050293" lon="13.29646110534668">
        <ele>557.29296875</ele>
      </trkpt>
      <trkpt lat="46.462318897247314" lon="13.296804428100586">
        <ele>534.70703125</ele>
      </trkpt>
      <trkpt lat="46.461997032165527" lon="13.297083377838135">
        <ele>514.28125</ele>
      </trkpt>
      <trkpt lat="46.461718082427979" lon="13.297383785247803">
        <ele>505.30859375</ele>
      </trkpt>
      <trkpt lat="46.461353302001953" lon="13.297920227050781">
        <ele>502.04296875</ele>
      </trkpt>
      <trkpt lat="46.461117267608643" lon="13.298392295837402">
        <ele>497.12890625</ele>
      </trkpt>
      <trkpt lat="46.460967063903809" lon="13.298799991607666">
        <ele>497.34375</ele>
      </trkpt>
      <trkpt lat="46.460859775543213" lon="13.299164772033691">
        <ele>499.50390625</ele>
      </trkpt>
      <trkpt lat="46.460709571838379" lon="13.299787044525146">
        <ele>502.2734375</ele>
      </trkpt>
      <trkpt lat="46.460666656494141" lon="13.300237655639648">
        <ele>505.3359375</ele>
      </trkpt>
      <trkpt lat="46.460645198822021" lon="13.300645351409912">
        <ele>504.60546875</ele>
      </trkpt>
      <trkpt lat="46.460645198822021" lon="13.300795555114746">
        <ele>504.734375</ele>
      </trkpt>
      <trkpt lat="46.460645198822021" lon="13.300924301147461">
        <ele>504.84765625</ele>
      </trkpt>
      <trkpt lat="46.460602283477783" lon="13.301589488983154">
        <ele>506.05078125</ele>
      </trkpt>
      <trkpt lat="46.460559368133545" lon="13.301975727081299">
        <ele>506.20703125</ele>
      </trkpt>
      <trkpt lat="46.460473537445068" lon="13.302340507507324">
        <ele>504.72265625</ele>
      </trkpt>
      <trkpt lat="46.460366249084473" lon="13.30270528793335">
        <ele>501.47265625</ele>
      </trkpt>
      <trkpt lat="46.460237503051758" lon="13.303048610687256">
        <ele>499.08984375</ele>
      </trkpt>
      <trkpt lat="46.460151672363281" lon="13.303220272064209">
        <ele>497.11328125</ele>
      </trkpt>
      <trkpt lat="46.459894180297852" lon="13.303713798522949">
        <ele>495.046875</ele>
      </trkpt>
      <trkpt lat="46.459786891937256" lon="13.303885459899902">
        <ele>494.69921875</ele>
      </trkpt>
      <trkpt lat="46.459121704101563" lon="13.30470085144043">
        <ele>488.8203125</ele>
      </trkpt>
      <trkpt lat="46.458842754364014" lon="13.305065631866455">
        <ele>488.546875</ele>
      </trkpt>
      <trkpt lat="46.458714008331299" lon="13.305280208587646">
        <ele>488.96484375</ele>
      </trkpt>
      <trkpt lat="46.458585262298584" lon="13.305537700653076">
        <ele>489.62890625</ele>
      </trkpt>
      <trkpt lat="46.457984447479248" lon="13.306717872619629">
        <ele>478.6640625</ele>
      </trkpt>
      <trkpt lat="46.457662582397461" lon="13.307318687438965">
        <ele>479.10546875</ele>
      </trkpt>
      <trkpt lat="46.457383632659912" lon="13.307855129241943">
        <ele>486.7421875</ele>
      </trkpt>
      <trkpt lat="46.457104682922363" lon="13.308413028717041">
        <ele>489.84765625</ele>
      </trkpt>
      <trkpt lat="46.456868648529053" lon="13.308970928192139">
        <ele>487.92578125</ele>
      </trkpt>
      <trkpt lat="46.456611156463623" lon="13.309829235076904">
        <ele>490.84375</ele>
      </trkpt>
      <trkpt lat="46.456353664398193" lon="13.310644626617432">
        <ele>492.83984375</ele>
      </trkpt>
      <trkpt lat="46.455924510955811" lon="13.311975002288818">
        <ele>485.1875</ele>
      </trkpt>
      <trkpt lat="46.455774307250977" lon="13.312296867370605">
        <ele>483.85546875</ele>
      </trkpt>
      <trkpt lat="46.455581188201904" lon="13.31268310546875">
        <ele>483.98046875</ele>
      </trkpt>
      <trkpt lat="46.455388069152832" lon="13.313026428222656">
        <ele>484.1640625</ele>
      </trkpt>
      <trkpt lat="46.455173492431641" lon="13.313326835632324">
        <ele>481.51171875</ele>
      </trkpt>
      <trkpt lat="46.454379558563232" lon="13.314528465270996">
        <ele>477.19921875</ele>
      </trkpt>
      <trkpt lat="46.453907489776611" lon="13.315258026123047">
        <ele>470.55078125</ele>
      </trkpt>
      <trkpt lat="46.453542709350586" lon="13.315815925598145">
        <ele>468.48828125</ele>
      </trkpt>
      <trkpt lat="46.453285217285156" lon="13.316159248352051">
        <ele>470.15234375</ele>
      </trkpt>
      <trkpt lat="46.453156471252441" lon="13.316309452056885">
        <ele>472.21484375</ele>
      </trkpt>
      <trkpt lat="46.452984809875488" lon="13.316545486450195">
        <ele>475.0625</ele>
      </trkpt>
      <trkpt lat="46.452834606170654" lon="13.316695690155029">
        <ele>474.75390625</ele>
      </trkpt>
      <trkpt lat="46.45268440246582" lon="13.316802978515625">
        <ele>472.5234375</ele>
      </trkpt>
      <trkpt lat="46.452426910400391" lon="13.316996097564697">
        <ele>469.76953125</ele>
      </trkpt>
      <trkpt lat="46.452233791351318" lon="13.317103385925293">
        <ele>469.171875</ele>
      </trkpt>
      <trkpt lat="46.450088024139404" lon="13.318219184875488">
        <ele>470.81640625</ele>
      </trkpt>
      <trkpt lat="46.449830532073975" lon="13.318305015563965">
        <ele>469.1953125</ele>
      </trkpt>
      <trkpt lat="46.449551582336426" lon="13.318390846252441">
        <ele>465.70703125</ele>
      </trkpt>
      <trkpt lat="46.449337005615234" lon="13.31843376159668">
        <ele>461.75390625</ele>
      </trkpt>
      <trkpt lat="46.448671817779541" lon="13.318476676940918">
        <ele>439.41796875</ele>
      </trkpt>
      <trkpt lat="46.44843578338623" lon="13.318455219268799">
        <ele>430.265625</ele>
      </trkpt>
      <trkpt lat="46.447641849517822" lon="13.318262100219727">
        <ele>424.6875</ele>
      </trkpt>
      <trkpt lat="46.447234153747559" lon="13.318154811859131">
        <ele>433.65625</ele>
      </trkpt>
      <trkpt lat="46.447169780731201" lon="13.318111896514893">
        <ele>435.14453125</ele>
      </trkpt>
      <trkpt lat="46.447041034698486" lon="13.318047523498535">
        <ele>437.8828125</ele>
      </trkpt>
      <trkpt lat="46.44646167755127" lon="13.31768274307251">
        <ele>446.1875</ele>
      </trkpt>
      <trkpt lat="46.44594669342041" lon="13.317317962646484">
        <ele>454.17578125</ele>
      </trkpt>
      <trkpt lat="46.445775032043457" lon="13.31716775894165">
        <ele>454.203125</ele>
      </trkpt>
      <trkpt lat="46.445431709289551" lon="13.316867351531982">
        <ele>452.9296875</ele>
      </trkpt>
      <trkpt lat="46.444852352142334" lon="13.3164381980896">
        <ele>451.33203125</ele>
      </trkpt>
      <trkpt lat="46.443800926208496" lon="13.315579891204834">
        <ele>443.26953125</ele>
      </trkpt>
      <trkpt lat="46.443521976470947" lon="13.315258026123047">
        <ele>436.44140625</ele>
      </trkpt>
      <trkpt lat="46.443135738372803" lon="13.314807415008545">
        <ele>438.0078125</ele>
      </trkpt>
      <trkpt lat="46.442191600799561" lon="13.31369161605835">
        <ele>439.97265625</ele>
      </trkpt>
      <trkpt lat="46.440753936767578" lon="13.312017917633057">
        <ele>438.90234375</ele>
      </trkpt>
      <trkpt lat="46.440260410308838" lon="13.311631679534912">
        <ele>445.27734375</ele>
      </trkpt>
      <trkpt lat="46.439895629882813" lon="13.311460018157959">
        <ele>447.53515625</ele>
      </trkpt>
      <trkpt lat="46.439552307128906" lon="13.311395645141602">
        <ele>450.29296875</ele>
      </trkpt>
      <trkpt lat="46.439230442047119" lon="13.311374187469482">
        <ele>454.078125</ele>
      </trkpt>
      <trkpt lat="46.438994407653809" lon="13.311395645141602">
        <ele>454.50390625</ele>
      </trkpt>
      <trkpt lat="46.438779830932617" lon="13.311417102813721">
        <ele>454.453125</ele>
      </trkpt>
      <trkpt lat="46.438543796539307" lon="13.311502933502197">
        <ele>457.8359375</ele>
      </trkpt>
      <trkpt lat="46.438243389129639" lon="13.311653137207031">
        <ele>460.4921875</ele>
      </trkpt>
      <trkpt lat="46.437857151031494" lon="13.311910629272461">
        <ele>455.73828125</ele>
      </trkpt>
      <trkpt lat="46.437535285949707" lon="13.312146663665771">
        <ele>452.26171875</ele>
      </trkpt>
      <trkpt lat="46.437154579907656" lon="13.312400551512837">
        <ele>452.453125</ele>
      </trkpt>
      <trkpt lat="46.437154579907656" lon="13.312400551512837">
        <ele>452.453125</ele>
      </trkpt>
      <trkpt lat="46.437084674835205" lon="13.312447071075439">
        <ele>452.03125</ele>
      </trkpt>
      <trkpt lat="46.436784267425537" lon="13.312597274780273">
        <ele>447.03515625</ele>
      </trkpt>
      <trkpt lat="46.435775756835938" lon="13.31317663192749">
        <ele>446.60546875</ele>
      </trkpt>
      <trkpt lat="46.43571138381958" lon="13.313219547271729">
        <ele>447.0390625</ele>
      </trkpt>
      <trkpt lat="46.435046195983887" lon="13.313562870025635">
        <ele>446.47265625</ele>
      </trkpt>
      <trkpt lat="46.434359550476074" lon="13.31392765045166">
        <ele>445.5546875</ele>
      </trkpt>
      <trkpt lat="46.433522701263428" lon="13.3144211769104">
        <ele>444.03125</ele>
      </trkpt>
      <trkpt lat="46.432685852050781" lon="13.314893245697021">
        <ele>432.45703125</ele>
      </trkpt>
      <trkpt lat="46.432127952575684" lon="13.315215110778809">
        <ele>427.90625</ele>
      </trkpt>
      <trkpt lat="46.43146276473999" lon="13.315579891204834">
        <ele>429.69140625</ele>
      </trkpt>
      <trkpt lat="46.431205272674561" lon="13.315730094909668">
        <ele>431.5625</ele>
      </trkpt>
      <trkpt lat="46.430368423461914" lon="13.316202163696289">
        <ele>442.109375</ele>
      </trkpt>
      <trkpt lat="46.428608894348145" lon="13.31718921661377">
        <ele>457.921875</ele>
      </trkpt>
      <trkpt lat="46.427814960479736" lon="13.317661285400391">
        <ele>447.40625</ele>
      </trkpt>
      <trkpt lat="46.426377296447754" lon="13.318476676940918">
        <ele>444.59375</ele>
      </trkpt>
      <trkpt lat="46.426076889038086" lon="13.318712711334229">
        <ele>447.8125</ele>
      </trkpt>
      <trkpt lat="46.425905227661133" lon="13.318798542022705">
        <ele>446.23046875</ele>
      </trkpt>
      <trkpt lat="46.425819396972656" lon="13.318841457366943">
        <ele>446.3984375</ele>
      </trkpt>
      <trkpt lat="46.42547607421875" lon="13.319034576416016">
        <ele>447.8359375</ele>
      </trkpt>
      <trkpt lat="46.425154209136963" lon="13.319141864776611">
        <ele>441.10546875</ele>
      </trkpt>
      <trkpt lat="46.424746513366699" lon="13.319334983825684">
        <ele>433.25</ele>
      </trkpt>
      <trkpt lat="46.42397403717041" lon="13.31967830657959">
        <ele>435.0859375</ele>
      </trkpt>
      <trkpt lat="46.423308849334717" lon="13.3199143409729">
        <ele>456.38671875</ele>
      </trkpt>
      <trkpt lat="46.422128677368164" lon="13.320450782775879">
        <ele>459.46875</ele>
      </trkpt>
      <trkpt lat="46.421763896942139" lon="13.320579528808594">
        <ele>450.96484375</ele>
      </trkpt>
      <trkpt lat="46.421613693237305" lon="13.320622444152832">
        <ele>448.890625</ele>
      </trkpt>
      <trkpt lat="46.421184539794922" lon="13.32066535949707">
        <ele>438.8671875</ele>
      </trkpt>
      <trkpt lat="46.420905590057373" lon="13.320643901824951">
        <ele>428.75</ele>
      </trkpt>
      <trkpt lat="46.42047643661499" lon="13.320536613464355">
        <ele>427.71875</ele>
      </trkpt>
      <trkpt lat="46.420047283172607" lon="13.320364952087402">
        <ele>421.9296875</ele>
      </trkpt>
      <trkpt lat="46.419768333435059" lon="13.320193290710449">
        <ele>412.62890625</ele>
      </trkpt>
      <trkpt lat="46.419575214385986" lon="13.320043087005615">
        <ele>410.71875</ele>
      </trkpt>
      <trkpt lat="46.419403553009033" lon="13.319871425628662">
        <ele>408.0546875</ele>
      </trkpt>
      <trkpt lat="46.419081687927246" lon="13.319506645202637">
        <ele>405.62109375</ele>
      </trkpt>
      <trkpt lat="46.418695449829102" lon="13.319098949432373">
        <ele>410.4296875</ele>
      </trkpt>
      <trkpt lat="46.418309211730957" lon="13.31866979598999">
        <ele>408.76953125</ele>
      </trkpt>
      <trkpt lat="46.417686939239502" lon="13.317940235137939">
        <ele>409.3828125</ele>
      </trkpt>
      <trkpt lat="46.417043209075928" lon="13.317296504974365">
        <ele>415.75390625</ele>
      </trkpt>
      <trkpt lat="46.415884494781494" lon="13.316137790679932">
        <ele>404.3515625</ele>
      </trkpt>
      <trkpt lat="46.415691375732422" lon="13.315944671630859">
        <ele>403.6171875</ele>
      </trkpt>
      <trkpt lat="46.414532661437988" lon="13.314828872680664">
        <ele>413.484375</ele>
      </trkpt>
      <trkpt lat="46.414124965667725" lon="13.314485549926758">
        <ele>413.3046875</ele>
      </trkpt>
      <trkpt lat="46.413953304290771" lon="13.314399719238281">
        <ele>412.3125</ele>
      </trkpt>
      <trkpt lat="46.413910388946533" lon="13.314378261566162">
        <ele>412.42578125</ele>
      </trkpt>
      <trkpt lat="46.413567066192627" lon="13.314249515533447">
        <ele>414.44921875</ele>
      </trkpt>
      <trkpt lat="46.413416862487793" lon="13.314228057861328">
        <ele>412.78125</ele>
      </trkpt>
      <trkpt lat="46.413202285766602" lon="13.314163684844971">
        <ele>413.3203125</ele>
      </trkpt>
      <trkpt lat="46.412472724914551" lon="13.313884735107422">
        <ele>412.13671875</ele>
      </trkpt>
      <trkpt lat="46.412279605865479" lon="13.31369161605835">
        <ele>413.87890625</ele>
      </trkpt>
      <trkpt lat="46.411678791046143" lon="13.31343412399292">
        <ele>407.8828125</ele>
      </trkpt>
      <trkpt lat="46.411228179931641" lon="13.312983512878418">
        <ele>412.2578125</ele>
      </trkpt>
      <trkpt lat="46.410520076751709" lon="13.312146663665771">
        <ele>408.2265625</ele>
      </trkpt>
      <trkpt lat="46.410069465637207" lon="13.311481475830078">
        <ele>400.16015625</ele>
      </trkpt>
      <trkpt lat="46.409726142883301" lon="13.310966491699219">
        <ele>401.67578125</ele>
      </trkpt>
      <trkpt lat="46.40949010848999" lon="13.310623168945313">
        <ele>401.453125</ele>
      </trkpt>
      <trkpt lat="46.409425735473633" lon="13.310537338256836">
        <ele>400.7578125</ele>
      </trkpt>
      <trkpt lat="46.408910751342773" lon="13.309743404388428">
        <ele>402.71875</ele>
      </trkpt>
      <trkpt lat="46.408545970916748" lon="13.309249877929688">
        <ele>402.91015625</ele>
      </trkpt>
      <trkpt lat="46.408481597900391" lon="13.309099674224854">
        <ele>403.41796875</ele>
      </trkpt>
      <trkpt lat="46.408309936523438" lon="13.308649063110352">
        <ele>404.6484375</ele>
      </trkpt>
      <trkpt lat="46.408212035894394" lon="13.308335663750768">
        <ele>406.296875</ele>
      </trkpt>
      <trkpt lat="46.408095359802246" lon="13.307962417602539">
        <ele>407.58203125</ele>
      </trkpt>
      <trkpt lat="46.408030986785889" lon="13.307576179504395">
        <ele>410.2265625</ele>
      </trkpt>
      <trkpt lat="46.40798807144165" lon="13.307297229766846">
        <ele>412.046875</ele>
      </trkpt>
      <trkpt lat="46.407902240753174" lon="13.306095600128174">
        <ele>419.6171875</ele>
      </trkpt>
      <trkpt lat="46.407859325408936" lon="13.305516242980957">
        <ele>421.3515625</ele>
      </trkpt>
      <trkpt lat="46.407773494720459" lon="13.305044174194336">
        <ele>418.65625</ele>
      </trkpt>
      <trkpt lat="46.407687664031982" lon="13.304636478424072">
        <ele>414.5625</ele>
      </trkpt>
      <trkpt lat="46.407580375671387" lon="13.304228782653809">
        <ele>409.98046875</ele>
      </trkpt>
      <trkpt lat="46.407516002655029" lon="13.304035663604736">
        <ele>409.6328125</ele>
      </trkpt>
      <trkpt lat="46.407430171966553" lon="13.303821086883545">
        <ele>409.83203125</ele>
      </trkpt>
      <trkpt lat="46.40700101852417" lon="13.302619457244873">
        <ele>408.15625</ele>
      </trkpt>
      <trkpt lat="46.406936645507813" lon="13.30244779586792">
        <ele>407.15625</ele>
      </trkpt>
      <trkpt lat="46.406850814819336" lon="13.302147388458252">
        <ele>405.87109375</ele>
      </trkpt>
      <trkpt lat="46.406679153442383" lon="13.301095962524414">
        <ele>406.1875</ele>
      </trkpt>
      <trkpt lat="46.406335830688477" lon="13.299508094787598">
        <ele>405.8984375</ele>
      </trkpt>
      <trkpt lat="46.405906677246094" lon="13.297662734985352">
        <ele>402.79296875</ele>
      </trkpt>
      <trkpt lat="46.405799388885498" lon="13.296933174133301">
        <ele>400.1796875</ele>
      </trkpt>
      <trkpt lat="46.40575647354126" lon="13.296246528625488">
        <ele>391.47265625</ele>
      </trkpt>
      <trkpt lat="46.405735015869141" lon="13.295431137084961">
        <ele>398.6875</ele>
      </trkpt>
      <trkpt lat="46.405735015869141" lon="13.295366764068604">
        <ele>399.671875</ele>
      </trkpt>
      <trkpt lat="46.405735015869141" lon="13.295109272003174">
        <ele>404.32421875</ele>
      </trkpt>
      <trkpt lat="46.405670642852783" lon="13.294572830200195">
        <ele>412.671875</ele>
      </trkpt>
      <trkpt lat="46.405649185180664" lon="13.294422626495361">
        <ele>414.60546875</ele>
      </trkpt>
      <trkpt lat="46.405477523803711" lon="13.292899131774902">
        <ele>422.953125</ele>
      </trkpt>
      <trkpt lat="46.405413150787354" lon="13.2924485206604">
        <ele>424.484375</ele>
      </trkpt>
      <trkpt lat="46.405348777770996" lon="13.29221248626709">
        <ele>423.20703125</ele>
      </trkpt>
      <trkpt lat="46.405284404754639" lon="13.292019367218018">
        <ele>421.00390625</ele>
      </trkpt>
      <trkpt lat="46.405198574066162" lon="13.291804790496826">
        <ele>418.86328125</ele>
      </trkpt>
      <trkpt lat="46.404962539672852" lon="13.291418552398682">
        <ele>415.37109375</ele>
      </trkpt>
      <trkpt lat="46.404833793640137" lon="13.291225433349609">
        <ele>414.859375</ele>
      </trkpt>
      <trkpt lat="46.403889656066895" lon="13.289937973022461">
        <ele>410.12109375</ele>
      </trkpt>
      <trkpt lat="46.403138637542725" lon="13.289015293121338">
        <ele>394.6171875</ele>
      </trkpt>
      <trkpt lat="46.402881145477295" lon="13.288629055023193">
        <ele>392.26953125</ele>
      </trkpt>
      <trkpt lat="46.402838230133057" lon="13.288564682006836">
        <ele>391.46875</ele>
      </trkpt>
      <trkpt lat="46.401658058166504" lon="13.286848068237305">
        <ele>382.921875</ele>
      </trkpt>
      <trkpt lat="46.401572227478027" lon="13.286740779876709">
        <ele>383.23828125</ele>
      </trkpt>
      <trkpt lat="46.401464939117432" lon="13.286569118499756">
        <ele>383.6875</ele>
      </trkpt>
      <trkpt lat="46.401164531707764" lon="13.286011219024658">
        <ele>382.40234375</ele>
      </trkpt>
      <trkpt lat="46.401057243347168" lon="13.285818099975586">
        <ele>382.015625</ele>
      </trkpt>
      <trkpt lat="46.401035785675049" lon="13.285775184631348">
        <ele>381.96875</ele>
      </trkpt>
      <trkpt lat="46.400649547576904" lon="13.285024166107178">
        <ele>383.69140625</ele>
      </trkpt>
      <trkpt lat="46.400113105773926" lon="13.284165859222412">
        <ele>386.98828125</ele>
      </trkpt>
      <trkpt lat="46.3997483253479" lon="13.283758163452148">
        <ele>385.16015625</ele>
      </trkpt>
      <trkpt lat="46.399233341217041" lon="13.283350467681885">
        <ele>385.6796875</ele>
      </trkpt>
      <trkpt lat="46.399083137512207" lon="13.28322172164917">
        <ele>387.84765625</ele>
      </trkpt>
      <trkpt lat="46.398825645446777" lon="13.283050060272217">
        <ele>386.05859375</ele>
      </trkpt>
      <trkpt lat="46.398632526397705" lon="13.282835483551025">
        <ele>385.30859375</ele>
      </trkpt>
      <trkpt lat="46.398332118988037" lon="13.282427787780762">
        <ele>380.0703125</ele>
      </trkpt>
      <trkpt lat="46.397881507873535" lon="13.281612396240234">
        <ele>375.10546875</ele>
      </trkpt>
      <trkpt lat="46.397731304168701" lon="13.281311988830566">
        <ele>372.66796875</ele>
      </trkpt>
      <trkpt lat="46.397366523742676" lon="13.280668258666992">
        <ele>373.9296875</ele>
      </trkpt>
      <trkpt lat="46.397130489349365" lon="13.280324935913086">
        <ele>374.5390625</ele>
      </trkpt>
      <trkpt lat="46.396872997283936" lon="13.27998161315918">
        <ele>372.625</ele>
      </trkpt>
      <trkpt lat="46.396529674530029" lon="13.279402256011963">
        <ele>371.578125</ele>
      </trkpt>
      <trkpt lat="46.396358013153076" lon="13.279016017913818">
        <ele>370.29296875</ele>
      </trkpt>
      <trkpt lat="46.396207809448242" lon="13.278543949127197">
        <ele>368.04296875</ele>
      </trkpt>
      <trkpt lat="46.395928859710693" lon="13.277578353881836">
        <ele>359.25</ele>
      </trkpt>
      <trkpt lat="46.395843029022217" lon="13.277277946472168">
        <ele>359.3359375</ele>
      </trkpt>
      <trkpt lat="46.395628452301025" lon="13.276355266571045">
        <ele>366.68359375</ele>
      </trkpt>
      <trkpt lat="46.395585536956787" lon="13.276033401489258">
        <ele>370.2109375</ele>
      </trkpt>
      <trkpt lat="46.395542621612549" lon="13.275668621063232">
        <ele>379.9296875</ele>
      </trkpt>
      <trkpt lat="46.39552116394043" lon="13.275282382965088">
        <ele>390.36328125</ele>
      </trkpt>
      <trkpt lat="46.395542621612549" lon="13.274445533752441">
        <ele>398.32421875</ele>
      </trkpt>
      <trkpt lat="46.395564079284668" lon="13.27423095703125">
        <ele>393.84375</ele>
      </trkpt>
      <trkpt lat="46.395671367645264" lon="13.273608684539795">
        <ele>375.8359375</ele>
      </trkpt>
      <trkpt lat="46.395778656005859" lon="13.27322244644165">
        <ele>368.28125</ele>
      </trkpt>
      <trkpt lat="46.395928859710693" lon="13.272900581359863">
        <ele>362.76171875</ele>
      </trkpt>
      <trkpt lat="46.396465301513672" lon="13.271441459655762">
        <ele>362.44140625</ele>
      </trkpt>
      <trkpt lat="46.396551132202148" lon="13.271055221557617">
        <ele>359.38671875</ele>
      </trkpt>
      <trkpt lat="46.396594047546387" lon="13.270797729492188">
        <ele>359.74609375</ele>
      </trkpt>
      <trkpt lat="46.396658420562744" lon="13.270282745361328">
        <ele>360.08203125</ele>
      </trkpt>
      <trkpt lat="46.396658420562744" lon="13.269939422607422">
        <ele>358.99609375</ele>
      </trkpt>
      <trkpt lat="46.396636962890625" lon="13.269531726837158">
        <ele>357.375</ele>
      </trkpt>
      <trkpt lat="46.396615505218506" lon="13.269424438476563">
        <ele>356.78515625</ele>
      </trkpt>
      <trkpt lat="46.396164894104004" lon="13.266613483428955">
        <ele>360.6953125</ele>
      </trkpt>
      <trkpt lat="46.396036148071289" lon="13.265712261199951">
        <ele>364.078125</ele>
      </trkpt>
      <trkpt lat="46.395885944366455" lon="13.264961242675781">
        <ele>359.8046875</ele>
      </trkpt>
      <trkpt lat="46.395606994628906" lon="13.263716697692871">
        <ele>353.5546875</ele>
      </trkpt>
      <trkpt lat="46.395478248596191" lon="13.263266086578369">
        <ele>351.09765625</ele>
      </trkpt>
      <trkpt lat="46.395285129547119" lon="13.262600898742676">
        <ele>347.81640625</ele>
      </trkpt>
      <trkpt lat="46.395049095153809" lon="13.261935710906982">
        <ele>347.19921875</ele>
      </trkpt>
      <trkpt lat="46.394126415252686" lon="13.259639739990234">
        <ele>348.22265625</ele>
      </trkpt>
      <trkpt lat="46.393954753875732" lon="13.259146213531494">
        <ele>349.11328125</ele>
      </trkpt>
      <trkpt lat="46.393911838531494" lon="13.259017467498779">
        <ele>349.3203125</ele>
      </trkpt>
      <trkpt lat="46.393826007843018" lon="13.258631229400635">
        <ele>349.48828125</ele>
      </trkpt>
      <trkpt lat="46.393740177154541" lon="13.258116245269775">
        <ele>348.3828125</ele>
      </trkpt>
      <trkpt lat="46.393675804138184" lon="13.257622718811035">
        <ele>347.0703125</ele>
      </trkpt>
      <trkpt lat="46.393654346466064" lon="13.257086277008057">
        <ele>346.02734375</ele>
      </trkpt>
      <trkpt lat="46.393675804138184" lon="13.25650691986084">
        <ele>345.8359375</ele>
      </trkpt>
      <trkpt lat="46.393740177154541" lon="13.255949020385742">
        <ele>346.37109375</ele>
      </trkpt>
      <trkpt lat="46.393804550170898" lon="13.255541324615479">
        <ele>347.5703125</ele>
      </trkpt>
      <trkpt lat="46.393890380859375" lon="13.255176544189453">
        <ele>348.296875</ele>
      </trkpt>
      <trkpt lat="46.394212245941162" lon="13.254082202911377">
        <ele>342.52734375</ele>
      </trkpt>
      <trkpt lat="46.394362449645996" lon="13.253331184387207">
        <ele>339.234375</ele>
      </trkpt>
      <trkpt lat="46.394448280334473" lon="13.252859115600586">
        <ele>337.921875</ele>
      </trkpt>
      <trkpt lat="46.39451265335083" lon="13.252279758453369">
        <ele>336.19140625</ele>
      </trkpt>
      <trkpt lat="46.39451265335083" lon="13.251721858978271">
        <ele>335.4609375</ele>
      </trkpt>
      <trkpt lat="46.394534111022949" lon="13.247430324554443">
        <ele>331.609375</ele>
      </trkpt>
      <trkpt lat="46.394534111022949" lon="13.247237205505371">
        <ele>332.1171875</ele>
      </trkpt>
      <trkpt lat="46.394534111022949" lon="13.246550559997559">
        <ele>332.51171875</ele>
      </trkpt>
      <trkpt lat="46.39451265335083" lon="13.246099948883057">
        <ele>332.30078125</ele>
      </trkpt>
      <trkpt lat="46.394426822662354" lon="13.24552059173584">
        <ele>330.78515625</ele>
      </trkpt>
      <trkpt lat="46.394319534301758" lon="13.245069980621338">
        <ele>329.33203125</ele>
      </trkpt>
      <trkpt lat="46.394126415252686" lon="13.244490623474121">
        <ele>329.21484375</ele>
      </trkpt>
      <trkpt lat="46.393439769744873" lon="13.242902755737305">
        <ele>332.765625</ele>
      </trkpt>
      <trkpt lat="46.393289566040039" lon="13.242537975311279">
        <ele>333.296875</ele>
      </trkpt>
      <trkpt lat="46.393074989318848" lon="13.241851329803467">
        <ele>333.41015625</ele>
      </trkpt>
      <trkpt lat="46.393032073974609" lon="13.241679668426514">
        <ele>333.55078125</ele>
      </trkpt>
      <trkpt lat="46.392924785614014" lon="13.241229057312012">
        <ele>333.30859375</ele>
      </trkpt>
      <trkpt lat="46.39277458190918" lon="13.240435123443604">
        <ele>332.46484375</ele>
      </trkpt>
      <trkpt lat="46.392710208892822" lon="13.239705562591553">
        <ele>331.890625</ele>
      </trkpt>
      <trkpt lat="46.392688751220703" lon="13.239340782165527">
        <ele>331.734375</ele>
      </trkpt>
      <trkpt lat="46.392667293548584" lon="13.238675594329834">
        <ele>331.234375</ele>
      </trkpt>
      <trkpt lat="46.392667293548584" lon="13.238439559936523">
        <ele>331.15625</ele>
      </trkpt>
      <trkpt lat="46.392731666564941" lon="13.234233856201172">
        <ele>334.01171875</ele>
      </trkpt>
      <trkpt lat="46.392838954925537" lon="13.232088088989258">
        <ele>330.625</ele>
      </trkpt>
      <trkpt lat="46.393139362335205" lon="13.227410316467285">
        <ele>324.77734375</ele>
      </trkpt>
      <trkpt lat="46.393139362335205" lon="13.227324485778809">
        <ele>325.03515625</ele>
      </trkpt>
      <trkpt lat="46.393482685089111" lon="13.221917152404785">
        <ele>324</ele>
      </trkpt>
      <trkpt lat="46.393547058105469" lon="13.221359252929688">
        <ele>324</ele>
      </trkpt>
      <trkpt lat="46.393568515777588" lon="13.221230506896973">
        <ele>324</ele>
      </trkpt>
      <trkpt lat="46.393589973449707" lon="13.221015930175781">
        <ele>324</ele>
      </trkpt>
      <trkpt lat="46.393589973449707" lon="13.220887184143066">
        <ele>324</ele>
      </trkpt>
      <trkpt lat="46.393654346466064" lon="13.220500946044922">
        <ele>324</ele>
      </trkpt>
      <trkpt lat="46.393868923187256" lon="13.219063282012939">
        <ele>324</ele>
      </trkpt>
      <trkpt lat="46.393933296203613" lon="13.21854829788208">
        <ele>324</ele>
      </trkpt>
      <trkpt lat="46.393976211547852" lon="13.218376636505127">
        <ele>324</ele>
      </trkpt>
      <trkpt lat="46.394023401662707" lon="13.218027027323842">
        <ele>324</ele>
      </trkpt>
      <trkpt lat="46.394083499908447" lon="13.217582702636719">
        <ele>324.04296875</ele>
      </trkpt>
      <trkpt lat="46.394169330596924" lon="13.217003345489502">
        <ele>324.0703125</ele>
      </trkpt>
      <trkpt lat="46.394362449645996" lon="13.215651512145996">
        <ele>322.9765625</ele>
      </trkpt>
      <trkpt lat="46.394362449645996" lon="13.21530818939209">
        <ele>322.21484375</ele>
      </trkpt>
      <trkpt lat="46.39451265335083" lon="13.214321136474609">
        <ele>322.1796875</ele>
      </trkpt>
      <trkpt lat="46.394555568695068" lon="13.213999271392822">
        <ele>323.42578125</ele>
      </trkpt>
      <trkpt lat="46.395092010498047" lon="13.2110595703125">
        <ele>321.8671875</ele>
      </trkpt>
      <trkpt lat="46.395113468170166" lon="13.210844993591309">
        <ele>321.3828125</ele>
      </trkpt>
      <trkpt lat="46.395134925842285" lon="13.210651874542236">
        <ele>320.9765625</ele>
      </trkpt>
      <trkpt lat="46.395263671875" lon="13.208999633789063">
        <ele>326.89453125</ele>
      </trkpt>
      <trkpt lat="46.395263671875" lon="13.208827972412109">
        <ele>328.46484375</ele>
      </trkpt>
      <trkpt lat="46.395285129547119" lon="13.208613395690918">
        <ele>330.203125</ele>
      </trkpt>
      <trkpt lat="46.395306587219238" lon="13.207046985626221">
        <ele>353.7890625</ele>
      </trkpt>
      <trkpt lat="46.395435333251953" lon="13.204450607299805">
        <ele>360.0234375</ele>
      </trkpt>
      <trkpt lat="46.395564079284668" lon="13.20256233215332">
        <ele>363.890625</ele>
      </trkpt>
      <trkpt lat="46.395993232727051" lon="13.198442459106445">
        <ele>363.8984375</ele>
      </trkpt>
      <trkpt lat="46.396143436431885" lon="13.197391033172607">
        <ele>352.7890625</ele>
      </trkpt>
      <trkpt lat="46.396315097808838" lon="13.196210861206055">
        <ele>346.2109375</ele>
      </trkpt>
      <trkpt lat="46.396572589874268" lon="13.194687366485596">
        <ele>316.60546875</ele>
      </trkpt>
      <trkpt lat="46.396594047546387" lon="13.194558620452881">
        <ele>314.36328125</ele>
      </trkpt>
      <trkpt lat="46.396851539611816" lon="13.193485736846924">
        <ele>325.0234375</ele>
      </trkpt>
      <trkpt lat="46.397151947021484" lon="13.192627429962158">
        <ele>331.93359375</ele>
      </trkpt>
      <trkpt lat="46.397452354431152" lon="13.191876411437988">
        <ele>321.2109375</ele>
      </trkpt>
      <trkpt lat="46.397688388824463" lon="13.191232681274414">
        <ele>321.1640625</ele>
      </trkpt>
      <trkpt lat="46.398031711578369" lon="13.189816474914551">
        <ele>361.9140625</ele>
      </trkpt>
      <trkpt lat="46.398718357086182" lon="13.186640739440918">
        <ele>348.0625</ele>
      </trkpt>
      <trkpt lat="46.39901876449585" lon="13.18533182144165">
        <ele>344.33984375</ele>
      </trkpt>
      <trkpt lat="46.399083137512207" lon="13.184967041015625">
        <ele>339.82421875</ele>
      </trkpt>
      <trkpt lat="46.399147510528564" lon="13.184645175933838">
        <ele>335.84375</ele>
      </trkpt>
      <trkpt lat="46.399168968200684" lon="13.184366226196289">
        <ele>332.0546875</ele>
      </trkpt>
      <trkpt lat="46.399168968200684" lon="13.18408727645874">
        <ele>325.6171875</ele>
      </trkpt>
      <trkpt lat="46.399147510528564" lon="13.183786869049072">
        <ele>319.11328125</ele>
      </trkpt>
      <trkpt lat="46.399104595184326" lon="13.183550834655762">
        <ele>314.93359375</ele>
      </trkpt>
      <trkpt lat="46.398353576660156" lon="13.180825710296631">
        <ele>299.98046875</ele>
      </trkpt>
      <trkpt lat="46.397923417389393" lon="13.179212026298046">
        <ele>301.3125</ele>
      </trkpt>
      <trkpt lat="46.39790078625083" lon="13.179135918617249">
        <ele>301.4296875</ele>
      </trkpt>
      <trkpt lat="46.397662069648504" lon="13.178284568712115">
        <ele>301.52734375</ele>
      </trkpt>
      <trkpt lat="46.397392591461539" lon="13.177239177748561">
        <ele>305.03125</ele>
      </trkpt>
      <trkpt lat="46.396928066387773" lon="13.175524240359664">
        <ele>302.703125</ele>
      </trkpt>
      <trkpt lat="46.396354576572776" lon="13.173257522284985">
        <ele>316.8359375</ele>
      </trkpt>
      <trkpt lat="46.395912347361445" lon="13.171807117760181">
        <ele>304.515625</ele>
      </trkpt>
      <trkpt lat="46.395503645762801" lon="13.170736581087112">
        <ele>311.73828125</ele>
      </trkpt>
      <trkpt lat="46.394334705546498" lon="13.167948089540005">
        <ele>303.33203125</ele>
      </trkpt>
      <trkpt lat="46.393839921802282" lon="13.167071677744389">
        <ele>303.9609375</ele>
      </trkpt>
      <trkpt lat="46.393519146367908" lon="13.166570020839572">
        <ele>302.625</ele>
      </trkpt>
      <trkpt lat="46.392951775342226" lon="13.165792766958475">
        <ele>303.10546875</ele>
      </trkpt>
      <trkpt lat="46.392774917185307" lon="13.165573161095381">
        <ele>302.3515625</ele>
      </trkpt>
      <trkpt lat="46.392296142876148" lon="13.165008220821619">
        <ele>302.15234375</ele>
      </trkpt>
      <trkpt lat="46.391905043274164" lon="13.164665652438998">
        <ele>301.34375</ele>
      </trkpt>
      <trkpt lat="46.391538754105568" lon="13.164374297484756">
        <ele>300.484375</ele>
      </trkpt>
      <trkpt lat="46.390654966235161" lon="13.16386585123837">
        <ele>304.38671875</ele>
      </trkpt>
      <trkpt lat="46.389937559142709" lon="13.163209715858102">
        <ele>304.21484375</ele>
      </trkpt>
      <trkpt lat="46.38879518955946" lon="13.162105232477188">
        <ele>302.86328125</ele>
      </trkpt>
      <trkpt lat="46.387805119156837" lon="13.161136116832495">
        <ele>301.0859375</ele>
      </trkpt>
      <trkpt lat="46.387304132804275" lon="13.160446034744382">
        <ele>302.32421875</ele>
      </trkpt>
      <trkpt lat="46.387038175016642" lon="13.160016881301999">
        <ele>300.4765625</ele>
      </trkpt>
      <trkpt lat="46.386807421222329" lon="13.159007783979177">
        <ele>303.8984375</ele>
      </trkpt>
      <trkpt lat="46.386719914153218" lon="13.158284677192569">
        <ele>318.01171875</ele>
      </trkpt>
      <trkpt lat="46.386700300499797" lon="13.156930664554238">
        <ele>319.83203125</ele>
      </trkpt>
      <trkpt lat="46.38697505928576" lon="13.153612520545721">
        <ele>329.41015625</ele>
      </trkpt>
      <trkpt lat="46.387053932994604" lon="13.152895281091332">
        <ele>326.3984375</ele>
      </trkpt>
      <trkpt lat="46.387031888589263" lon="13.151951730251312">
        <ele>315.08203125</ele>
      </trkpt>
      <trkpt lat="46.386933568865061" lon="13.150855377316475">
        <ele>306.22265625</ele>
      </trkpt>
      <trkpt lat="46.386946057900786" lon="13.150078291073442">
        <ele>303.66015625</ele>
      </trkpt>
      <trkpt lat="46.387099782004952" lon="13.14824391156435">
        <ele>307.21875</ele>
      </trkpt>
      <trkpt lat="46.38721109367907" lon="13.147436650469899">
        <ele>302.07421875</ele>
      </trkpt>
      <trkpt lat="46.387377893552184" lon="13.145775524899364">
        <ele>296.60546875</ele>
      </trkpt>
      <trkpt lat="46.387453665956855" lon="13.14469157718122">
        <ele>294.07421875</ele>
      </trkpt>
      <trkpt lat="46.387329697608948" lon="13.142840769141912">
        <ele>287.5234375</ele>
      </trkpt>
      <trkpt lat="46.387239173054695" lon="13.142415974289179">
        <ele>285.8125</ele>
      </trkpt>
      <trkpt lat="46.387080168351531" lon="13.14161759801209">
        <ele>280.375</ele>
      </trkpt>
      <trkpt lat="46.386650092899799" lon="13.140648398548365">
        <ele>276.70703125</ele>
      </trkpt>
      <trkpt lat="46.38630417175591" lon="13.140157973393798">
        <ele>276.4765625</ele>
      </trkpt>
      <trkpt lat="46.385907959192991" lon="13.139716330915689">
        <ele>274.8671875</ele>
      </trkpt>
      <trkpt lat="46.385387694463134" lon="13.139261109754443">
        <ele>277.74609375</ele>
      </trkpt>
      <trkpt lat="46.384784616529942" lon="13.138805218040943">
        <ele>277.37109375</ele>
      </trkpt>
      <trkpt lat="46.384367868304253" lon="13.138509336858988">
        <ele>275.2265625</ele>
      </trkpt>
      <trkpt lat="46.383982971310616" lon="13.138195015490055">
        <ele>275.12890625</ele>
      </trkpt>
      <trkpt lat="46.383514925837517" lon="13.137818835675716">
        <ele>273.01171875</ele>
      </trkpt>
      <trkpt lat="46.383499670773745" lon="13.137788660824299">
        <ele>273.046875</ele>
      </trkpt>
      <trkpt lat="46.383488271385431" lon="13.13776770606637">
        <ele>273.07421875</ele>
      </trkpt>
      <trkpt lat="46.383254835382104" lon="13.137591267004609">
        <ele>273.234375</ele>
      </trkpt>
      <trkpt lat="46.382069801911712" lon="13.136390559375286">
        <ele>273</ele>
      </trkpt>
      <trkpt lat="46.381574179977179" lon="13.135854201391339">
        <ele>272.62890625</ele>
      </trkpt>
      <trkpt lat="46.380953164771199" lon="13.135274089872837">
        <ele>272</ele>
      </trkpt>
      <trkpt lat="46.380692068487406" lon="13.135104943066835">
        <ele>271.9296875</ele>
      </trkpt>
      <trkpt lat="46.380543541163206" lon="13.135098237544298">
        <ele>271.87890625</ele>
      </trkpt>
      <trkpt lat="46.380331814289093" lon="13.13533091917634">
        <ele>272</ele>
      </trkpt>
      <trkpt lat="46.380250928923488" lon="13.13551758415997">
        <ele>272.2265625</ele>
      </trkpt>
      <trkpt lat="46.379669057205319" lon="13.136480413377285">
        <ele>273</ele>
      </trkpt>
      <trkpt lat="46.379605019465089" lon="13.136505139991641">
        <ele>273</ele>
      </trkpt>
      <trkpt lat="46.379361525177956" lon="13.136106161400676">
        <ele>272.93359375</ele>
      </trkpt>
      <trkpt lat="46.379234623163939" lon="13.13591580837965">
        <ele>272.703125</ele>
      </trkpt>
      <trkpt lat="46.37920050881803" lon="13.135763676837087">
        <ele>272.51953125</ele>
      </trkpt>
      <trkpt lat="46.379312239587307" lon="13.135339301079512">
        <ele>272.01171875</ele>
      </trkpt>
      <trkpt lat="46.379404859617352" lon="13.134966809302568">
        <ele>271.5625</ele>
      </trkpt>
      <trkpt lat="46.379408212378621" lon="13.134708981961012">
        <ele>271.25390625</ele>
      </trkpt>
      <trkpt lat="46.379269072785974" lon="13.134469175711274">
        <ele>270.96875</ele>
      </trkpt>
      <trkpt lat="46.378597179427743" lon="13.134271027520299">
        <ele>270.7265625</ele>
      </trkpt>
      <trkpt lat="46.377963088452816" lon="13.134090984240174">
        <ele>269.9765625</ele>
      </trkpt>
      <trkpt lat="46.377661172300577" lon="13.134002638980746">
        <ele>269.5078125</ele>
      </trkpt>
      <trkpt lat="46.37757676653564" lon="13.134067850187421">
        <ele>269.484375</ele>
      </trkpt>
      <trkpt lat="46.377518260851502" lon="13.134188884869218">
        <ele>269.62890625</ele>
      </trkpt>
      <trkpt lat="46.377401500940323" lon="13.134627845138311">
        <ele>270.15625</ele>
      </trkpt>
      <trkpt lat="46.377276694402099" lon="13.1350636202842">
        <ele>270.6796875</ele>
      </trkpt>
      <trkpt lat="46.37721517123282" lon="13.135174093768001">
        <ele>270.8125</ele>
      </trkpt>
      <trkpt lat="46.377071756869555" lon="13.135342486202717">
        <ele>271.015625</ele>
      </trkpt>
      <trkpt lat="46.376976957544684" lon="13.135373499244452">
        <ele>271.05078125</ele>
      </trkpt>
      <trkpt lat="46.376672191545367" lon="13.135467795655131">
        <ele>271.25</ele>
      </trkpt>
      <trkpt lat="46.376553419977427" lon="13.135464359074831">
        <ele>271.390625</ele>
      </trkpt>
      <trkpt lat="46.375900553539395" lon="13.135333182290196">
        <ele>272.00390625</ele>
      </trkpt>
      <trkpt lat="46.375699639320374" lon="13.135304097086191">
        <ele>271.9453125</ele>
      </trkpt>
      <trkpt lat="46.375505514442921" lon="13.13525321893394">
        <ele>271.859375</ele>
      </trkpt>
      <trkpt lat="46.375479698181152" lon="13.135249614715576">
        <ele>271.85546875</ele>
      </trkpt>
      <trkpt lat="46.37505054473877" lon="13.1351637840271">
        <ele>271.7734375</ele>
      </trkpt>
      <trkpt lat="46.374685764312744" lon="13.135077953338623">
        <ele>271.37109375</ele>
      </trkpt>
      <trkpt lat="46.374385356903076" lon="13.135013580322266">
        <ele>271.10546875</ele>
      </trkpt>
      <trkpt lat="46.373977661132813" lon="13.134927749633789">
        <ele>271.49609375</ele>
      </trkpt>
      <trkpt lat="46.37378454208374" lon="13.134884834289551">
        <ele>271.76953125</ele>
      </trkpt>
      <trkpt lat="46.373419761657715" lon="13.134799003601074">
        <ele>272.078125</ele>
      </trkpt>
      <trkpt lat="46.373183727264404" lon="13.134756088256836">
        <ele>272.015625</ele>
      </trkpt>
      <trkpt lat="46.372604370117188" lon="13.134627342224121">
        <ele>271.62109375</ele>
      </trkpt>
      <trkpt lat="46.372110843658447" lon="13.134520053863525">
        <ele>271.65625</ele>
      </trkpt>
      <trkpt lat="46.37153148651123" lon="13.134369850158691">
        <ele>271.4765625</ele>
      </trkpt>
      <trkpt lat="46.371273994445801" lon="13.134241104125977">
        <ele>270.9921875</ele>
      </trkpt>
      <trkpt lat="46.37103796005249" lon="13.134090900421143">
        <ele>270.58984375</ele>
      </trkpt>
      <trkpt lat="46.37080192565918" lon="13.133983612060547">
        <ele>270.3828125</ele>
      </trkpt>
      <trkpt lat="46.370587348937988" lon="13.13389778137207">
        <ele>270.28125</ele>
      </trkpt>
      <trkpt lat="46.370480060577393" lon="13.133876323699951">
        <ele>270.25390625</ele>
      </trkpt>
      <trkpt lat="46.370437145233154" lon="13.133854866027832">
        <ele>270.23046875</ele>
      </trkpt>
      <trkpt lat="46.370179653167725" lon="13.133769035339355">
        <ele>270.125</ele>
      </trkpt>
      <trkpt lat="46.36979341506958" lon="13.13366174697876">
        <ele>269.9921875</ele>
      </trkpt>
      <trkpt lat="46.369664669036865" lon="13.133640289306641">
        <ele>269.94140625</ele>
      </trkpt>
      <trkpt lat="46.369493007659912" lon="13.133597373962402">
        <ele>269.83984375</ele>
      </trkpt>
      <trkpt lat="46.368892192840576" lon="13.133640289306641">
        <ele>269.94140625</ele>
      </trkpt>
      <trkpt lat="46.368613243103027" lon="13.133704662322998">
        <ele>270.046875</ele>
      </trkpt>
      <trkpt lat="46.368098258972168" lon="13.133769035339355">
        <ele>269.79296875</ele>
      </trkpt>
      <trkpt lat="46.36754035949707" lon="13.133962154388428">
        <ele>269.61328125</ele>
      </trkpt>
      <trkpt lat="46.36704683303833" lon="13.134133815765381">
        <ele>268.84375</ele>
      </trkpt>
      <trkpt lat="46.366767883300781" lon="13.134241104125977">
        <ele>268.4296875</ele>
      </trkpt>
      <trkpt lat="46.366574764251709" lon="13.134305477142334">
        <ele>268.5390625</ele>
      </trkpt>
      <trkpt lat="46.36629581451416" lon="13.13441276550293">
        <ele>268.796875</ele>
      </trkpt>
      <trkpt lat="46.365673542022705" lon="13.134691715240479">
        <ele>267.66015625</ele>
      </trkpt>
      <trkpt lat="46.363248825073242" lon="13.135528564453125">
        <ele>251.6171875</ele>
      </trkpt>
      <trkpt lat="46.363184452056885" lon="13.135550022125244">
        <ele>251.80078125</ele>
      </trkpt>
      <trkpt lat="46.362669467926025" lon="13.135743141174316">
        <ele>252.72265625</ele>
      </trkpt>
      <trkpt lat="46.3623046875" lon="13.135871887207031">
        <ele>252.359375</ele>
      </trkpt>
      <trkpt lat="46.362240314483643" lon="13.13589334487915">
        <ele>252.1875</ele>
      </trkpt>
      <trkpt lat="46.361854076385498" lon="13.136043548583984">
        <ele>250.61328125</ele>
      </trkpt>
      <trkpt lat="46.359601020812988" lon="13.136858940124512">
        <ele>250</ele>
      </trkpt>
      <trkpt lat="46.358978748321533" lon="13.137116432189941">
        <ele>250</ele>
      </trkpt>
      <trkpt lat="46.357970237731934" lon="13.137609958648682">
        <ele>250</ele>
      </trkpt>
      <trkpt lat="46.357412338256836" lon="13.137867450714111">
        <ele>250</ele>
      </trkpt>
      <trkpt lat="46.357026100158691" lon="13.138039112091064">
        <ele>250</ele>
      </trkpt>
      <trkpt lat="46.356918811798096" lon="13.138103485107422">
        <ele>250</ele>
      </trkpt>
      <trkpt lat="46.356103420257568" lon="13.138489723205566">
        <ele>250</ele>
      </trkpt>
      <trkpt lat="46.355009078979492" lon="13.139004707336426">
        <ele>250</ele>
      </trkpt>
      <trkpt lat="46.354708671569824" lon="13.139176368713379">
        <ele>250</ele>
      </trkpt>
      <trkpt lat="46.354215145111084" lon="13.139348030090332">
        <ele>250</ele>
      </trkpt>
      <trkpt lat="46.354022026062012" lon="13.13939094543457">
        <ele>250</ele>
      </trkpt>
      <trkpt lat="46.353871822357178" lon="13.139455318450928">
        <ele>250</ele>
      </trkpt>
      <trkpt lat="46.353292465209961" lon="13.139669895172119">
        <ele>250</ele>
      </trkpt>
      <trkpt lat="46.353099346160889" lon="13.139734268188477">
        <ele>250</ele>
      </trkpt>
      <trkpt lat="46.351211071014404" lon="13.140442371368408">
        <ele>250.140625</ele>
      </trkpt>
      <trkpt lat="46.351146697998047" lon="13.140463829040527">
        <ele>250.1328125</ele>
      </trkpt>
      <trkpt lat="46.351103782653809" lon="13.140485286712646">
        <ele>250.12109375</ele>
      </trkpt>
      <trkpt lat="46.350932121276855" lon="13.140678405761719">
        <ele>250.01171875</ele>
      </trkpt>
      <trkpt lat="46.350867748260498" lon="13.140807151794434">
        <ele>250</ele>
      </trkpt>
      <trkpt lat="46.350417137145996" lon="13.141000270843506">
        <ele>250</ele>
      </trkpt>
      <trkpt lat="46.349430084228516" lon="13.14115047454834">
        <ele>250</ele>
      </trkpt>
      <trkpt lat="46.34932279586792" lon="13.141171932220459">
        <ele>250</ele>
      </trkpt>
      <trkpt lat="46.34831428527832" lon="13.141622543334961">
        <ele>250</ele>
      </trkpt>
      <trkpt lat="46.348013877868652" lon="13.141665458679199">
        <ele>250</ele>
      </trkpt>
      <trkpt lat="46.347906589508057" lon="13.14164400100708">
        <ele>250</ele>
      </trkpt>
      <trkpt lat="46.347756385803223" lon="13.141579627990723">
        <ele>250</ele>
      </trkpt>
      <trkpt lat="46.347627639770508" lon="13.141515254974365">
        <ele>250</ele>
      </trkpt>
      <trkpt lat="46.347413063049316" lon="13.141343593597412">
        <ele>250</ele>
      </trkpt>
      <trkpt lat="46.346619129180908" lon="13.1406569480896">
        <ele>250</ele>
      </trkpt>
      <trkpt lat="46.34631872177124" lon="13.140528202056885">
        <ele>250</ele>
      </trkpt>
      <trkpt lat="46.345889568328857" lon="13.14039945602417">
        <ele>250</ele>
      </trkpt>
      <trkpt lat="46.34556770324707" lon="13.140227794647217">
        <ele>250</ele>
      </trkpt>
      <trkpt lat="46.344902515411377" lon="13.139798641204834">
        <ele>250</ele>
      </trkpt>
      <trkpt lat="46.344602108001709" lon="13.1396484375">
        <ele>250</ele>
      </trkpt>
      <trkpt lat="46.344451904296875" lon="13.139626979827881">
        <ele>250</ele>
      </trkpt>
      <trkpt lat="46.344215869903564" lon="13.139605522155762">
        <ele>250</ele>
      </trkpt>
      <trkpt lat="46.343979835510254" lon="13.139626979827881">
        <ele>250</ele>
      </trkpt>
      <trkpt lat="46.343636512756348" lon="13.139691352844238">
        <ele>250</ele>
      </trkpt>
      <trkpt lat="46.342756748199463" lon="13.139669895172119">
        <ele>250</ele>
      </trkpt>
      <trkpt lat="46.342241764068604" lon="13.139691352844238">
        <ele>250</ele>
      </trkpt>
      <trkpt lat="46.342177391052246" lon="13.139884471893311">
        <ele>250</ele>
      </trkpt>
      <trkpt lat="46.342027187347412" lon="13.140163421630859">
        <ele>250</ele>
      </trkpt>
      <trkpt lat="46.34157657623291" lon="13.140721321105957">
        <ele>250</ele>
      </trkpt>
      <trkpt lat="46.341361999511719" lon="13.14089298248291">
        <ele>250</ele>
      </trkpt>
      <trkpt lat="46.340911388397217" lon="13.141214847564697">
        <ele>250</ele>
      </trkpt>
      <trkpt lat="46.34082555770874" lon="13.141257762908936">
        <ele>250</ele>
      </trkpt>
      <trkpt lat="46.340203285217285" lon="13.141300678253174">
        <ele>250</ele>
      </trkpt>
      <trkpt lat="46.339988708496094" lon="13.14138650894165">
        <ele>250</ele>
      </trkpt>
      <trkpt lat="46.339902877807617" lon="13.141536712646484">
        <ele>250</ele>
      </trkpt>
      <trkpt lat="46.339817047119141" lon="13.141751289367676">
        <ele>250</ele>
      </trkpt>
      <trkpt lat="46.339688301086426" lon="13.142180442810059">
        <ele>251.4609375</ele>
      </trkpt>
      <trkpt lat="46.339688301086426" lon="13.142480850219727">
        <ele>253.796875</ele>
      </trkpt>
      <trkpt lat="46.339688301086426" lon="13.142845630645752">
        <ele>256.90234375</ele>
      </trkpt>
      <trkpt lat="46.339645385742188" lon="13.142974376678467">
        <ele>259.75390625</ele>
      </trkpt>
      <trkpt lat="46.33958101272583" lon="13.143081665039063">
        <ele>262.2109375</ele>
      </trkpt>
      <trkpt lat="46.339516639709473" lon="13.143167495727539">
        <ele>264.19921875</ele>
      </trkpt>
      <trkpt lat="46.339387893676758" lon="13.143231868743896">
        <ele>265.92578125</ele>
      </trkpt>
      <trkpt lat="46.338529586791992" lon="13.142974376678467">
        <ele>259.93359375</ele>
      </trkpt>
      <trkpt lat="46.338465213775635" lon="13.142974376678467">
        <ele>259.8359375</ele>
      </trkpt>
      <trkpt lat="46.338272094726563" lon="13.143060207366943">
        <ele>260.23828125</ele>
      </trkpt>
      <trkpt lat="46.338164806365967" lon="13.143038749694824">
        <ele>259.59375</ele>
      </trkpt>
      <trkpt lat="46.338036060333252" lon="13.143060207366943">
        <ele>259.38671875</ele>
      </trkpt>
      <trkpt lat="46.337928771972656" lon="13.143060207366943">
        <ele>259</ele>
      </trkpt>
      <trkpt lat="46.337885856628418" lon="13.143038749694824">
        <ele>258.58984375</ele>
      </trkpt>
      <trkpt lat="46.337778568267822" lon="13.142952919006348">
        <ele>257.171875</ele>
      </trkpt>
      <trkpt lat="46.33758544921875" lon="13.142738342285156">
        <ele>254.3984375</ele>
      </trkpt>
      <trkpt lat="46.337521076202393" lon="13.142673969268799">
        <ele>253.703125</ele>
      </trkpt>
      <trkpt lat="46.337456703186035" lon="13.142588138580322">
        <ele>252.95703125</ele>
      </trkpt>
      <trkpt lat="46.337370872497559" lon="13.142459392547607">
        <ele>252.03125</ele>
      </trkpt>
      <trkpt lat="46.337134838104248" lon="13.141944408416748">
        <ele>250</ele>
      </trkpt>
      <trkpt lat="46.337113380432129" lon="13.14190149307251">
        <ele>250</ele>
      </trkpt>
      <trkpt lat="46.33709192276001" lon="13.141837120056152">
        <ele>250</ele>
      </trkpt>
      <trkpt lat="46.337006092071533" lon="13.141708374023437">
        <ele>250</ele>
      </trkpt>
      <trkpt lat="46.336963176727295" lon="13.141665458679199">
        <ele>250</ele>
      </trkpt>
      <trkpt lat="46.336920261383057" lon="13.14164400100708">
        <ele>250</ele>
      </trkpt>
      <trkpt lat="46.336770057678223" lon="13.141579627990723">
        <ele>250</ele>
      </trkpt>
      <trkpt lat="46.336727142333984" lon="13.141558170318604">
        <ele>250</ele>
      </trkpt>
      <trkpt lat="46.336319446563721" lon="13.141365051269531">
        <ele>250</ele>
      </trkpt>
      <trkpt lat="46.336405277252197" lon="13.140699863433838">
        <ele>250</ele>
      </trkpt>
      <trkpt lat="46.336405277252197" lon="13.140528202056885">
        <ele>250</ele>
      </trkpt>
      <trkpt lat="46.336426734924316" lon="13.140292167663574">
        <ele>250</ele>
      </trkpt>
      <trkpt lat="46.336383819580078" lon="13.140292167663574">
        <ele>250</ele>
      </trkpt>
      <trkpt lat="46.336147785186768" lon="13.140249252319336">
        <ele>250</ele>
      </trkpt>
      <trkpt lat="46.335946451872587" lon="13.140206756070256">
        <ele>250</ele>
      </trkpt>
      <trkpt lat="46.335740089416504" lon="13.140163421630859">
        <ele>250</ele>
      </trkpt>
      <trkpt lat="46.335504055023193" lon="13.14014196395874">
        <ele>250</ele>
      </trkpt>
      <trkpt lat="46.335289478302002" lon="13.140120506286621">
        <ele>250</ele>
      </trkpt>
      <trkpt lat="46.335053443908691" lon="13.140056133270264">
        <ele>249.80859375</ele>
      </trkpt>
      <trkpt lat="46.334753036499023" lon="13.139991760253906">
        <ele>248.57421875</ele>
      </trkpt>
      <trkpt lat="46.334495544433594" lon="13.13990592956543">
        <ele>247.44921875</ele>
      </trkpt>
      <trkpt lat="46.334066390991211" lon="13.139691352844238">
        <ele>245.5078125</ele>
      </trkpt>
      <trkpt lat="46.333765983581543" lon="13.139498233795166">
        <ele>244.19140625</ele>
      </trkpt>
      <trkpt lat="46.333701610565186" lon="13.139433860778809">
        <ele>243.859375</ele>
      </trkpt>
    </trkseg>
  </trk>

</gpx>