<?xml version='1.0' encoding='utf-8'?>
<gpx xmlns="http://www.topografix.com/GPX/1/1" xmlns:ns1="http://www.outdooractive.com/GPX/Extensions/1" version="1.1" creator="outdooractive - http://www.outdooractive.com">
    <metadata>
        <name>1a tappa: Salisburgo- Bischofshofen</name>
        <desc>La prima tappa inizia in mezzo all’affascinante centro storico di Salisburgo, la città di Mozart, e lungo il fiume Salzach conduce verso sud, nelle Alpi Calcaree salisburghesi, toccando diversi monumenti naturali, ripide pareti e gole impressionanti.</desc>
        <author>
            <name>Sabine Zölß, Alpstein Österreich - Ciclovia-Alpe-Adria-Radweg</name>
        </author>
        <link href="http://www.outdooractive.com/r/1550935" />
        <time>2020-02-11T07:24:55.281+01:00</time>
    </metadata>
    <trk><name>Joined track</name><trkseg><trkpt lat="47.798938" lon="13.048513">
                <ele>423.51687</ele>
            </trkpt>
            <trkpt lat="47.79933" lon="13.04878">
                <ele>421.42484</ele>
            </trkpt>
            <trkpt lat="47.79855" lon="13.05111">
                <ele>420.97376</ele>
            </trkpt>
            <trkpt lat="47.79824" lon="13.05185">
                <ele>421.03432</ele>
            </trkpt>
            <trkpt lat="47.79814" lon="13.05189">
                <ele>421.0804</ele>
            </trkpt>
            <trkpt lat="47.79819" lon="13.05208">
                <ele>421.06309</ele>
            </trkpt>
            <trkpt lat="47.79817" lon="13.05216">
                <ele>421.05062</ele>
            </trkpt>
            <trkpt lat="47.797897" lon="13.052797">
                <ele>421.92857</ele>
            </trkpt>
            <trkpt lat="47.798049" lon="13.052941">
                <ele>416.57392</ele>
            </trkpt>
            <trkpt lat="47.797666" lon="13.05404">
                <ele>415.53854</ele>
            </trkpt>
            <trkpt lat="47.797686" lon="13.053754">
                <ele>417.5764</ele>
            </trkpt>
            <trkpt lat="47.797441" lon="13.054189">
                <ele>419.27884</ele>
            </trkpt>
            <trkpt lat="47.796409" lon="13.056449">
                <ele>418.35027</ele>
            </trkpt>
            <trkpt lat="47.794709" lon="13.059805">
                <ele>417.26137</ele>
            </trkpt>
            <trkpt lat="47.794105" lon="13.060647">
                <ele>421.37222</ele>
            </trkpt>
            <trkpt lat="47.793381" lon="13.061983">
                <ele>421.22193</ele>
            </trkpt>
            <trkpt lat="47.79101" lon="13.066197">
                <ele>422.45229</ele>
            </trkpt>
            <trkpt lat="47.789164" lon="13.068975">
                <ele>422.8706</ele>
            </trkpt>
            <trkpt lat="47.78695" lon="13.071932">
                <ele>421.13129</ele>
            </trkpt>
            <trkpt lat="47.784467" lon="13.074669">
                <ele>421.84491</ele>
            </trkpt>
            <trkpt lat="47.782947" lon="13.075436">
                <ele>421.85891</ele>
            </trkpt>
            <trkpt lat="47.777438" lon="13.075105">
                <ele>421.57524</ele>
            </trkpt>
            <trkpt lat="47.774124" lon="13.074678">
                <ele>423.59006</ele>
            </trkpt>
            <trkpt lat="47.772703" lon="13.074402">
                <ele>424.70645</ele>
            </trkpt>
            <trkpt lat="47.77211" lon="13.074361">
                <ele>424.66527</ele>
            </trkpt>
            <trkpt lat="47.771371" lon="13.074216">
                <ele>424.79117</ele>
            </trkpt>
            <trkpt lat="47.770665" lon="13.074026">
                <ele>425.11321</ele>
            </trkpt>
            <trkpt lat="47.770139" lon="13.073929">
                <ele>425.83389</ele>
            </trkpt>
            <trkpt lat="47.769229" lon="13.073849">
                <ele>425.93465</ele>
            </trkpt>
            <trkpt lat="47.768082" lon="13.073831">
                <ele>426.68856</ele>
            </trkpt>
            <trkpt lat="47.767271" lon="13.073923">
                <ele>426.08451</ele>
            </trkpt>
            <trkpt lat="47.767007" lon="13.074193">
                <ele>424.50042</ele>
            </trkpt>
            <trkpt lat="47.764608" lon="13.074852">
                <ele>426.77535</ele>
            </trkpt>
            <trkpt lat="47.759709" lon="13.076534">
                <ele>427.11975</ele>
            </trkpt>
            <trkpt lat="47.757498" lon="13.077481">
                <ele>427.31064</ele>
            </trkpt>
            <trkpt lat="47.755728" lon="13.078283">
                <ele>428.14742</ele>
            </trkpt>
            <trkpt lat="47.752053" lon="13.079012">
                <ele>428.39312</ele>
            </trkpt>
            <trkpt lat="47.748242" lon="13.080165">
                <ele>420.86389</ele>
            </trkpt>
            <trkpt lat="47.746763" lon="13.079935">
                <ele>429.41265</ele>
            </trkpt>
            <trkpt lat="47.74385" lon="13.080364">
                <ele>429.77096</ele>
            </trkpt>
            <trkpt lat="47.742482" lon="13.080632">
                <ele>430.00102</ele>
            </trkpt>
            <trkpt lat="47.741335" lon="13.080726">
                <ele>431.23948</ele>
            </trkpt>
            <trkpt lat="47.740184" lon="13.080937">
                <ele>431.14247</ele>
            </trkpt>
            <trkpt lat="47.737872" lon="13.0813">
                <ele>430.46436</ele>
            </trkpt>
            <trkpt lat="47.736622" lon="13.081543">
                <ele>429.56942</ele>
            </trkpt>
            <trkpt lat="47.734149" lon="13.081799">
                <ele>431.72236</ele>
            </trkpt>
            <trkpt lat="47.73271" lon="13.08178">
                <ele>434.98813</ele>
            </trkpt>
            <trkpt lat="47.732427" lon="13.081884">
                <ele>434.93369</ele>
            </trkpt>
            <trkpt lat="47.732146" lon="13.081932">
                <ele>434.70442</ele>
            </trkpt>
            <trkpt lat="47.7318" lon="13.081668">
                <ele>440.70902</ele>
            </trkpt>
            <trkpt lat="47.731603" lon="13.081376">
                <ele>435.77947</ele>
            </trkpt>
            <trkpt lat="47.731404" lon="13.081159">
                <ele>434.65634</ele>
            </trkpt>
            <trkpt lat="47.730927" lon="13.081534">
                <ele>434.3413</ele>
            </trkpt>
            <trkpt lat="47.731093" lon="13.08205">
                <ele>434.58735</ele>
            </trkpt>
            <trkpt lat="47.729982" lon="13.082196">
                <ele>433.83542</ele>
            </trkpt>
            <trkpt lat="47.728827" lon="13.082244">
                <ele>434.10583</ele>
            </trkpt>
            <trkpt lat="47.72377" lon="13.082192">
                <ele>434.56565</ele>
            </trkpt>
            <trkpt lat="47.721756" lon="13.082318">
                <ele>433.98727</ele>
            </trkpt>
            <trkpt lat="47.720627" lon="13.082234">
                <ele>434.2678</ele>
            </trkpt>
            <trkpt lat="47.719244" lon="13.082029">
                <ele>434.15718</ele>
            </trkpt>
            <trkpt lat="47.717631" lon="13.081714">
                <ele>434.10701</ele>
            </trkpt>
            <trkpt lat="47.716076" lon="13.081001">
                <ele>435.06482</ele>
            </trkpt>
            <trkpt lat="47.714655" lon="13.080223">
                <ele>436.24477</ele>
            </trkpt>
            <trkpt lat="47.71272" lon="13.079232">
                <ele>436.97376</ele>
            </trkpt>
            <trkpt lat="47.711469" lon="13.078627">
                <ele>437.4068</ele>
            </trkpt>
            <trkpt lat="47.711587" lon="13.078722">
                <ele>436.85962</ele>
            </trkpt>
            <trkpt lat="47.710188" lon="13.078201">
                <ele>438.28217</ele>
            </trkpt>
            <trkpt lat="47.7095" lon="13.078005">
                <ele>438.53691</ele>
            </trkpt>
            <trkpt lat="47.708253" lon="13.077564">
                <ele>438.48586</ele>
            </trkpt>
            <trkpt lat="47.707584" lon="13.07735">
                <ele>437.67512</ele>
            </trkpt>
            <trkpt lat="47.706603" lon="13.076875">
                <ele>439.00684</ele>
            </trkpt>
            <trkpt lat="47.705828" lon="13.076595">
                <ele>439.33878</ele>
            </trkpt>
            <trkpt lat="47.704828" lon="13.076416">
                <ele>439.61166</ele>
            </trkpt>
            <trkpt lat="47.703094" lon="13.076131">
                <ele>438.87508</ele>
            </trkpt>
            <trkpt lat="47.702272" lon="13.076159">
                <ele>439.46641</ele>
            </trkpt>
            <trkpt lat="47.701549" lon="13.076417">
                <ele>438.44236</ele>
            </trkpt>
            <trkpt lat="47.70002" lon="13.077384">
                <ele>437.70908</ele>
            </trkpt>
            <trkpt lat="47.698532" lon="13.078709">
                <ele>438.60013</ele>
            </trkpt>
            <trkpt lat="47.697634" lon="13.079458">
                <ele>438.97574</ele>
            </trkpt>
            <trkpt lat="47.697045" lon="13.080103">
                <ele>436.56812</ele>
            </trkpt>
            <trkpt lat="47.695755" lon="13.080969">
                <ele>439.66352</ele>
            </trkpt>
            <trkpt lat="47.694743" lon="13.081608">
                <ele>439.76888</ele>
            </trkpt>
            <trkpt lat="47.694063" lon="13.081989">
                <ele>440.07486</ele>
            </trkpt>
            <trkpt lat="47.693091" lon="13.082278">
                <ele>441.44685</ele>
            </trkpt>
            <trkpt lat="47.693082" lon="13.082242">
                <ele>441.74175</ele>
            </trkpt>
            <trkpt lat="47.692502" lon="13.082479">
                <ele>441.23486</ele>
            </trkpt>
            <trkpt lat="47.691044" lon="13.083354">
                <ele>440.78101</ele>
            </trkpt>
            <trkpt lat="47.689175" lon="13.084751">
                <ele>442.92071</ele>
            </trkpt>
            <trkpt lat="47.687251" lon="13.086812">
                <ele>443.64238</ele>
            </trkpt>
            <trkpt lat="47.686937" lon="13.087202">
                <ele>444.29082</ele>
            </trkpt>
            <trkpt lat="47.687019" lon="13.087116">
                <ele>443.91268</ele>
            </trkpt>
            <trkpt lat="47.686362" lon="13.087888">
                <ele>442.31376</ele>
            </trkpt>
            <trkpt lat="47.68509" lon="13.089303">
                <ele>442.86663</ele>
            </trkpt>
            <trkpt lat="47.684498" lon="13.090416">
                <ele>442.35818</ele>
            </trkpt>
            <trkpt lat="47.684219" lon="13.090906">
                <ele>442.97078</ele>
            </trkpt>
            <trkpt lat="47.683895" lon="13.090899">
                <ele>444.07712</ele>
            </trkpt>
            <trkpt lat="47.683592" lon="13.091895">
                <ele>444.08546</ele>
            </trkpt>
            <trkpt lat="47.683395" lon="13.092674">
                <ele>444.44999</ele>
            </trkpt>
            <trkpt lat="47.683295" lon="13.093536">
                <ele>444.07071</ele>
            </trkpt>
            <trkpt lat="47.683098" lon="13.094389">
                <ele>444.5279</ele>
            </trkpt>
            <trkpt lat="47.682993" lon="13.095041">
                <ele>444.6334</ele>
            </trkpt>
            <trkpt lat="47.683023" lon="13.095564">
                <ele>444.64514</ele>
            </trkpt>
            <trkpt lat="47.682805" lon="13.095994">
                <ele>444.09759</ele>
            </trkpt>
            <trkpt lat="47.682815" lon="13.095989">
                <ele>443.91159</ele>
            </trkpt>
            <trkpt lat="47.682167" lon="13.094538">
                <ele>445.66872</ele>
            </trkpt>
            <trkpt lat="47.681619" lon="13.094701">
                <ele>447.18913</ele>
            </trkpt>
            <trkpt lat="47.681765" lon="13.095645">
                <ele>446.19491</ele>
            </trkpt>
            <trkpt lat="47.681761" lon="13.095885">
                <ele>445.47316</ele>
            </trkpt>
            <trkpt lat="47.681527" lon="13.095717">
                <ele>445.97354</ele>
            </trkpt>
            <trkpt lat="47.680729" lon="13.095719">
                <ele>444.01419</ele>
            </trkpt>
            <trkpt lat="47.680639" lon="13.09578">
                <ele>444.89853</ele>
            </trkpt>
            <trkpt lat="47.680762" lon="13.096439">
                <ele>445.88358</ele>
            </trkpt>
            <trkpt lat="47.680847" lon="13.097097">
                <ele>444.89285</ele>
            </trkpt>
            <trkpt lat="47.680466" lon="13.097194">
                <ele>445.16075</ele>
            </trkpt>
            <trkpt lat="47.680495" lon="13.097203">
                <ele>445.17267</ele>
            </trkpt>
            <trkpt lat="47.679134" lon="13.097764">
                <ele>444.71402</ele>
            </trkpt>
            <trkpt lat="47.678801" lon="13.097881">
                <ele>445.45667</ele>
            </trkpt>
            <trkpt lat="47.678617" lon="13.097903">
                <ele>445.08775</ele>
            </trkpt>
            <trkpt lat="47.67763" lon="13.09838">
                <ele>445.51727</ele>
            </trkpt>
            <trkpt lat="47.677088" lon="13.098546">
                <ele>445.87594</ele>
            </trkpt>
            <trkpt lat="47.676169" lon="13.099028">
                <ele>445.59457</ele>
            </trkpt>
            <trkpt lat="47.675154" lon="13.099939">
                <ele>445.97787</ele>
            </trkpt>
            <trkpt lat="47.674622" lon="13.100594">
                <ele>446.97355</ele>
            </trkpt>
            <trkpt lat="47.673992" lon="13.100602">
                <ele>449.23802</ele>
            </trkpt>
            <trkpt lat="47.673346" lon="13.101162">
                <ele>450.17785</ele>
            </trkpt>
            <trkpt lat="47.672071" lon="13.102446">
                <ele>451.12166</ele>
            </trkpt>
            <trkpt lat="47.671154" lon="13.103436">
                <ele>452.33712</ele>
            </trkpt>
            <trkpt lat="47.670794" lon="13.104171">
                <ele>449.17776</ele>
            </trkpt>
            <trkpt lat="47.670412" lon="13.105123">
                <ele>449.47397</ele>
            </trkpt>
            <trkpt lat="47.670056" lon="13.10618">
                <ele>449.86601</ele>
            </trkpt>
            <trkpt lat="47.669466" lon="13.106907">
                <ele>449.22574</ele>
            </trkpt>
            <trkpt lat="47.668233" lon="13.107931">
                <ele>451.33436</ele>
            </trkpt>
            <trkpt lat="47.667754" lon="13.108419">
                <ele>452.5387</ele>
            </trkpt>
            <trkpt lat="47.667473" lon="13.108626">
                <ele>452.46309</ele>
            </trkpt>
            <trkpt lat="47.667327" lon="13.109082">
                <ele>451.01039</ele>
            </trkpt>
            <trkpt lat="47.667176" lon="13.109202">
                <ele>452.56293</ele>
            </trkpt>
            <trkpt lat="47.666393" lon="13.109728">
                <ele>455.51501</ele>
            </trkpt>
            <trkpt lat="47.666164" lon="13.110073">
                <ele>455.50656</ele>
            </trkpt>
            <trkpt lat="47.66585" lon="13.110167">
                <ele>456.7749</ele>
            </trkpt>
            <trkpt lat="47.665229" lon="13.110711">
                <ele>461.32252</ele>
            </trkpt>
            <trkpt lat="47.665002" lon="13.111136">
                <ele>461.46575</ele>
            </trkpt>
            <trkpt lat="47.664767" lon="13.11218">
                <ele>464.94305</ele>
            </trkpt>
            <trkpt lat="47.664427" lon="13.112566">
                <ele>466.84651</ele>
            </trkpt>
            <trkpt lat="47.664062" lon="13.113624">
                <ele>467.64297</ele>
            </trkpt>
            <trkpt lat="47.663857" lon="13.114401">
                <ele>466.36306</ele>
            </trkpt>
            <trkpt lat="47.663528" lon="13.114918">
                <ele>466.25147</ele>
            </trkpt>
            <trkpt lat="47.66279" lon="13.115068">
                <ele>474.66003</ele>
            </trkpt>
            <trkpt lat="47.662432" lon="13.115193">
                <ele>476.92003</ele>
            </trkpt>
            <trkpt lat="47.661781" lon="13.115259">
                <ele>482.01684</ele>
            </trkpt>
            <trkpt lat="47.661016" lon="13.11512">
                <ele>487.45532</ele>
            </trkpt>
            <trkpt lat="47.660469" lon="13.114883">
                <ele>492.7145</ele>
            </trkpt>
            <trkpt lat="47.660144" lon="13.114923">
                <ele>492.7574</ele>
            </trkpt>
            <trkpt lat="47.659551" lon="13.114951">
                <ele>489.05149</ele>
            </trkpt>
            <trkpt lat="47.659143" lon="13.114877">
                <ele>488.581</ele>
            </trkpt>
            <trkpt lat="47.658763" lon="13.114936">
                <ele>486.08854</ele>
            </trkpt>
            <trkpt lat="47.658488" lon="13.115118">
                <ele>488.30537</ele>
            </trkpt>
            <trkpt lat="47.658113" lon="13.115445">
                <ele>487.58526</ele>
            </trkpt>
            <trkpt lat="47.657493" lon="13.11564">
                <ele>487.40197</ele>
            </trkpt>
            <trkpt lat="47.656927" lon="13.115959">
                <ele>481.21395</ele>
            </trkpt>
            <trkpt lat="47.656227" lon="13.116979">
                <ele>473.90385</ele>
            </trkpt>
            <trkpt lat="47.656055" lon="13.117455">
                <ele>472.05606</ele>
            </trkpt>
            <trkpt lat="47.655931" lon="13.118049">
                <ele>468.70777</ele>
            </trkpt>
            <trkpt lat="47.655576" lon="13.118422">
                <ele>467.20889</ele>
            </trkpt>
            <trkpt lat="47.654868" lon="13.118787">
                <ele>463.43864</ele>
            </trkpt>
            <trkpt lat="47.653836" lon="13.119407">
                <ele>465.93047</ele>
            </trkpt>
            <trkpt lat="47.653181" lon="13.120056">
                <ele>464.32457</ele>
            </trkpt>
            <trkpt lat="47.652872" lon="13.120211">
                <ele>462.94632</ele>
            </trkpt>
            <trkpt lat="47.652349" lon="13.120364">
                <ele>460.5337</ele>
            </trkpt>
            <trkpt lat="47.652058" lon="13.120531">
                <ele>461.6541</ele>
            </trkpt>
            <trkpt lat="47.651734" lon="13.120783">
                <ele>463.69253</ele>
            </trkpt>
            <trkpt lat="47.651497" lon="13.120914">
                <ele>463.71527</ele>
            </trkpt>
            <trkpt lat="47.650947" lon="13.120989">
                <ele>463.41926</ele>
            </trkpt>
            <trkpt lat="47.650341" lon="13.120907">
                <ele>465.72748</ele>
            </trkpt>
            <trkpt lat="47.650035" lon="13.120987">
                <ele>465.50577</ele>
            </trkpt>
            <trkpt lat="47.649517" lon="13.12085">
                <ele>465.65615</ele>
            </trkpt>
            <trkpt lat="47.647992" lon="13.120914">
                <ele>461.86822</ele>
            </trkpt>
            <trkpt lat="47.647433" lon="13.121004">
                <ele>462.75504</ele>
            </trkpt>
            <trkpt lat="47.646879" lon="13.121008">
                <ele>459.55745</ele>
            </trkpt>
            <trkpt lat="47.646699" lon="13.121262">
                <ele>457.30575</ele>
            </trkpt>
            <trkpt lat="47.646409" lon="13.121511">
                <ele>457.45017</ele>
            </trkpt>
            <trkpt lat="47.645413" lon="13.122761">
                <ele>457.66418</ele>
            </trkpt>
            <trkpt lat="47.645142" lon="13.122779">
                <ele>461.31582</ele>
            </trkpt>
            <trkpt lat="47.644941" lon="13.122723">
                <ele>466.24366</ele>
            </trkpt>
            <trkpt lat="47.644742" lon="13.122772">
                <ele>465.17844</ele>
            </trkpt>
            <trkpt lat="47.644504" lon="13.122624">
                <ele>465.98315</ele>
            </trkpt>
            <trkpt lat="47.64432" lon="13.122663">
                <ele>464.86239</ele>
            </trkpt>
            <trkpt lat="47.64409" lon="13.122582">
                <ele>463.41334</ele>
            </trkpt>
            <trkpt lat="47.643357" lon="13.122387">
                <ele>457.93756</ele>
            </trkpt>
            <trkpt lat="47.642896" lon="13.12229">
                <ele>460.01805</ele>
            </trkpt>
            <trkpt lat="47.642211" lon="13.122563">
                <ele>458.2593</ele>
            </trkpt>
            <trkpt lat="47.64149" lon="13.123012">
                <ele>457.83509</ele>
            </trkpt>
            <trkpt lat="47.641102" lon="13.123659">
                <ele>457.08318</ele>
            </trkpt>
            <trkpt lat="47.640929" lon="13.124331">
                <ele>456.26157</ele>
            </trkpt>
            <trkpt lat="47.640256" lon="13.125865">
                <ele>457.13586</ele>
            </trkpt>
            <trkpt lat="47.640145" lon="13.126175">
                <ele>457.13185</ele>
            </trkpt>
            <trkpt lat="47.639944" lon="13.126498">
                <ele>457.26328</ele>
            </trkpt>
            <trkpt lat="47.639511" lon="13.127334">
                <ele>457.43905</ele>
            </trkpt>
            <trkpt lat="47.639201" lon="13.127829">
                <ele>457.30781</ele>
            </trkpt>
            <trkpt lat="47.638853" lon="13.127874">
                <ele>460.07208</ele>
            </trkpt>
            <trkpt lat="47.638545" lon="13.127637">
                <ele>463.86109</ele>
            </trkpt>
            <trkpt lat="47.638292" lon="13.127023">
                <ele>468.5204</ele>
            </trkpt>
            <trkpt lat="47.638106" lon="13.127134">
                <ele>469.12589</ele>
            </trkpt>
            <trkpt lat="47.637989" lon="13.127324">
                <ele>470.98853</ele>
            </trkpt>
            <trkpt lat="47.637884" lon="13.127585">
                <ele>474.3834</ele>
            </trkpt>
            <trkpt lat="47.637513" lon="13.127714">
                <ele>477.99717</ele>
            </trkpt>
            <trkpt lat="47.636923" lon="13.128046">
                <ele>481.04366</ele>
            </trkpt>
            <trkpt lat="47.63654" lon="13.128194">
                <ele>483.41703</ele>
            </trkpt>
            <trkpt lat="47.635957" lon="13.128485">
                <ele>484.22579</ele>
            </trkpt>
            <trkpt lat="47.634297" lon="13.12903">
                <ele>484.12506</ele>
            </trkpt>
            <trkpt lat="47.634001" lon="13.129217">
                <ele>480.89233</ele>
            </trkpt>
            <trkpt lat="47.633735" lon="13.129732">
                <ele>476.75287</ele>
            </trkpt>
            <trkpt lat="47.633373" lon="13.130124">
                <ele>474.61028</ele>
            </trkpt>
            <trkpt lat="47.63251" lon="13.130483">
                <ele>475.53221</ele>
            </trkpt>
            <trkpt lat="47.631083" lon="13.130925">
                <ele>474.00535</ele>
            </trkpt>
            <trkpt lat="47.631068" lon="13.130863">
                <ele>473.83203</ele>
            </trkpt>
            <trkpt lat="47.630973" lon="13.131896">
                <ele>466.96284</ele>
            </trkpt>
            <trkpt lat="47.630788" lon="13.132687">
                <ele>467.96625</ele>
            </trkpt>
            <trkpt lat="47.630889" lon="13.133348">
                <ele>463.02309</ele>
            </trkpt>
            <trkpt lat="47.630822" lon="13.133716">
                <ele>461.39818</ele>
            </trkpt>
            <trkpt lat="47.630697" lon="13.134018">
                <ele>461.80666</ele>
            </trkpt>
            <trkpt lat="47.630662" lon="13.134435">
                <ele>462.00446</ele>
            </trkpt>
            <trkpt lat="47.629139" lon="13.135912">
                <ele>462.73021</ele>
            </trkpt>
            <trkpt lat="47.626916" lon="13.137628">
                <ele>463.34341</ele>
            </trkpt>
            <trkpt lat="47.625298" lon="13.137931">
                <ele>463.85573</ele>
            </trkpt>
            <trkpt lat="47.625117" lon="13.138">
                <ele>463.84844</ele>
            </trkpt>
            <trkpt lat="47.624435" lon="13.137838">
                <ele>464.16671</ele>
            </trkpt>
            <trkpt lat="47.623705" lon="13.137951">
                <ele>464.12451</ele>
            </trkpt>
            <trkpt lat="47.623024" lon="13.13841">
                <ele>462.37899</ele>
            </trkpt>
            <trkpt lat="47.622565" lon="13.138663">
                <ele>462.72338</ele>
            </trkpt>
            <trkpt lat="47.621657" lon="13.139019">
                <ele>462.33551</ele>
            </trkpt>
            <trkpt lat="47.621164" lon="13.139029">
                <ele>462.31913</ele>
            </trkpt>
            <trkpt lat="47.620871" lon="13.139069">
                <ele>462.1245</ele>
            </trkpt>
            <trkpt lat="47.619642" lon="13.139289">
                <ele>462.72365</ele>
            </trkpt>
            <trkpt lat="47.618777" lon="13.139506">
                <ele>462.29018</ele>
            </trkpt>
            <trkpt lat="47.618555" lon="13.139618">
                <ele>462.16692</ele>
            </trkpt>
            <trkpt lat="47.618077" lon="13.140038">
                <ele>462.24747</ele>
            </trkpt>
            <trkpt lat="47.617795" lon="13.140245">
                <ele>462.18827</ele>
            </trkpt>
            <trkpt lat="47.617554" lon="13.140491">
                <ele>462.36187</ele>
            </trkpt>
            <trkpt lat="47.617256" lon="13.140644">
                <ele>462.41764</ele>
            </trkpt>
            <trkpt lat="47.616997" lon="13.141133">
                <ele>461.78482</ele>
            </trkpt>
            <trkpt lat="47.616817" lon="13.141591">
                <ele>462.73443</ele>
            </trkpt>
            <trkpt lat="47.616552" lon="13.14188">
                <ele>462.88971</ele>
            </trkpt>
            <trkpt lat="47.615876" lon="13.142072">
                <ele>463.99366</ele>
            </trkpt>
            <trkpt lat="47.615614" lon="13.142187">
                <ele>464.18834</ele>
            </trkpt>
            <trkpt lat="47.615016" lon="13.142687">
                <ele>464.63981</ele>
            </trkpt>
            <trkpt lat="47.614648" lon="13.143081">
                <ele>464.92066</ele>
            </trkpt>
            <trkpt lat="47.614094" lon="13.143426">
                <ele>466.10385</ele>
            </trkpt>
            <trkpt lat="47.613518" lon="13.143161">
                <ele>467.48036</ele>
            </trkpt>
            <trkpt lat="47.613004" lon="13.142856">
                <ele>469.28103</ele>
            </trkpt>
            <trkpt lat="47.612641" lon="13.142542">
                <ele>470.11641</ele>
            </trkpt>
            <trkpt lat="47.612293" lon="13.142086">
                <ele>471.40451</ele>
            </trkpt>
            <trkpt lat="47.611683" lon="13.141429">
                <ele>475.35193</ele>
            </trkpt>
            <trkpt lat="47.611682" lon="13.141261">
                <ele>474.66553</ele>
            </trkpt>
            <trkpt lat="47.611316" lon="13.140811">
                <ele>479.88083</ele>
            </trkpt>
            <trkpt lat="47.610881" lon="13.140516">
                <ele>485.8795</ele>
            </trkpt>
            <trkpt lat="47.610462" lon="13.140492">
                <ele>489.91153</ele>
            </trkpt>
            <trkpt lat="47.609739" lon="13.140903">
                <ele>490.04797</ele>
            </trkpt>
            <trkpt lat="47.608276" lon="13.141995">
                <ele>487.8477</ele>
            </trkpt>
            <trkpt lat="47.607624" lon="13.142635">
                <ele>485.64446</ele>
            </trkpt>
            <trkpt lat="47.607037" lon="13.143123">
                <ele>484.22825</ele>
            </trkpt>
            <trkpt lat="47.60671" lon="13.143226">
                <ele>484.4872</ele>
            </trkpt>
            <trkpt lat="47.605796" lon="13.143032">
                <ele>488.11374</ele>
            </trkpt>
            <trkpt lat="47.60505" lon="13.142591">
                <ele>488.20367</ele>
            </trkpt>
            <trkpt lat="47.604145" lon="13.142297">
                <ele>489.41962</ele>
            </trkpt>
            <trkpt lat="47.603731" lon="13.142563">
                <ele>485.95119</ele>
            </trkpt>
            <trkpt lat="47.603007" lon="13.143445">
                <ele>479.32051</ele>
            </trkpt>
            <trkpt lat="47.602623" lon="13.143807">
                <ele>479.40874</ele>
            </trkpt>
            <trkpt lat="47.602162" lon="13.144445">
                <ele>479.63705</ele>
            </trkpt>
            <trkpt lat="47.601816" lon="13.144418">
                <ele>479.21932</ele>
            </trkpt>
            <trkpt lat="47.601819" lon="13.145144">
                <ele>477.98968</ele>
            </trkpt>
            <trkpt lat="47.601664" lon="13.145833">
                <ele>476.92854</ele>
            </trkpt>
            <trkpt lat="47.602051" lon="13.147411">
                <ele>475.79207</ele>
            </trkpt>
            <trkpt lat="47.602226" lon="13.14825">
                <ele>474.56545</ele>
            </trkpt>
            <trkpt lat="47.602097" lon="13.148567">
                <ele>473.25951</ele>
            </trkpt>
            <trkpt lat="47.601747" lon="13.148548">
                <ele>473.32085</ele>
            </trkpt>
            <trkpt lat="47.60113" lon="13.148649">
                <ele>473.16004</ele>
            </trkpt>
            <trkpt lat="47.600761" lon="13.149039">
                <ele>470.60701</ele>
            </trkpt>
            <trkpt lat="47.600232" lon="13.149306">
                <ele>469.72525</ele>
            </trkpt>
            <trkpt lat="47.599749" lon="13.149706">
                <ele>468.26815</ele>
            </trkpt>
            <trkpt lat="47.59942" lon="13.149916">
                <ele>467.62882</ele>
            </trkpt>
            <trkpt lat="47.599087" lon="13.150091">
                <ele>467.3374</ele>
            </trkpt>
            <trkpt lat="47.598984" lon="13.150211">
                <ele>467.30639</ele>
            </trkpt>
            <trkpt lat="47.599041" lon="13.151123">
                <ele>467.30044</ele>
            </trkpt>
            <trkpt lat="47.599064" lon="13.151204">
                <ele>467.18777</ele>
            </trkpt>
            <trkpt lat="47.598961" lon="13.151704">
                <ele>467.9833</ele>
            </trkpt>
            <trkpt lat="47.598498" lon="13.153097">
                <ele>468.22968</ele>
            </trkpt>
            <trkpt lat="47.598141" lon="13.153779">
                <ele>468.42416</ele>
            </trkpt>
            <trkpt lat="47.597879" lon="13.154047">
                <ele>468.52657</ele>
            </trkpt>
            <trkpt lat="47.597595" lon="13.154632">
                <ele>468.16387</ele>
            </trkpt>
            <trkpt lat="47.597422" lon="13.155212">
                <ele>467.73374</ele>
            </trkpt>
            <trkpt lat="47.59722" lon="13.155464">
                <ele>468.03034</ele>
            </trkpt>
            <trkpt lat="47.596735" lon="13.156406">
                <ele>467.47742</ele>
            </trkpt>
            <trkpt lat="47.596608" lon="13.157728">
                <ele>467.85579</ele>
            </trkpt>
            <trkpt lat="47.595905" lon="13.159553">
                <ele>468.27836</ele>
            </trkpt>
            <trkpt lat="47.596187" lon="13.160554">
                <ele>468.40583</ele>
            </trkpt>
            <trkpt lat="47.596796" lon="13.161308">
                <ele>468.12672</ele>
            </trkpt>
            <trkpt lat="47.596468" lon="13.162301">
                <ele>467.75427</ele>
            </trkpt>
            <trkpt lat="47.596413" lon="13.16308">
                <ele>468.47176</ele>
            </trkpt>
            <trkpt lat="47.596495" lon="13.164846">
                <ele>468.95334</ele>
            </trkpt>
            <trkpt lat="47.596576" lon="13.165198">
                <ele>468.57276</ele>
            </trkpt>
            <trkpt lat="47.596629" lon="13.165341">
                <ele>468.72232</ele>
            </trkpt>
            <trkpt lat="47.596241" lon="13.165399">
                <ele>467.70921</ele>
            </trkpt>
            <trkpt lat="47.595706" lon="13.165309">
                <ele>467.85747</ele>
            </trkpt>
            <trkpt lat="47.594955" lon="13.165127">
                <ele>468.50893</ele>
            </trkpt>
            <trkpt lat="47.594176" lon="13.165121">
                <ele>468.36163</ele>
            </trkpt>
            <trkpt lat="47.593637" lon="13.165055">
                <ele>468.37892</ele>
            </trkpt>
            <trkpt lat="47.592855" lon="13.164731">
                <ele>468.67151</ele>
            </trkpt>
            <trkpt lat="47.592546" lon="13.164648">
                <ele>468.8528</ele>
            </trkpt>
            <trkpt lat="47.592448" lon="13.165012">
                <ele>468.80205</ele>
            </trkpt>
            <trkpt lat="47.592381" lon="13.16572">
                <ele>468.47744</ele>
            </trkpt>
            <trkpt lat="47.592236" lon="13.166532">
                <ele>468.37234</ele>
            </trkpt>
            <trkpt lat="47.592193" lon="13.167559">
                <ele>469.09585</ele>
            </trkpt>
            <trkpt lat="47.592206" lon="13.168533">
                <ele>468.76107</ele>
            </trkpt>
            <trkpt lat="47.591942" lon="13.168479">
                <ele>468.84389</ele>
            </trkpt>
            <trkpt lat="47.591319" lon="13.168283">
                <ele>468.97828</ele>
            </trkpt>
            <trkpt lat="47.590624" lon="13.169079">
                <ele>474.64202</ele>
            </trkpt>
            <trkpt lat="47.590511" lon="13.169486">
                <ele>476.09837</ele>
            </trkpt>
            <trkpt lat="47.590275" lon="13.1698">
                <ele>476.24188</ele>
            </trkpt>
            <trkpt lat="47.589595" lon="13.170168">
                <ele>476.43898</ele>
            </trkpt>
            <trkpt lat="47.589229" lon="13.170488">
                <ele>476.67175</ele>
            </trkpt>
            <trkpt lat="47.588757" lon="13.170849">
                <ele>476.26095</ele>
            </trkpt>
            <trkpt lat="47.588766" lon="13.170943">
                <ele>476.23113</ele>
            </trkpt>
            <trkpt lat="47.588734" lon="13.171382">
                <ele>474.1981</ele>
            </trkpt>
            <trkpt lat="47.588761" lon="13.171949">
                <ele>473.45888</ele>
            </trkpt>
            <trkpt lat="47.588342" lon="13.172362">
                <ele>473.69135</ele>
            </trkpt>
            <trkpt lat="47.587938" lon="13.172806">
                <ele>473.72041</ele>
            </trkpt>
            <trkpt lat="47.587217" lon="13.173436">
                <ele>473.71468</ele>
            </trkpt>
            <trkpt lat="47.586628" lon="13.173819">
                <ele>474.34053</ele>
            </trkpt>
            <trkpt lat="47.586329" lon="13.173976">
                <ele>474.14551</ele>
            </trkpt>
            <trkpt lat="47.58619" lon="13.175983">
                <ele>473.7852</ele>
            </trkpt>
            <trkpt lat="47.586419" lon="13.176674">
                <ele>474.22288</ele>
            </trkpt>
            <trkpt lat="47.586477" lon="13.177063">
                <ele>476.4947</ele>
            </trkpt>
            <trkpt lat="47.586342" lon="13.177557">
                <ele>475.93337</ele>
            </trkpt>
            <trkpt lat="47.586533" lon="13.17812">
                <ele>475.21746</ele>
            </trkpt>
            <trkpt lat="47.586514" lon="13.178094">
                <ele>475.25855</ele>
            </trkpt>
            <trkpt lat="47.586889" lon="13.17878">
                <ele>476.11755</ele>
            </trkpt>
            <trkpt lat="47.587027" lon="13.179094">
                <ele>476.60786</ele>
            </trkpt>
            <trkpt lat="47.586946" lon="13.179195">
                <ele>476.50033</ele>
            </trkpt>
            <trkpt lat="47.586184" lon="13.179872">
                <ele>476.29623</ele>
            </trkpt>
            <trkpt lat="47.585299" lon="13.181131">
                <ele>477.10054</ele>
            </trkpt>
            <trkpt lat="47.584849" lon="13.181705">
                <ele>477.92742</ele>
            </trkpt>
            <trkpt lat="47.584174" lon="13.182216">
                <ele>478.66877</ele>
            </trkpt>
            <trkpt lat="47.582929" lon="13.182391">
                <ele>480.30472</ele>
            </trkpt>
            <trkpt lat="47.582064" lon="13.182604">
                <ele>484.9522</ele>
            </trkpt>
            <trkpt lat="47.581379" lon="13.183444">
                <ele>490.05103</ele>
            </trkpt>
            <trkpt lat="47.581079" lon="13.184313">
                <ele>495.27083</ele>
            </trkpt>
            <trkpt lat="47.580786" lon="13.185778">
                <ele>502.98033</ele>
            </trkpt>
            <trkpt lat="47.58027" lon="13.187089">
                <ele>510.82189</ele>
            </trkpt>
            <trkpt lat="47.579501" lon="13.188456">
                <ele>520.0044</ele>
            </trkpt>
            <trkpt lat="47.578754" lon="13.190051">
                <ele>530.99837</ele>
            </trkpt>
            <trkpt lat="47.57807" lon="13.192344">
                <ele>543.73953</ele>
            </trkpt>
            <trkpt lat="47.577366" lon="13.193896">
                <ele>551.4353</ele>
            </trkpt>
            <trkpt lat="47.577157" lon="13.194156">
                <ele>552.17908</ele>
            </trkpt>
            <trkpt lat="47.577004" lon="13.19455">
                <ele>552.99758</ele>
            </trkpt>
            <trkpt lat="47.576602" lon="13.195007">
                <ele>564.03591</ele>
            </trkpt>
            <trkpt lat="47.576082" lon="13.194966">
                <ele>569.24755</ele>
            </trkpt>
            <trkpt lat="47.575504" lon="13.195084">
                <ele>560.90048</ele>
            </trkpt>
            <trkpt lat="47.574429" lon="13.195153">
                <ele>548.00496</ele>
            </trkpt>
            <trkpt lat="47.574409" lon="13.194684">
                <ele>534.83023</ele>
            </trkpt>
            <trkpt lat="47.573517" lon="13.194789">
                <ele>539.52698</ele>
            </trkpt>
            <trkpt lat="47.573105" lon="13.19434">
                <ele>536.00165</ele>
            </trkpt>
            <trkpt lat="47.572784" lon="13.193602">
                <ele>531.19322</ele>
            </trkpt>
            <trkpt lat="47.572572" lon="13.192132">
                <ele>519.40595</ele>
            </trkpt>
            <trkpt lat="47.572019" lon="13.190384">
                <ele>505.7136</ele>
            </trkpt>
            <trkpt lat="47.570896" lon="13.189641">
                <ele>545.70008</ele>
            </trkpt>
            <trkpt lat="47.569457" lon="13.187306">
                <ele>494.09174</ele>
            </trkpt>
            <trkpt lat="47.567953" lon="13.184035">
                <ele>493.53371</ele>
            </trkpt>
            <trkpt lat="47.567415" lon="13.181944">
                <ele>492.34786</ele>
            </trkpt>
            <trkpt lat="47.566649" lon="13.180441">
                <ele>495.4268</ele>
            </trkpt>
            <trkpt lat="47.566173" lon="13.17933">
                <ele>499.22083</ele>
            </trkpt>
            <trkpt lat="47.565724" lon="13.176983">
                <ele>496.69279</ele>
            </trkpt>
            <trkpt lat="47.565349" lon="13.174497">
                <ele>504.02569</ele>
            </trkpt>
            <trkpt lat="47.565063" lon="13.172988">
                <ele>502.00233</ele>
            </trkpt>
            <trkpt lat="47.56507" lon="13.172941">
                <ele>501.3482</ele>
            </trkpt>
            <trkpt lat="47.564613" lon="13.170102">
                <ele>502.42569</ele>
            </trkpt>
            <trkpt lat="47.56426" lon="13.168806">
                <ele>500.8247</ele>
            </trkpt>
            <trkpt lat="47.563515" lon="13.167726">
                <ele>498.04368</ele>
            </trkpt>
            <trkpt lat="47.562321" lon="13.166941">
                <ele>497.30227</ele>
            </trkpt>
            <trkpt lat="47.560667" lon="13.166452">
                <ele>500.68255</ele>
            </trkpt>
            <trkpt lat="47.559091" lon="13.16641">
                <ele>501.28996</ele>
            </trkpt>
            <trkpt lat="47.557157" lon="13.166555">
                <ele>504.07035</ele>
            </trkpt>
            <trkpt lat="47.555558" lon="13.167155">
                <ele>501.58249</ele>
            </trkpt>
            <trkpt lat="47.554233" lon="13.168092">
                <ele>498.2894</ele>
            </trkpt>
            <trkpt lat="47.553294" lon="13.169211">
                <ele>501.07889</ele>
            </trkpt>
            <trkpt lat="47.552454" lon="13.169939">
                <ele>505.97613</ele>
            </trkpt>
            <trkpt lat="47.551446" lon="13.170333">
                <ele>499.68212</ele>
            </trkpt>
            <trkpt lat="47.550405" lon="13.170289">
                <ele>498.90139</ele>
            </trkpt>
            <trkpt lat="47.549406" lon="13.170115">
                <ele>500.20904</ele>
            </trkpt>
            <trkpt lat="47.548735" lon="13.170058">
                <ele>501.5982</ele>
            </trkpt>
            <trkpt lat="47.548201" lon="13.170084">
                <ele>503.73382</ele>
            </trkpt>
            <trkpt lat="47.545261" lon="13.170631">
                <ele>507.69798</ele>
            </trkpt>
            <trkpt lat="47.543761" lon="13.171129">
                <ele>510.27733</ele>
            </trkpt>
            <trkpt lat="47.542428" lon="13.171522">
                <ele>505.77291</ele>
            </trkpt>
            <trkpt lat="47.541678" lon="13.171482">
                <ele>504.26558</ele>
            </trkpt>
            <trkpt lat="47.541017" lon="13.171323">
                <ele>504.82058</ele>
            </trkpt>
            <trkpt lat="47.540554" lon="13.171252">
                <ele>507.40444</ele>
            </trkpt>
            <trkpt lat="47.539803" lon="13.17092">
                <ele>510.97744</ele>
            </trkpt>
            <trkpt lat="47.538367" lon="13.169953">
                <ele>513.65963</ele>
            </trkpt>
            <trkpt lat="47.537161" lon="13.169033">
                <ele>516.16538</ele>
            </trkpt>
            <trkpt lat="47.536276" lon="13.168193">
                <ele>515.5853</ele>
            </trkpt>
            <trkpt lat="47.535094" lon="13.167522">
                <ele>512.30564</ele>
            </trkpt>
            <trkpt lat="47.533776" lon="13.167331">
                <ele>513.17263</ele>
            </trkpt>
            <trkpt lat="47.53331" lon="13.16704">
                <ele>511.74352</ele>
            </trkpt>
            <trkpt lat="47.532008" lon="13.16629">
                <ele>512.25173</ele>
            </trkpt>
            <trkpt lat="47.531051" lon="13.166129">
                <ele>511.25924</ele>
            </trkpt>
            <trkpt lat="47.529848" lon="13.166423">
                <ele>511.12424</ele>
            </trkpt>
            <trkpt lat="47.52879" lon="13.167198">
                <ele>514.13497</ele>
            </trkpt>
            <trkpt lat="47.52762" lon="13.167387">
                <ele>517.68735</ele>
            </trkpt>
            <trkpt lat="47.52646" lon="13.167338">
                <ele>520.13575</ele>
            </trkpt>
            <trkpt lat="47.524702" lon="13.167803">
                <ele>521.42519</ele>
            </trkpt>
            <trkpt lat="47.523706" lon="13.167721">
                <ele>520.64929</ele>
            </trkpt>
            <trkpt lat="47.522774" lon="13.167249">
                <ele>513.37672</ele>
            </trkpt>
            <trkpt lat="47.521458" lon="13.166432">
                <ele>502.26323</ele>
            </trkpt>
            <trkpt lat="47.520417" lon="13.165688">
                <ele>515.5983</ele>
            </trkpt>
            <trkpt lat="47.518696" lon="13.164532">
                <ele>519.89977</ele>
            </trkpt>
            <trkpt lat="47.517315" lon="13.163861">
                <ele>528.72133</ele>
            </trkpt>
            <trkpt lat="47.516299" lon="13.164034">
                <ele>531.98585</ele>
            </trkpt>
            <trkpt lat="47.514629" lon="13.164996">
                <ele>539.45962</ele>
            </trkpt>
            <trkpt lat="47.513474" lon="13.165858">
                <ele>541.14472</ele>
            </trkpt>
            <trkpt lat="47.51249" lon="13.166472">
                <ele>538.63185</ele>
            </trkpt>
            <trkpt lat="47.511313" lon="13.166869">
                <ele>533.03672</ele>
            </trkpt>
            <trkpt lat="47.510419" lon="13.166976">
                <ele>528.3705</ele>
            </trkpt>
            <trkpt lat="47.509651" lon="13.166942">
                <ele>525.59813</ele>
            </trkpt>
            <trkpt lat="47.508469" lon="13.16664">
                <ele>524.04571</ele>
            </trkpt>
            <trkpt lat="47.507188" lon="13.166272">
                <ele>514.84872</ele>
            </trkpt>
            <trkpt lat="47.505752" lon="13.166975">
                <ele>516.08382</ele>
            </trkpt>
            <trkpt lat="47.504439" lon="13.16795">
                <ele>513.55359</ele>
            </trkpt>
            <trkpt lat="47.502253" lon="13.169659">
                <ele>519.73644</ele>
            </trkpt>
            <trkpt lat="47.499616" lon="13.171586">
                <ele>522.2178</ele>
            </trkpt>
            <trkpt lat="47.49835" lon="13.172759">
                <ele>522.63651</ele>
            </trkpt>
            <trkpt lat="47.497641" lon="13.174066">
                <ele>523.2167</ele>
            </trkpt>
            <trkpt lat="47.496995" lon="13.175314">
                <ele>523.00219</ele>
            </trkpt>
            <trkpt lat="47.496262" lon="13.175844">
                <ele>521.40748</ele>
            </trkpt>
            <trkpt lat="47.495223" lon="13.175782">
                <ele>521.75115</ele>
            </trkpt>
            <trkpt lat="47.49408" lon="13.175574">
                <ele>521.72582</ele>
            </trkpt>
            <trkpt lat="47.494211" lon="13.175603">
                <ele>521.60562</ele>
            </trkpt>
            <trkpt lat="47.493297" lon="13.17541">
                <ele>520.00382</ele>
            </trkpt>
            <trkpt lat="47.492536" lon="13.17538">
                <ele>518.77261</ele>
            </trkpt>
            <trkpt lat="47.492088" lon="13.175488">
                <ele>518.43134</ele>
            </trkpt>
            <trkpt lat="47.491724" lon="13.176059">
                <ele>518.48045</ele>
            </trkpt>
            <trkpt lat="47.491221" lon="13.176958">
                <ele>520.9578</ele>
            </trkpt>
            <trkpt lat="47.49057" lon="13.177359">
                <ele>525.14434</ele>
            </trkpt>
            <trkpt lat="47.490121" lon="13.177842">
                <ele>527.95621</ele>
            </trkpt>
            <trkpt lat="47.489612" lon="13.179041">
                <ele>537.45883</ele>
            </trkpt>
            <trkpt lat="47.489439" lon="13.179753">
                <ele>536.9854</ele>
            </trkpt>
            <trkpt lat="47.489202" lon="13.180636">
                <ele>535.739</ele>
            </trkpt>
            <trkpt lat="47.488841" lon="13.181375">
                <ele>540.62503</ele>
            </trkpt>
            <trkpt lat="47.488416" lon="13.182402">
                <ele>543.80309</ele>
            </trkpt>
            <trkpt lat="47.488101" lon="13.183047">
                <ele>546.40808</ele>
            </trkpt>
            <trkpt lat="47.487257" lon="13.184384">
                <ele>553.74815</ele>
            </trkpt>
            <trkpt lat="47.486855" lon="13.184721">
                <ele>561.53834</ele>
            </trkpt>
            <trkpt lat="47.486471" lon="13.185135">
                <ele>560.75606</ele>
            </trkpt>
            <trkpt lat="47.485994" lon="13.185344">
                <ele>572.80472</ele>
            </trkpt>
            <trkpt lat="47.484895" lon="13.185456">
                <ele>567.96059</ele>
            </trkpt>
            <trkpt lat="47.4835" lon="13.185304">
                <ele>576.09394</ele>
            </trkpt>
            <trkpt lat="47.482689" lon="13.18512">
                <ele>576.34019</ele>
            </trkpt>
            <trkpt lat="47.482165" lon="13.185064">
                <ele>575.96209</ele>
            </trkpt>
            <trkpt lat="47.481281" lon="13.185139">
                <ele>573.12458</ele>
            </trkpt>
            <trkpt lat="47.480632" lon="13.185592">
                <ele>567.03751</ele>
            </trkpt>
            <trkpt lat="47.480533" lon="13.185608">
                <ele>566.56334</ele>
            </trkpt>
            <trkpt lat="47.480331" lon="13.185412">
                <ele>564.60557</ele>
            </trkpt>
            <trkpt lat="47.479793" lon="13.185931">
                <ele>558.88953</ele>
            </trkpt>
            <trkpt lat="47.479257" lon="13.186748">
                <ele>554.63722</ele>
            </trkpt>
            <trkpt lat="47.478963" lon="13.187263">
                <ele>551.76062</ele>
            </trkpt>
            <trkpt lat="47.478668" lon="13.187612">
                <ele>551.60351</ele>
            </trkpt>
            <trkpt lat="47.478421" lon="13.187943">
                <ele>549.05506</ele>
            </trkpt>
            <trkpt lat="47.477924" lon="13.18825">
                <ele>546.5065</ele>
            </trkpt>
            <trkpt lat="47.476829" lon="13.189014">
                <ele>546.48506</ele>
            </trkpt>
            <trkpt lat="47.475656" lon="13.190016">
                <ele>545.31568</ele>
            </trkpt>
            <trkpt lat="47.474677" lon="13.191012">
                <ele>539.43706</ele>
            </trkpt>
            <trkpt lat="47.473771" lon="13.191731">
                <ele>538.28653</ele>
            </trkpt>
            <trkpt lat="47.473487" lon="13.192097">
                <ele>533.00163</ele>
            </trkpt>
            <trkpt lat="47.473316" lon="13.192458">
                <ele>531.64408</ele>
            </trkpt>
            <trkpt lat="47.47324" lon="13.192741">
                <ele>529.3192</ele>
            </trkpt>
            <trkpt lat="47.473211" lon="13.193102">
                <ele>527.84642</ele>
            </trkpt>
            <trkpt lat="47.473179" lon="13.193203">
                <ele>527.33323</ele>
            </trkpt>
            <trkpt lat="47.472899" lon="13.192918">
                <ele>526.65911</ele>
            </trkpt>
            <trkpt lat="47.472153" lon="13.193084">
                <ele>523.57471</ele>
            </trkpt>
            <trkpt lat="47.471208" lon="13.193433">
                <ele>519.243</ele>
            </trkpt>
            <trkpt lat="47.4707" lon="13.193454">
                <ele>524.13172</ele>
            </trkpt>
            <trkpt lat="47.470266" lon="13.193674">
                <ele>526.19896</ele>
            </trkpt>
            <trkpt lat="47.469782" lon="13.194102">
                <ele>526.70573</ele>
            </trkpt>
            <trkpt lat="47.469386" lon="13.194501">
                <ele>525.60295</ele>
            </trkpt>
            <trkpt lat="47.468842" lon="13.195153">
                <ele>524.95968</ele>
            </trkpt>
            <trkpt lat="47.468452" lon="13.1957">
                <ele>524.72934</ele>
            </trkpt>
            <trkpt lat="47.467607" lon="13.196786">
                <ele>526.8799</ele>
            </trkpt>
            <trkpt lat="47.467265" lon="13.197435">
                <ele>525.48726</ele>
            </trkpt>
            <trkpt lat="47.467029" lon="13.198018">
                <ele>525.09649</ele>
            </trkpt>
            <trkpt lat="47.466936" lon="13.198541">
                <ele>524.52762</ele>
            </trkpt>
            <trkpt lat="47.466813" lon="13.198782">
                <ele>524.62569</ele>
            </trkpt>
            <trkpt lat="47.46675" lon="13.198839">
                <ele>525.31154</ele>
            </trkpt>
            <trkpt lat="47.466663" lon="13.199069">
                <ele>524.81387</ele>
            </trkpt>
            <trkpt lat="47.466271" lon="13.199048">
                <ele>526.40414</ele>
            </trkpt>
            <trkpt lat="47.466115" lon="13.198993">
                <ele>526.32294</ele>
            </trkpt>
            <trkpt lat="47.465568" lon="13.198306">
                <ele>526.97917</ele>
            </trkpt>
            <trkpt lat="47.464874" lon="13.197748">
                <ele>526.13891</ele>
            </trkpt>
            <trkpt lat="47.464318" lon="13.197762">
                <ele>526.82813</ele>
            </trkpt>
            <trkpt lat="47.463515" lon="13.198097">
                <ele>527.52441</ele>
            </trkpt>
            <trkpt lat="47.462405" lon="13.19836">
                <ele>527.00055</ele>
            </trkpt>
            <trkpt lat="47.461717" lon="13.198479">
                <ele>528.72413</ele>
            </trkpt>
            <trkpt lat="47.461585" lon="13.198465">
                <ele>528.875</ele>
            </trkpt>
            <trkpt lat="47.461441" lon="13.198633">
                <ele>528.42514</ele>
            </trkpt>
            <trkpt lat="47.461633" lon="13.199346">
                <ele>525.20659</ele>
            </trkpt>
            <trkpt lat="47.461585" lon="13.199451">
                <ele>526.91268</ele>
            </trkpt>
            <trkpt lat="47.460144" lon="13.200145">
                <ele>527.05636</ele>
            </trkpt>
            <trkpt lat="47.458181" lon="13.201228">
                <ele>530.14112</ele>
            </trkpt>
            <trkpt lat="47.456714" lon="13.202457">
                <ele>527.95117</ele>
            </trkpt>
            <trkpt lat="47.456506" lon="13.201788">
                <ele>526.94471</ele>
            </trkpt>
            <trkpt lat="47.455581" lon="13.202341">
                <ele>525.80476</ele>
            </trkpt>
            <trkpt lat="47.455011" lon="13.20293">
                <ele>525.9218</ele>
            </trkpt>
            <trkpt lat="47.454733" lon="13.203792">
                <ele>529.18103</ele>
            </trkpt>
            <trkpt lat="47.454592" lon="13.205383">
                <ele>528.68712</ele>
            </trkpt>
            <trkpt lat="47.454616" lon="13.206454">
                <ele>529.09453</ele>
            </trkpt>
            <trkpt lat="47.454504" lon="13.207625">
                <ele>529.98483</ele>
            </trkpt>
            <trkpt lat="47.454172" lon="13.208936">
                <ele>528.57083</ele>
            </trkpt>
            <trkpt lat="47.453897" lon="13.209739">
                <ele>529.11134</ele>
            </trkpt>
            <trkpt lat="47.453429" lon="13.210707">
                <ele>529.69459</ele>
            </trkpt>
            <trkpt lat="47.452639" lon="13.211803">
                <ele>529.93335</ele>
            </trkpt>
            <trkpt lat="47.452063" lon="13.21234">
                <ele>529.03475</ele>
            </trkpt>
            <trkpt lat="47.451019" lon="13.213072">
                <ele>529.93046</ele>
            </trkpt>
            <trkpt lat="47.449858" lon="13.213358">
                <ele>528.9966</ele>
            </trkpt>
            <trkpt lat="47.448872" lon="13.213376">
                <ele>529.3707</ele>
            </trkpt>
            <trkpt lat="47.447383" lon="13.213336">
                <ele>529.38217</ele>
            </trkpt>
            <trkpt lat="47.445121" lon="13.213378">
                <ele>533.58482</ele>
            </trkpt>
            <trkpt lat="47.445107" lon="13.213352">
                <ele>533.59089</ele>
            </trkpt>
            <trkpt lat="47.443514" lon="13.213182">
                <ele>533.32579</ele>
            </trkpt>
            <trkpt lat="47.443095" lon="13.213052">
                <ele>532.82715</ele>
            </trkpt>
            <trkpt lat="47.44269" lon="13.213127">
                <ele>534.88825</ele>
            </trkpt>
            <trkpt lat="47.442135" lon="13.213073">
                <ele>536.74295</ele>
            </trkpt>
            <trkpt lat="47.441504" lon="13.212961">
                <ele>536.45496</ele>
            </trkpt>
            <trkpt lat="47.440942" lon="13.212816">
                <ele>536.42164</ele>
            </trkpt>
            <trkpt lat="47.439669" lon="13.212153">
                <ele>535.50841</ele>
            </trkpt>
            <trkpt lat="47.439263" lon="13.212046">
                <ele>536.61035</ele>
            </trkpt>
            <trkpt lat="47.438941" lon="13.2118">
                <ele>535.97856</ele>
            </trkpt>
            <trkpt lat="47.438528" lon="13.211556">
                <ele>535.89778</ele>
            </trkpt>
            <trkpt lat="47.438285" lon="13.211556">
                <ele>537.46173</ele>
            </trkpt>
            <trkpt lat="47.438009" lon="13.211511">
                <ele>538.07238</ele>
            </trkpt>
            <trkpt lat="47.437745" lon="13.211506">
                <ele>539.06975</ele>
            </trkpt>
            <trkpt lat="47.437252" lon="13.211346">
                <ele>537.18207</ele>
            </trkpt>
            <trkpt lat="47.437124" lon="13.211251">
                <ele>535.91601</ele>
            </trkpt>
            <trkpt lat="47.43697" lon="13.211211">
                <ele>536.91018</ele>
            </trkpt>
            <trkpt lat="47.436941" lon="13.210922">
                <ele>535.67711</ele>
            </trkpt>
            <trkpt lat="47.436904" lon="13.210972">
                <ele>537.83513</ele>
            </trkpt>
            <trkpt lat="47.436637" lon="13.210767">
                <ele>538.31729</ele>
            </trkpt>
            <trkpt lat="47.43654" lon="13.210474">
                <ele>538.15772</ele>
            </trkpt>
            <trkpt lat="47.436428" lon="13.210439">
                <ele>538.534</ele>
            </trkpt>
            <trkpt lat="47.435248" lon="13.210717">
                <ele>537.26871</ele>
            </trkpt>
            <trkpt lat="47.434461" lon="13.211095">
                <ele>537.83939</ele>
            </trkpt>
            <trkpt lat="47.434189" lon="13.211496">
                <ele>538.09339</ele>
            </trkpt>
            <trkpt lat="47.433495" lon="13.213132">
                <ele>537.91727</ele>
            </trkpt>
            <trkpt lat="47.432855" lon="13.214118">
                <ele>537.86527</ele>
            </trkpt>
            <trkpt lat="47.431779" lon="13.215244">
                <ele>538.2776</ele>
            </trkpt>
            <trkpt lat="47.42962" lon="13.216358">
                <ele>538.41239</ele>
            </trkpt>
            <trkpt lat="47.429505" lon="13.217311">
                <ele>538.06276</ele>
            </trkpt>
            <trkpt lat="47.429374" lon="13.217886">
                <ele>537.98175</ele>
            </trkpt>
            <trkpt lat="47.428996" lon="13.218373">
                <ele>537.52897</ele>
            </trkpt>
            <trkpt lat="47.428902" lon="13.218548">
                <ele>537.45059</ele>
            </trkpt>
            <trkpt lat="47.428672" lon="13.218867">
                <ele>537.64842</ele>
            </trkpt>
            <trkpt lat="47.428333" lon="13.219288">
                <ele>536.8072</ele>
            </trkpt>
            <trkpt lat="47.428202" lon="13.219889">
                <ele>538.01689</ele>
            </trkpt>
            <trkpt lat="47.428097" lon="13.220296">
                <ele>538.51003</ele>
            </trkpt>
            <trkpt lat="47.427836" lon="13.220513">
                <ele>538.10467</ele>
            </trkpt>
            <trkpt lat="47.427307" lon="13.220594">
                <ele>536.5995</ele>
            </trkpt>
            <trkpt lat="47.42724" lon="13.221399">
                <ele>538.05608</ele>
            </trkpt>
            <trkpt lat="47.426953" lon="13.221362">
                <ele>538.6789</ele>
            </trkpt>
            <trkpt lat="47.426429" lon="13.221113">
                <ele>539.83081</ele>
            </trkpt>
            <trkpt lat="47.425982" lon="13.220842">
                <ele>537.04793</ele>
            </trkpt>
            <trkpt lat="47.425434" lon="13.220763">
                <ele>540.68444</ele>
            </trkpt>
            <trkpt lat="47.425227" lon="13.220947">
                <ele>539.07574</ele>
            </trkpt>
            <trkpt lat="47.424793" lon="13.220611">
                <ele>539.06045</ele>
            </trkpt>
            <trkpt lat="47.424205" lon="13.220232">
                <ele>539.51251</ele>
            </trkpt>
            <trkpt lat="47.424091" lon="13.220104">
                <ele>539.34752</ele>
            </trkpt>
            <trkpt lat="47.424054" lon="13.2197">
                <ele>538.9578</ele>
            </trkpt>
            <trkpt lat="47.424076" lon="13.219681">
                <ele>538.64069</ele>
            </trkpt>
            <trkpt lat="47.424149" lon="13.219369">
                <ele>539.07447</ele>
            </trkpt>
            <trkpt lat="47.423643" lon="13.219282">
                <ele>539.17086</ele>
            </trkpt>
            <trkpt lat="47.422169" lon="13.219437">
                <ele>540.20544</ele>
            </trkpt>
            <trkpt lat="47.421445" lon="13.219437">
                <ele>538.72082</ele>
            </trkpt>
            <trkpt lat="47.420985" lon="13.219315">
                <ele>540.60374</ele>
            </trkpt>
            <trkpt lat="47.420486" lon="13.218896">
                <ele>542.97952</ele>
            </trkpt>
            <trkpt lat="47.41787" lon="13.218778">
                <ele>547.72747</ele>
            </trkpt>
        <trkpt lat="47.420985" lon="13.219315">
                <ele>542.4486</ele>
            </trkpt>
            <trkpt lat="47.420486" lon="13.218896">
                <ele>545.34147</ele>
            </trkpt>
            <trkpt lat="47.417791" lon="13.218607">
                <ele>551.42694</ele>
            </trkpt>
            <trkpt lat="47.416064" lon="13.218472">
                <ele>551.42694</ele>
            </trkpt>
            <trkpt lat="47.41581" lon="13.218341">
                <ele>551.48335</ele>
            </trkpt>
            <trkpt lat="47.4155" lon="13.218082">
                <ele>551.48335</ele>
            </trkpt>
            <trkpt lat="47.415107" lon="13.217949">
                <ele>550.72844</ele>
            </trkpt>
            <trkpt lat="47.414913" lon="13.219069">
                <ele>548.01784</ele>
            </trkpt>
            <trkpt lat="47.414452" lon="13.218876">
                <ele>546.9115</ele>
            </trkpt>
            <trkpt lat="47.41392" lon="13.21878">
                <ele>545.38106</ele>
            </trkpt>
            <trkpt lat="47.413582" lon="13.21878">
                <ele>544.1</ele>
            </trkpt>
            <trkpt lat="47.41341" lon="13.21878">
                <ele>543.2</ele>
            </trkpt>
            <trkpt lat="47.41326" lon="13.21878">
                <ele>543.0</ele>
            </trkpt>
            <trkpt lat="47.41324" lon="13.21895">
                <ele>543.0</ele>
            </trkpt>
            <trkpt lat="47.41327" lon="13.21903">
                <ele>542.9</ele>
            </trkpt>
            <trkpt lat="47.41355" lon="13.21927">
                <ele>543.4</ele>
            </trkpt>
            <trkpt lat="47.41374" lon="13.21944">
                <ele>543.4</ele>
            </trkpt>
            <trkpt lat="47.41386" lon="13.21971">
                <ele>542.4</ele>
            </trkpt>
            <trkpt lat="47.41395" lon="13.21989">
                <ele>542.0</ele>
            </trkpt>
            <trkpt lat="47.414" lon="13.22001">
                <ele>541.6</ele>
            </trkpt>
            <trkpt lat="47.41405" lon="13.2201">
                <ele>541.5</ele>
            </trkpt>
            <trkpt lat="47.41431" lon="13.2202">
                <ele>541.8</ele>
            </trkpt>
            <trkpt lat="47.41461" lon="13.22021">
                <ele>542.6</ele>
            </trkpt>
            <trkpt lat="47.41464" lon="13.22026">
                <ele>542.5</ele>
            </trkpt>
            <trkpt lat="47.41465" lon="13.22034">
                <ele>542.3</ele>
            </trkpt>
            <trkpt lat="47.41465" lon="13.22047">
                <ele>542.0</ele>
            </trkpt>
            <trkpt lat="47.41462" lon="13.22112">
                <ele>542.0</ele>
            </trkpt>
            <trkpt lat="47.41462" lon="13.22126">
                <ele>542.2</ele>
            </trkpt>
            <trkpt lat="47.41464" lon="13.22132">
                <ele>542.2</ele>
            </trkpt>
            <trkpt lat="47.41437" lon="13.22128">
                <ele>542.2</ele>
            </trkpt>
            <trkpt lat="47.4141" lon="13.22124">
                <ele>542.1</ele>
            </trkpt>
            <trkpt lat="47.413862" lon="13.221225">
                <ele>542.0</ele>
            </trkpt>
            <trkpt lat="47.41347" lon="13.2212">
                <ele>542.2</ele>
            </trkpt>
            <trkpt lat="47.41312" lon="13.22121">
                <ele>543.2</ele>
            </trkpt>
            <trkpt lat="47.41277" lon="13.22122">
                <ele>543.9</ele>
            </trkpt>
            <trkpt lat="47.41264" lon="13.22126">
                <ele>544.4</ele>
            </trkpt>
            <trkpt lat="47.41236" lon="13.22142">
                <ele>546.2</ele>
            </trkpt>
            <trkpt lat="47.4122" lon="13.22146">
                <ele>546.7</ele>
            </trkpt>
            <trkpt lat="47.41195" lon="13.22143">
                <ele>546.1</ele>
            </trkpt>
            <trkpt lat="47.41174" lon="13.22139">
                <ele>545.5</ele>
            </trkpt>
            <trkpt lat="47.41156" lon="13.22131">
                <ele>544.4</ele>
            </trkpt>
            <trkpt lat="47.4114" lon="13.22123">
                <ele>543.5</ele>
            </trkpt>
            <trkpt lat="47.41123" lon="13.22111">
                <ele>542.4</ele>
            </trkpt>
            <trkpt lat="47.41097" lon="13.22086">
                <ele>541.1</ele>
            </trkpt>
            <trkpt lat="47.41078" lon="13.22069">
                <ele>540.7</ele>
            </trkpt>
            <trkpt lat="47.410425" lon="13.22032">
                <ele>540.4</ele>
            </trkpt>
            <trkpt lat="47.41007" lon="13.21995">
                <ele>539.7</ele>
            </trkpt>
            <trkpt lat="47.40991" lon="13.21983">
                <ele>540.0</ele>
            </trkpt>
            <trkpt lat="47.409872" lon="13.219808">
                <ele>540.0</ele>
            </trkpt>
            <trkpt lat="47.40967" lon="13.21969">
                <ele>540.3</ele>
            </trkpt>
            <trkpt lat="47.4093" lon="13.21956">
                <ele>540.3</ele>
            </trkpt>
            <trkpt lat="47.40906" lon="13.21955">
                <ele>540.4</ele>
            </trkpt>
            <trkpt lat="47.40872" lon="13.2196">
                <ele>540.0</ele>
            </trkpt>
            <trkpt lat="47.40846" lon="13.2197">
                <ele>539.1</ele>
            </trkpt>
            <trkpt lat="47.40834" lon="13.21977">
                <ele>538.9</ele>
            </trkpt>
            <trkpt lat="47.40808" lon="13.21999">
                <ele>538.8</ele>
            </trkpt>
            <trkpt lat="47.40782" lon="13.22021">
                <ele>539.4</ele>
            </trkpt>
            <trkpt lat="47.40757" lon="13.22044">
                <ele>540.2</ele>
            </trkpt>
            <trkpt lat="47.40729" lon="13.22078">
                <ele>542.6</ele>
            </trkpt>
            <trkpt lat="47.407105" lon="13.220982">
                <ele>544.8</ele>
            </trkpt>
            <trkpt lat="47.406919" lon="13.221183">
                <ele>546.2</ele>
            </trkpt>
            <trkpt lat="47.406856" lon="13.221187">
                <ele>546.6</ele>
            </trkpt>
            <trkpt lat="47.40679" lon="13.221191">
                <ele>547.0</ele>
            </trkpt>
            <trkpt lat="47.406716" lon="13.221252">
                <ele>547.3</ele>
            </trkpt>
            <trkpt lat="47.406522" lon="13.221528">
                <ele>547.9</ele>
            </trkpt>
            <trkpt lat="47.406347" lon="13.221731">
                <ele>549.1</ele>
            </trkpt>
            <trkpt lat="47.406003" lon="13.222053">
                <ele>552.3</ele>
            </trkpt>
            <trkpt lat="47.405659" lon="13.222375">
                <ele>551.4</ele>
            </trkpt>
            <trkpt lat="47.405455" lon="13.22254">
                <ele>550.7</ele>
            </trkpt>
            <trkpt lat="47.405251" lon="13.222706">
                <ele>549.6</ele>
            </trkpt>
            <trkpt lat="47.405106" lon="13.222824">
                <ele>549.1</ele>
            </trkpt>
            <trkpt lat="47.405058" lon="13.222906">
                <ele>549.3</ele>
            </trkpt>
            <trkpt lat="47.40498" lon="13.223302">
                <ele>551.5</ele>
            </trkpt>
            <trkpt lat="47.404936" lon="13.223369">
                <ele>552.1</ele>
            </trkpt>
            <trkpt lat="47.404873" lon="13.223437">
                <ele>552.8</ele>
            </trkpt>
            <trkpt lat="47.404552" lon="13.22351">
                <ele>554.6</ele>
            </trkpt>
            <trkpt lat="47.404231" lon="13.223583">
                <ele>556.6</ele>
            </trkpt>
            <trkpt lat="47.404118" lon="13.223645">
                <ele>557.0</ele>
            </trkpt>
            <trkpt lat="47.403876" lon="13.223996">
                <ele>558.2</ele>
            </trkpt>
            <trkpt lat="47.403716" lon="13.224191">
                <ele>557.0</ele>
            </trkpt>
            <trkpt lat="47.403646" lon="13.224471">
                <ele>557.1</ele>
            </trkpt>
            <trkpt lat="47.403593" lon="13.224604">
                <ele>556.5</ele>
            </trkpt>
            <trkpt lat="47.403487" lon="13.224753">
                <ele>555.1</ele>
            </trkpt>
            <trkpt lat="47.403268" lon="13.225001">
                <ele>553.7</ele>
            </trkpt>
            <trkpt lat="47.402999" lon="13.225229">
                <ele>555.0</ele>
            </trkpt>
            <trkpt lat="47.402801" lon="13.225265">
                <ele>555.1</ele>
            </trkpt>
            <trkpt lat="47.402566" lon="13.225444">
                <ele>556.3</ele>
            </trkpt>
            <trkpt lat="47.402331" lon="13.225624">
                <ele>557.2</ele>
            </trkpt>
            <trkpt lat="47.402" lon="13.225806">
                <ele>557.0</ele>
            </trkpt>
            <trkpt lat="47.401668" lon="13.225989">
                <ele>556.8</ele>
            </trkpt>
            <trkpt lat="47.401278" lon="13.226086">
                <ele>554.6</ele>
            </trkpt>
            <trkpt lat="47.400889" lon="13.226183">
                <ele>552.6</ele>
            </trkpt>
            <trkpt lat="47.400544" lon="13.226238">
                <ele>551.9</ele>
            </trkpt>
            <trkpt lat="47.4002" lon="13.226293">
                <ele>552.5</ele>
            </trkpt>
            <trkpt lat="47.399856" lon="13.226349">
                <ele>551.8</ele>
            </trkpt>
            <trkpt lat="47.399518" lon="13.226358">
                <ele>549.8</ele>
            </trkpt>
            <trkpt lat="47.399179" lon="13.226367">
                <ele>548.3</ele>
            </trkpt>
            <trkpt lat="47.398841" lon="13.226376">
                <ele>549.2</ele>
            </trkpt>
            <trkpt lat="47.398683" lon="13.226388">
                <ele>549.8</ele>
            </trkpt>
            <trkpt lat="47.398546" lon="13.226488">
                <ele>550.2</ele>
            </trkpt>
            <trkpt lat="47.398442" lon="13.226498">
                <ele>550.5</ele>
            </trkpt>
            <trkpt lat="47.398134" lon="13.226443">
                <ele>551.3</ele>
            </trkpt>
            <trkpt lat="47.397945" lon="13.226427">
                <ele>552.2</ele>
            </trkpt>
            <trkpt lat="47.397753" lon="13.22647">
                <ele>553.3</ele>
            </trkpt>
            <trkpt lat="47.397437" lon="13.226397">
                <ele>553.8</ele>
            </trkpt>
            <trkpt lat="47.397122" lon="13.226324">
                <ele>553.6</ele>
            </trkpt>
            <trkpt lat="47.396714" lon="13.226206">
                <ele>553.4</ele>
            </trkpt>
            <trkpt lat="47.39647" lon="13.226178">
                <ele>554.3</ele>
            </trkpt>
            <trkpt lat="47.396356" lon="13.226116">
                <ele>554.1</ele>
            </trkpt>
            <trkpt lat="47.396215" lon="13.226019">
                <ele>553.2</ele>
            </trkpt>
            <trkpt lat="47.395946" lon="13.225911">
                <ele>553.1</ele>
            </trkpt>
            <trkpt lat="47.395846" lon="13.22582">
                <ele>553.1</ele>
            </trkpt>
            <trkpt lat="47.3958" lon="13.225762">
                <ele>553.0</ele>
            </trkpt>
            <trkpt lat="47.395659" lon="13.225585">
                <ele>552.9</ele>
            </trkpt>
            <trkpt lat="47.39538" lon="13.22535">
                <ele>552.2</ele>
            </trkpt>
            <trkpt lat="47.395102" lon="13.225115">
                <ele>550.9</ele>
            </trkpt>
            <trkpt lat="47.394954" lon="13.224872">
                <ele>550.2</ele>
            </trkpt>
            <trkpt lat="47.394933" lon="13.224832">
                <ele>550.1</ele>
            </trkpt>
            <trkpt lat="47.394758" lon="13.224501">
                <ele>550.0</ele>
            </trkpt>
            <trkpt lat="47.394582" lon="13.22417">
                <ele>548.6</ele>
            </trkpt>
            <trkpt lat="47.394404" lon="13.223823">
                <ele>547.9</ele>
            </trkpt>
            <trkpt lat="47.394189" lon="13.223402">
                <ele>549.2</ele>
            </trkpt>
            <trkpt lat="47.394142" lon="13.223287">
                <ele>549.1</ele>
            </trkpt>
            <trkpt lat="47.394104" lon="13.223041">
                <ele>548.8</ele>
            </trkpt>
            <trkpt lat="47.394077" lon="13.222903">
                <ele>548.6</ele>
            </trkpt>
            <trkpt lat="47.394116" lon="13.222559">
                <ele>547.8</ele>
            </trkpt>
            <trkpt lat="47.394265" lon="13.22197">
                <ele>546.6</ele>
            </trkpt>
            <trkpt lat="47.394283" lon="13.221532">
                <ele>545.9</ele>
            </trkpt>
            <trkpt lat="47.39428" lon="13.221299">
                <ele>545.4</ele>
            </trkpt>
            <trkpt lat="47.394264" lon="13.221226">
                <ele>545.2</ele>
            </trkpt>
            <trkpt lat="47.394085" lon="13.220853">
                <ele>545.1</ele>
            </trkpt>
            <trkpt lat="47.394029" lon="13.22076">
                <ele>545.5</ele>
            </trkpt>
            <trkpt lat="47.393998" lon="13.220666">
                <ele>545.9</ele>
            </trkpt>
            <trkpt lat="47.393925" lon="13.220151">
                <ele>548.1</ele>
            </trkpt>
            <trkpt lat="47.393909" lon="13.220078">
                <ele>548.3</ele>
            </trkpt>
            <trkpt lat="47.393894" lon="13.220035">
                <ele>548.5</ele>
            </trkpt>
            <trkpt lat="47.393718" lon="13.219881">
                <ele>548.9</ele>
            </trkpt>
            <trkpt lat="47.393402" lon="13.219643">
                <ele>548.1</ele>
            </trkpt>
            <trkpt lat="47.393024" lon="13.219468">
                <ele>547.2</ele>
            </trkpt>
            <trkpt lat="47.3928" lon="13.2193">
                <ele>547.3</ele>
            </trkpt>
            <trkpt lat="47.39263" lon="13.21918">
                <ele>547.5</ele>
            </trkpt>
            <trkpt lat="47.39228" lon="13.21894">
                <ele>547.8</ele>
            </trkpt>
            <trkpt lat="47.39193" lon="13.2187">
                <ele>548.0</ele>
            </trkpt>
            <trkpt lat="47.39161" lon="13.21857">
                <ele>548.0</ele>
            </trkpt>
            <trkpt lat="47.39129" lon="13.21848">
                <ele>547.9</ele>
            </trkpt>
            <trkpt lat="47.39113" lon="13.21838">
                <ele>547.9</ele>
            </trkpt>
            <trkpt lat="47.390915" lon="13.218235">
                <ele>547.6</ele>
            </trkpt>
            <trkpt lat="47.3907" lon="13.21809">
                <ele>547.5</ele>
            </trkpt>
            <trkpt lat="47.39046" lon="13.2179">
                <ele>547.9</ele>
            </trkpt>
            <trkpt lat="47.39013" lon="13.21754">
                <ele>549.7</ele>
            </trkpt>
            <trkpt lat="47.38982" lon="13.2172">
                <ele>551.1</ele>
            </trkpt>
            <trkpt lat="47.38971" lon="13.2171">
                <ele>551.3</ele>
            </trkpt>
            <trkpt lat="47.389586" lon="13.217042">
                <ele>551.1</ele>
            </trkpt>
            <trkpt lat="47.38956" lon="13.21703">
                <ele>551.1</ele>
            </trkpt>
            <trkpt lat="47.38938" lon="13.21693">
                <ele>550.4</ele>
            </trkpt>
            <trkpt lat="47.38924" lon="13.21681">
                <ele>549.3</ele>
            </trkpt>
            <trkpt lat="47.38904" lon="13.21658">
                <ele>547.6</ele>
            </trkpt>
            <trkpt lat="47.38884" lon="13.21635">
                <ele>547.1</ele>
            </trkpt>
            <trkpt lat="47.388515" lon="13.215965">
                <ele>548.1</ele>
            </trkpt>
            <trkpt lat="47.38819" lon="13.21558">
                <ele>550.2</ele>
            </trkpt>
            <trkpt lat="47.3879" lon="13.21524">
                <ele>549.3</ele>
            </trkpt>
            <trkpt lat="47.38767" lon="13.21495">
                <ele>548.7</ele>
            </trkpt>
            <trkpt lat="47.387403" lon="13.214574">
                <ele>548.2</ele>
            </trkpt>
            <trkpt lat="47.3874" lon="13.21457">
                <ele>548.2</ele>
            </trkpt>
            <trkpt lat="47.38721" lon="13.21428">
                <ele>548.9</ele>
            </trkpt>
            <trkpt lat="47.38706" lon="13.21408">
                <ele>549.4</ele>
            </trkpt>
            <trkpt lat="47.38702" lon="13.21412">
                <ele>549.6</ele>
            </trkpt>
            <trkpt lat="47.38695" lon="13.21399">
                <ele>549.7</ele>
            </trkpt>
            <trkpt lat="47.38672" lon="13.213745">
                <ele>550.0</ele>
            </trkpt>
            <trkpt lat="47.38649" lon="13.2135">
                <ele>549.5</ele>
            </trkpt>
            <trkpt lat="47.38648" lon="13.21345">
                <ele>549.1</ele>
            </trkpt>
            <trkpt lat="47.38649" lon="13.2134">
                <ele>548.7</ele>
            </trkpt>
            <trkpt lat="47.38653" lon="13.21321">
                <ele>547.3</ele>
            </trkpt>
            <trkpt lat="47.38653" lon="13.21315">
                <ele>546.9</ele>
            </trkpt>
            <trkpt lat="47.38629" lon="13.21288">
                <ele>547.4</ele>
            </trkpt>
            <trkpt lat="47.38628" lon="13.21277">
                <ele>548.2</ele>
            </trkpt>
            <trkpt lat="47.38625" lon="13.21266">
                <ele>549.4</ele>
            </trkpt>
            <trkpt lat="47.38612" lon="13.21251">
                <ele>551.5</ele>
            </trkpt>
            <trkpt lat="47.38595" lon="13.21236">
                <ele>553.0</ele>
            </trkpt>
            <trkpt lat="47.385655" lon="13.212165">
                <ele>553.1</ele>
            </trkpt>
            <trkpt lat="47.38536" lon="13.21197">
                <ele>551.7</ele>
            </trkpt>
            <trkpt lat="47.38524" lon="13.21193">
                <ele>550.8</ele>
            </trkpt>
            <trkpt lat="47.38492" lon="13.21185">
                <ele>548.1</ele>
            </trkpt>
            <trkpt lat="47.38461" lon="13.21184">
                <ele>547.9</ele>
            </trkpt>
            <trkpt lat="47.38443" lon="13.21185">
                <ele>548.7</ele>
            </trkpt>
            <trkpt lat="47.38428" lon="13.21197">
                <ele>548.9</ele>
            </trkpt>
            <trkpt lat="47.38412" lon="13.21203">
                <ele>548.7</ele>
            </trkpt>
            <trkpt lat="47.3839" lon="13.21203">
                <ele>548.0</ele>
            </trkpt>
            <trkpt lat="47.38366" lon="13.21209">
                <ele>546.8</ele>
            </trkpt>
            <trkpt lat="47.383445" lon="13.21221">
                <ele>545.8</ele>
            </trkpt>
            <trkpt lat="47.38323" lon="13.21233">
                <ele>545.5</ele>
            </trkpt>
            <trkpt lat="47.38298" lon="13.212505">
                <ele>545.9</ele>
            </trkpt>
            <trkpt lat="47.38273" lon="13.21268">
                <ele>546.3</ele>
            </trkpt>
            <trkpt lat="47.382455" lon="13.212945">
                <ele>546.3</ele>
            </trkpt>
            <trkpt lat="47.38218" lon="13.21321">
                <ele>547.3</ele>
            </trkpt>
            <trkpt lat="47.38204" lon="13.21336">
                <ele>548.3</ele>
            </trkpt>
            <trkpt lat="47.381703" lon="13.21363">
                <ele>549.6</ele>
            </trkpt>
            <trkpt lat="47.381365" lon="13.2139">
                <ele>548.8</ele>
            </trkpt>
            <trkpt lat="47.381028" lon="13.21417">
                <ele>548.6</ele>
            </trkpt>
            <trkpt lat="47.38069" lon="13.21444">
                <ele>548.0</ele>
            </trkpt>
            <trkpt lat="47.3805" lon="13.21469">
                <ele>548.6</ele>
            </trkpt>
            <trkpt lat="47.38034" lon="13.21486">
                <ele>549.2</ele>
            </trkpt>
            <trkpt lat="47.37996" lon="13.21511">
                <ele>550.5</ele>
            </trkpt>
            <trkpt lat="47.37971" lon="13.21522">
                <ele>551.5</ele>
            </trkpt>
            <trkpt lat="47.3796" lon="13.21524">
                <ele>552.1</ele>
            </trkpt>
            <trkpt lat="47.37924" lon="13.21513">
                <ele>553.3</ele>
            </trkpt>
            <trkpt lat="47.37896" lon="13.21512">
                <ele>553.3</ele>
            </trkpt>
            <trkpt lat="47.37865" lon="13.21508">
                <ele>553.6</ele>
            </trkpt>
            <trkpt lat="47.37852" lon="13.21504">
                <ele>553.9</ele>
            </trkpt>
            <trkpt lat="47.37812" lon="13.21483">
                <ele>555.3</ele>
            </trkpt>
            <trkpt lat="47.37782" lon="13.21455">
                <ele>555.7</ele>
            </trkpt>
            <trkpt lat="47.377545" lon="13.214235">
                <ele>554.2</ele>
            </trkpt>
            <trkpt lat="47.37727" lon="13.21392">
                <ele>553.6</ele>
            </trkpt>
            <trkpt lat="47.37716" lon="13.21382">
                <ele>554.1</ele>
            </trkpt>
            <trkpt lat="47.37708" lon="13.21369">
                <ele>554.1</ele>
            </trkpt>
            <trkpt lat="47.37701" lon="13.21354">
                <ele>554.0</ele>
            </trkpt>
            <trkpt lat="47.37686" lon="13.21307">
                <ele>552.3</ele>
            </trkpt>
            <trkpt lat="47.37679" lon="13.21288">
                <ele>551.3</ele>
            </trkpt>
            <trkpt lat="47.376695" lon="13.212535">
                <ele>549.1</ele>
            </trkpt>
            <trkpt lat="47.3766" lon="13.21219">
                <ele>547.3</ele>
            </trkpt>
            <trkpt lat="47.37643" lon="13.21172">
                <ele>546.5</ele>
            </trkpt>
            <trkpt lat="47.37614" lon="13.21126">
                <ele>547.4</ele>
            </trkpt>
            <trkpt lat="47.37608" lon="13.21124">
                <ele>547.8</ele>
            </trkpt>
            <trkpt lat="47.37607" lon="13.21117">
                <ele>547.7</ele>
            </trkpt>
            <trkpt lat="47.37602" lon="13.21104">
                <ele>547.7</ele>
            </trkpt>
            <trkpt lat="47.37594" lon="13.21094">
                <ele>548.3</ele>
            </trkpt>
            <trkpt lat="47.37573" lon="13.21076">
                <ele>549.9</ele>
            </trkpt>
            <trkpt lat="47.37555" lon="13.21067">
                <ele>551.1</ele>
            </trkpt>
            <trkpt lat="47.37533" lon="13.21065">
                <ele>552.2</ele>
            </trkpt>
            <trkpt lat="47.37517" lon="13.21075">
                <ele>553.2</ele>
            </trkpt>
            <trkpt lat="47.37499" lon="13.2108">
                <ele>554.2</ele>
            </trkpt>
            <trkpt lat="47.37471" lon="13.21077">
                <ele>555.3</ele>
            </trkpt>
            <trkpt lat="47.37455" lon="13.2107">
                <ele>555.8</ele>
            </trkpt>
            <trkpt lat="47.37439" lon="13.21056">
                <ele>556.7</ele>
            </trkpt>
            <trkpt lat="47.37401" lon="13.2105">
                <ele>558.4</ele>
            </trkpt>
            <trkpt lat="47.373625" lon="13.210495">
                <ele>557.2</ele>
            </trkpt>
            <trkpt lat="47.37324" lon="13.21049">
                <ele>557.0</ele>
            </trkpt>
            <trkpt lat="47.37292" lon="13.21039">
                <ele>557.6</ele>
            </trkpt>
            <trkpt lat="47.3726" lon="13.21029">
                <ele>558.0</ele>
            </trkpt>
            <trkpt lat="47.3722" lon="13.21019">
                <ele>557.9</ele>
            </trkpt>
            <trkpt lat="47.371965" lon="13.21018">
                <ele>557.6</ele>
            </trkpt>
            <trkpt lat="47.37173" lon="13.21017">
                <ele>557.1</ele>
            </trkpt>
            <trkpt lat="47.371495" lon="13.210195">
                <ele>556.5</ele>
            </trkpt>
            <trkpt lat="47.37126" lon="13.21022">
                <ele>555.8</ele>
            </trkpt>
            <trkpt lat="47.37082" lon="13.21033">
                <ele>555.1</ele>
            </trkpt>
            <trkpt lat="47.37038" lon="13.21044">
                <ele>556.4</ele>
            </trkpt>
            <trkpt lat="47.37009" lon="13.21046">
                <ele>557.7</ele>
            </trkpt>
            <trkpt lat="47.3698" lon="13.21048">
                <ele>558.6</ele>
            </trkpt>
            <trkpt lat="47.36964" lon="13.21059">
                <ele>559.0</ele>
            </trkpt>
            <trkpt lat="47.36958" lon="13.21061">
                <ele>559.1</ele>
            </trkpt>
            <trkpt lat="47.36953" lon="13.2106">
                <ele>559.2</ele>
            </trkpt>
            <trkpt lat="47.36936" lon="13.21051">
                <ele>559.3</ele>
            </trkpt>
            <trkpt lat="47.3693" lon="13.21046">
                <ele>559.2</ele>
            </trkpt>
            <trkpt lat="47.36923" lon="13.21043">
                <ele>559.2</ele>
            </trkpt>
            <trkpt lat="47.3689" lon="13.2104">
                <ele>558.7</ele>
            </trkpt>
            <trkpt lat="47.36857" lon="13.21037">
                <ele>557.8</ele>
            </trkpt>
            <trkpt lat="47.36834" lon="13.21031">
                <ele>557.2</ele>
            </trkpt>
            <trkpt lat="47.36819" lon="13.21021">
                <ele>557.1</ele>
            </trkpt>
            <trkpt lat="47.3679" lon="13.20996">
                <ele>557.7</ele>
            </trkpt>
            <trkpt lat="47.36766" lon="13.20963">
                <ele>557.3</ele>
            </trkpt>
            <trkpt lat="47.36757" lon="13.20953">
                <ele>557.2</ele>
            </trkpt>
            <trkpt lat="47.36726" lon="13.20925">
                <ele>556.9</ele>
            </trkpt>
            <trkpt lat="47.36689" lon="13.20895">
                <ele>555.5</ele>
            </trkpt>
            <trkpt lat="47.366545" lon="13.20875">
                <ele>555.0</ele>
            </trkpt>
            <trkpt lat="47.3662" lon="13.20855">
                <ele>555.2</ele>
            </trkpt>
            <trkpt lat="47.365975" lon="13.208465">
                <ele>555.4</ele>
            </trkpt>
            <trkpt lat="47.36575" lon="13.20838">
                <ele>555.7</ele>
            </trkpt>
            <trkpt lat="47.365495" lon="13.208325">
                <ele>556.0</ele>
            </trkpt>
            <trkpt lat="47.36524" lon="13.20827">
                <ele>556.3</ele>
            </trkpt>
            <trkpt lat="47.365005" lon="13.20825">
                <ele>556.4</ele>
            </trkpt>
            <trkpt lat="47.36477" lon="13.20823">
                <ele>556.3</ele>
            </trkpt>
            <trkpt lat="47.36448" lon="13.20823">
                <ele>556.3</ele>
            </trkpt>
            <trkpt lat="47.364157" lon="13.208267">
                <ele>556.3</ele>
            </trkpt>
            <trkpt lat="47.363833" lon="13.208303">
                <ele>556.2</ele>
            </trkpt>
            <trkpt lat="47.36351" lon="13.20834">
                <ele>556.2</ele>
            </trkpt>
            <trkpt lat="47.36328" lon="13.20835">
                <ele>556.0</ele>
            </trkpt>
            <trkpt lat="47.36305" lon="13.20836">
                <ele>555.4</ele>
            </trkpt>
            <trkpt lat="47.362775" lon="13.208335">
                <ele>554.7</ele>
            </trkpt>
            <trkpt lat="47.3625" lon="13.20831">
                <ele>554.1</ele>
            </trkpt>
            <trkpt lat="47.3624" lon="13.2083">
                <ele>554.2</ele>
            </trkpt>
            <trkpt lat="47.362105" lon="13.20829">
                <ele>555.6</ele>
            </trkpt>
            <trkpt lat="47.36181" lon="13.20828">
                <ele>556.5</ele>
            </trkpt>
            <trkpt lat="47.36152" lon="13.208245">
                <ele>557.1</ele>
            </trkpt>
            <trkpt lat="47.36123" lon="13.20821">
                <ele>557.7</ele>
            </trkpt>
            <trkpt lat="47.361005" lon="13.208135">
                <ele>557.7</ele>
            </trkpt>
            <trkpt lat="47.36078" lon="13.20806">
                <ele>557.3</ele>
            </trkpt>
            <trkpt lat="47.360565" lon="13.20792">
                <ele>556.7</ele>
            </trkpt>
            <trkpt lat="47.36035" lon="13.20778">
                <ele>555.9</ele>
            </trkpt>
            <trkpt lat="47.36005" lon="13.20748">
                <ele>555.4</ele>
            </trkpt>
            <trkpt lat="47.35982" lon="13.20715">
                <ele>557.3</ele>
            </trkpt>
            <trkpt lat="47.35959" lon="13.20682">
                <ele>558.8</ele>
            </trkpt>
            <trkpt lat="47.35949" lon="13.20657">
                <ele>558.5</ele>
            </trkpt>
            <trkpt lat="47.359225" lon="13.206185">
                <ele>558.8</ele>
            </trkpt>
            <trkpt lat="47.35896" lon="13.2058">
                <ele>559.8</ele>
            </trkpt>
            <trkpt lat="47.35882" lon="13.20553">
                <ele>560.1</ele>
            </trkpt>
            <trkpt lat="47.35868" lon="13.20526">
                <ele>559.9</ele>
            </trkpt>
            <trkpt lat="47.35846" lon="13.20496">
                <ele>559.2</ele>
            </trkpt>
            <trkpt lat="47.35833" lon="13.20483">
                <ele>559.0</ele>
            </trkpt>
            <trkpt lat="47.35819" lon="13.20458">
                <ele>558.9</ele>
            </trkpt>
            <trkpt lat="47.35801" lon="13.20433">
                <ele>559.0</ele>
            </trkpt>
            <trkpt lat="47.357785" lon="13.204105">
                <ele>559.0</ele>
            </trkpt>
            <trkpt lat="47.35756" lon="13.20388">
                <ele>559.1</ele>
            </trkpt>
            <trkpt lat="47.35732" lon="13.203645">
                <ele>559.3</ele>
            </trkpt>
            <trkpt lat="47.35708" lon="13.20341">
                <ele>559.4</ele>
            </trkpt>
            <trkpt lat="47.356875" lon="13.203245">
                <ele>559.8</ele>
            </trkpt>
            <trkpt lat="47.35667" lon="13.20308">
                <ele>560.0</ele>
            </trkpt>
            <trkpt lat="47.356415" lon="13.202935">
                <ele>559.9</ele>
            </trkpt>
            <trkpt lat="47.35616" lon="13.20279">
                <ele>559.7</ele>
            </trkpt>
            <trkpt lat="47.35596" lon="13.20272">
                <ele>559.3</ele>
            </trkpt>
            <trkpt lat="47.3558" lon="13.20262">
                <ele>559.4</ele>
            </trkpt>
            <trkpt lat="47.355525" lon="13.202535">
                <ele>560.8</ele>
            </trkpt>
            <trkpt lat="47.35525" lon="13.20245">
                <ele>561.5</ele>
            </trkpt>
            <trkpt lat="47.35512" lon="13.20244">
                <ele>561.7</ele>
            </trkpt>
            <trkpt lat="47.35469" lon="13.20226">
                <ele>561.3</ele>
            </trkpt>
            <trkpt lat="47.354435" lon="13.202135">
                <ele>560.5</ele>
            </trkpt>
            <trkpt lat="47.35418" lon="13.20201">
                <ele>560.1</ele>
            </trkpt>
            <trkpt lat="47.35403" lon="13.20189">
                <ele>560.5</ele>
            </trkpt>
            <trkpt lat="47.35384" lon="13.20179">
                <ele>561.4</ele>
            </trkpt>
            <trkpt lat="47.35361" lon="13.20161">
                <ele>562.2</ele>
            </trkpt>
            <trkpt lat="47.35338" lon="13.20143">
                <ele>562.5</ele>
            </trkpt>
            <trkpt lat="47.353055" lon="13.201115">
                <ele>561.3</ele>
            </trkpt>
            <trkpt lat="47.35273" lon="13.2008">
                <ele>559.6</ele>
            </trkpt>
            <trkpt lat="47.35251" lon="13.200515">
                <ele>559.3</ele>
            </trkpt>
            <trkpt lat="47.35229" lon="13.20023">
                <ele>559.0</ele>
            </trkpt>
            <trkpt lat="47.35202" lon="13.1999">
                <ele>559.6</ele>
            </trkpt>
            <trkpt lat="47.35182" lon="13.19961">
                <ele>560.6</ele>
            </trkpt>
            <trkpt lat="47.35162" lon="13.19932">
                <ele>561.4</ele>
            </trkpt>
            <trkpt lat="47.351337" lon="13.19891">
                <ele>561.4</ele>
            </trkpt>
            <trkpt lat="47.351053" lon="13.1985">
                <ele>561.4</ele>
            </trkpt>
            <trkpt lat="47.35077" lon="13.19809">
                <ele>561.9</ele>
            </trkpt>
            <trkpt lat="47.35055" lon="13.19781">
                <ele>562.2</ele>
            </trkpt>
            <trkpt lat="47.35033" lon="13.19753">
                <ele>562.1</ele>
            </trkpt>
            <trkpt lat="47.35004" lon="13.19729">
                <ele>561.5</ele>
            </trkpt>
            <trkpt lat="47.34971" lon="13.19707">
                <ele>561.6</ele>
            </trkpt>
            <trkpt lat="47.34937" lon="13.19686">
                <ele>562.3</ele>
            </trkpt>
            <trkpt lat="47.34907" lon="13.196705">
                <ele>562.7</ele>
            </trkpt>
            <trkpt lat="47.34877" lon="13.19655">
                <ele>563.3</ele>
            </trkpt>
            <trkpt lat="47.348395" lon="13.196425">
                <ele>563.7</ele>
            </trkpt>
            <trkpt lat="47.34802" lon="13.1963">
                <ele>563.2</ele>
            </trkpt>
            <trkpt lat="47.347685" lon="13.19622">
                <ele>562.5</ele>
            </trkpt>
            <trkpt lat="47.34735" lon="13.19614">
                <ele>562.5</ele>
            </trkpt>
            <trkpt lat="47.3472" lon="13.19611">
                <ele>562.8</ele>
            </trkpt>
            <trkpt lat="47.34711" lon="13.19613">
                <ele>563.2</ele>
            </trkpt>
            <trkpt lat="47.34703" lon="13.19626">
                <ele>563.7</ele>
            </trkpt>
            <trkpt lat="47.34688" lon="13.19668">
                <ele>565.5</ele>
            </trkpt>
            <trkpt lat="47.34676" lon="13.19708">
                <ele>567.1</ele>
            </trkpt>
            <trkpt lat="47.34661" lon="13.19702">
                <ele>567.1</ele>
            </trkpt>
            <trkpt lat="47.34633" lon="13.19691">
                <ele>567.3</ele>
            </trkpt>
            <trkpt lat="47.34625" lon="13.19698">
                <ele>567.8</ele>
            </trkpt>
            <trkpt lat="47.3461" lon="13.19705">
                <ele>568.7</ele>
            </trkpt>
            <trkpt lat="47.34594" lon="13.19716">
                <ele>570.1</ele>
            </trkpt>
            <trkpt lat="47.34584" lon="13.19726">
                <ele>571.0</ele>
            </trkpt>
            <trkpt lat="47.34578" lon="13.19701">
                <ele>569.3</ele>
            </trkpt>
            <trkpt lat="47.34576" lon="13.19679">
                <ele>567.8</ele>
            </trkpt>
            <trkpt lat="47.34573" lon="13.19667">
                <ele>567.1</ele>
            </trkpt>
            <trkpt lat="47.34559" lon="13.19655">
                <ele>566.1</ele>
            </trkpt>
            <trkpt lat="47.34544" lon="13.19642">
                <ele>565.2</ele>
            </trkpt>
            <trkpt lat="47.34528" lon="13.19627">
                <ele>564.2</ele>
            </trkpt>
            <trkpt lat="47.345142" lon="13.196114">
                <ele>563.2</ele>
            </trkpt>
            <trkpt lat="47.34503" lon="13.19615">
                <ele>563.1</ele>
            </trkpt>
            <trkpt lat="47.3448" lon="13.19614">
                <ele>563.1</ele>
            </trkpt>
            <trkpt lat="47.34446" lon="13.19607">
                <ele>563.9</ele>
            </trkpt>
            <trkpt lat="47.344085" lon="13.195925">
                <ele>564.5</ele>
            </trkpt>
            <trkpt lat="47.34371" lon="13.19578">
                <ele>564.5</ele>
            </trkpt>
            <trkpt lat="47.343365" lon="13.19551">
                <ele>563.6</ele>
            </trkpt>
            <trkpt lat="47.34302" lon="13.19524">
                <ele>562.7</ele>
            </trkpt>
            <trkpt lat="47.34291" lon="13.19519">
                <ele>562.5</ele>
            </trkpt>
            <trkpt lat="47.3427" lon="13.19506">
                <ele>561.7</ele>
            </trkpt>
            <trkpt lat="47.342373" lon="13.194807">
                <ele>560.8</ele>
            </trkpt>
            <trkpt lat="47.342045" lon="13.194555">
                <ele>560.6</ele>
            </trkpt>
            <trkpt lat="47.341718" lon="13.194302">
                <ele>561.1</ele>
            </trkpt>
            <trkpt lat="47.34139" lon="13.19405">
                <ele>561.9</ele>
            </trkpt>
            <trkpt lat="47.34124" lon="13.19396">
                <ele>561.8</ele>
            </trkpt>
            <trkpt lat="47.34087" lon="13.19381">
                <ele>561.3</ele>
            </trkpt>
            <trkpt lat="47.34065" lon="13.19377">
                <ele>560.8</ele>
            </trkpt>
            <trkpt lat="47.34039" lon="13.19391">
                <ele>560.2</ele>
            </trkpt>
            <trkpt lat="47.34019" lon="13.19409">
                <ele>559.4</ele>
            </trkpt>
            <trkpt lat="47.33999" lon="13.19427">
                <ele>559.9</ele>
            </trkpt>
            <trkpt lat="47.33995" lon="13.1943">
                <ele>560.2</ele>
            </trkpt>
            <trkpt lat="47.33986" lon="13.19444">
                <ele>561.1</ele>
            </trkpt>
            <trkpt lat="47.33977" lon="13.19471">
                <ele>561.8</ele>
            </trkpt>
            <trkpt lat="47.33972" lon="13.1953">
                <ele>561.9</ele>
            </trkpt>
            <trkpt lat="47.33966" lon="13.19582">
                <ele>561.5</ele>
            </trkpt>
            <trkpt lat="47.3396" lon="13.19634">
                <ele>562.5</ele>
            </trkpt>
            <trkpt lat="47.33953" lon="13.19667">
                <ele>563.4</ele>
            </trkpt>
            <trkpt lat="47.33946" lon="13.197">
                <ele>564.1</ele>
            </trkpt>
            <trkpt lat="47.33937" lon="13.19703">
                <ele>563.9</ele>
            </trkpt>
            <trkpt lat="47.33932" lon="13.19709">
                <ele>564.1</ele>
            </trkpt>
            <trkpt lat="47.33925" lon="13.19733">
                <ele>565.1</ele>
            </trkpt>
            <trkpt lat="47.33916" lon="13.19754">
                <ele>566.0</ele>
            </trkpt>
            <trkpt lat="47.33904" lon="13.19784">
                <ele>567.6</ele>
            </trkpt>
            <trkpt lat="47.33887" lon="13.19808">
                <ele>569.2</ele>
            </trkpt>
            <trkpt lat="47.33883" lon="13.1981">
                <ele>569.4</ele>
            </trkpt>
            <trkpt lat="47.33867" lon="13.19824">
                <ele>569.7</ele>
            </trkpt>
            <trkpt lat="47.33826" lon="13.19834">
                <ele>568.9</ele>
            </trkpt>
            <trkpt lat="47.33804" lon="13.19847">
                <ele>568.9</ele>
            </trkpt>
            <trkpt lat="47.33792" lon="13.19872">
                <ele>569.8</ele>
            </trkpt>
            <trkpt lat="47.3379" lon="13.19885">
                <ele>570.6</ele>
            </trkpt>
            <trkpt lat="47.33755" lon="13.198795">
                <ele>569.8</ele>
            </trkpt>
            <trkpt lat="47.3372" lon="13.19874">
                <ele>570.4</ele>
            </trkpt>
            <trkpt lat="47.33688" lon="13.19868">
                <ele>570.3</ele>
            </trkpt>
            <trkpt lat="47.33669" lon="13.1986">
                <ele>570.7</ele>
            </trkpt>
            <trkpt lat="47.33653" lon="13.19847">
                <ele>571.6</ele>
            </trkpt>
            <trkpt lat="47.33629" lon="13.19824">
                <ele>572.9</ele>
            </trkpt>
            <trkpt lat="47.33605" lon="13.19801">
                <ele>572.7</ele>
            </trkpt>
            <trkpt lat="47.335766" lon="13.197719">
                <ele>573.8</ele>
            </trkpt>
            <trkpt lat="47.33567" lon="13.19762">
                <ele>574.9</ele>
            </trkpt>
            <trkpt lat="47.335465" lon="13.197385">
                <ele>576.8</ele>
            </trkpt>
            <trkpt lat="47.33526" lon="13.19715">
                <ele>576.3</ele>
            </trkpt>
            <trkpt lat="47.33509" lon="13.19693">
                <ele>573.7</ele>
            </trkpt>
            <trkpt lat="47.33492" lon="13.19671">
                <ele>571.8</ele>
            </trkpt>
            <trkpt lat="47.33466" lon="13.19625">
                <ele>570.6</ele>
            </trkpt>
            <trkpt lat="47.33457" lon="13.19616">
                <ele>570.5</ele>
            </trkpt>
            <trkpt lat="47.33446" lon="13.196">
                <ele>570.0</ele>
            </trkpt>
            <trkpt lat="47.33428" lon="13.19565">
                <ele>568.9</ele>
            </trkpt>
            <trkpt lat="47.33414" lon="13.195265">
                <ele>567.9</ele>
            </trkpt>
            <trkpt lat="47.334" lon="13.19488">
                <ele>568.3</ele>
            </trkpt>
            <trkpt lat="47.33391" lon="13.19454">
                <ele>570.5</ele>
            </trkpt>
            <trkpt lat="47.33378" lon="13.19413">
                <ele>573.4</ele>
            </trkpt>
            <trkpt lat="47.33374" lon="13.19387">
                <ele>572.8</ele>
            </trkpt>
            <trkpt lat="47.33372" lon="13.19353">
                <ele>571.3</ele>
            </trkpt>
            <trkpt lat="47.33373" lon="13.19295">
                <ele>570.1</ele>
            </trkpt>
            <trkpt lat="47.33365" lon="13.19236">
                <ele>569.7</ele>
            </trkpt>
            <trkpt lat="47.33356" lon="13.19175">
                <ele>571.4</ele>
            </trkpt>
            <trkpt lat="47.3335" lon="13.19152">
                <ele>572.5</ele>
            </trkpt>
            <trkpt lat="47.33341" lon="13.19125">
                <ele>573.6</ele>
            </trkpt>
            <trkpt lat="47.33337" lon="13.1911">
                <ele>574.0</ele>
            </trkpt>
            <trkpt lat="47.33346" lon="13.19104">
                <ele>573.7</ele>
            </trkpt>
            <trkpt lat="47.3337" lon="13.190875">
                <ele>572.0</ele>
            </trkpt>
            <trkpt lat="47.33394" lon="13.19071">
                <ele>570.9</ele>
            </trkpt>
            <trkpt lat="47.33404" lon="13.19065">
                <ele>570.8</ele>
            </trkpt>
            <trkpt lat="47.33394" lon="13.19032">
                <ele>571.8</ele>
            </trkpt>
            <trkpt lat="47.33384" lon="13.19008">
                <ele>572.3</ele>
            </trkpt>
            <trkpt lat="47.33369" lon="13.18981">
                <ele>572.5</ele>
            </trkpt>
            <trkpt lat="47.333395" lon="13.18957">
                <ele>571.8</ele>
            </trkpt>
            <trkpt lat="47.3331" lon="13.18933">
                <ele>572.3</ele>
            </trkpt>
            <trkpt lat="47.332875" lon="13.189185">
                <ele>572.7</ele>
            </trkpt>
            <trkpt lat="47.33265" lon="13.18904">
                <ele>573.6</ele>
            </trkpt>
            <trkpt lat="47.33245" lon="13.18897">
                <ele>573.7</ele>
            </trkpt>
            <trkpt lat="47.33218" lon="13.18892">
                <ele>573.2</ele>
            </trkpt>
            <trkpt lat="47.33185" lon="13.188905">
                <ele>572.3</ele>
            </trkpt>
            <trkpt lat="47.33152" lon="13.18889">
                <ele>571.5</ele>
            </trkpt>
            <trkpt lat="47.33129" lon="13.188836">
                <ele>571.4</ele>
            </trkpt>
            <trkpt lat="47.33106" lon="13.188782">
                <ele>570.8</ele>
            </trkpt>
            <trkpt lat="47.33105" lon="13.18878">
                <ele>570.8</ele>
            </trkpt>
            <trkpt lat="47.33076" lon="13.18874">
                <ele>569.9</ele>
            </trkpt>
            <trkpt lat="47.33051" lon="13.18876">
                <ele>570.3</ele>
            </trkpt>
            <trkpt lat="47.33017" lon="13.18869">
                <ele>570.9</ele>
            </trkpt>
            <trkpt lat="47.32989" lon="13.18858">
                <ele>571.0</ele>
            </trkpt>
            <trkpt lat="47.32961" lon="13.18847">
                <ele>572.2</ele>
            </trkpt>
            <trkpt lat="47.3295" lon="13.18838">
                <ele>572.8</ele>
            </trkpt>
            <trkpt lat="47.32921" lon="13.1882">
                <ele>573.3</ele>
            </trkpt>
            <trkpt lat="47.32891" lon="13.18805">
                <ele>572.6</ele>
            </trkpt>
            <trkpt lat="47.32863" lon="13.18778">
                <ele>570.8</ele>
            </trkpt>
            <trkpt lat="47.32853" lon="13.1876">
                <ele>570.2</ele>
            </trkpt>
            <trkpt lat="47.32846" lon="13.1874">
                <ele>569.9</ele>
            </trkpt>
            <trkpt lat="47.32843" lon="13.18723">
                <ele>569.7</ele>
            </trkpt>
            <trkpt lat="47.32844" lon="13.18678">
                <ele>569.0</ele>
            </trkpt>
            <trkpt lat="47.32847" lon="13.18638">
                <ele>568.1</ele>
            </trkpt>
            <trkpt lat="47.328555" lon="13.185995">
                <ele>566.6</ele>
            </trkpt>
            <trkpt lat="47.32864" lon="13.18561">
                <ele>567.9</ele>
            </trkpt>
            <trkpt lat="47.32868" lon="13.18531">
                <ele>570.2</ele>
            </trkpt>
            <trkpt lat="47.3287" lon="13.18503">
                <ele>572.0</ele>
            </trkpt>
            <trkpt lat="47.32869" lon="13.18486">
                <ele>572.7</ele>
            </trkpt>
            <trkpt lat="47.32858" lon="13.18442">
                <ele>573.7</ele>
            </trkpt>
            <trkpt lat="47.32845" lon="13.18404">
                <ele>573.0</ele>
            </trkpt>
            <trkpt lat="47.32836" lon="13.18372">
                <ele>571.7</ele>
            </trkpt>
            <trkpt lat="47.32827" lon="13.1834">
                <ele>570.7</ele>
            </trkpt>
            <trkpt lat="47.328205" lon="13.18298">
                <ele>571.3</ele>
            </trkpt>
            <trkpt lat="47.32814" lon="13.18256">
                <ele>572.4</ele>
            </trkpt>
            <trkpt lat="47.32807" lon="13.18224">
                <ele>573.1</ele>
            </trkpt>
            <trkpt lat="47.32798" lon="13.18199">
                <ele>573.3</ele>
            </trkpt>
            <trkpt lat="47.32789" lon="13.18188">
                <ele>572.9</ele>
            </trkpt>
            <trkpt lat="47.32774" lon="13.18176">
                <ele>571.3</ele>
            </trkpt>
            <trkpt lat="47.32752" lon="13.18169">
                <ele>569.3</ele>
            </trkpt>
            <trkpt lat="47.32722" lon="13.18166">
                <ele>571.2</ele>
            </trkpt>
            <trkpt lat="47.326832" lon="13.181766">
                <ele>575.1</ele>
            </trkpt>
            <trkpt lat="47.326444" lon="13.181872">
                <ele>576.2</ele>
            </trkpt>
            <trkpt lat="47.326056" lon="13.181978">
                <ele>575.7</ele>
            </trkpt>
            <trkpt lat="47.325668" lon="13.182084">
                <ele>575.9</ele>
            </trkpt>
            <trkpt lat="47.32528" lon="13.18219">
                <ele>575.9</ele>
            </trkpt>
            <trkpt lat="47.32506" lon="13.18223">
                <ele>575.8</ele>
            </trkpt>
            <trkpt lat="47.32472" lon="13.18221">
                <ele>575.0</ele>
            </trkpt>
            <trkpt lat="47.32434" lon="13.18215">
                <ele>573.3</ele>
            </trkpt>
            <trkpt lat="47.32396" lon="13.18209">
                <ele>574.0</ele>
            </trkpt>
            <trkpt lat="47.323675" lon="13.18206">
                <ele>574.3</ele>
            </trkpt>
            <trkpt lat="47.32339" lon="13.18203">
                <ele>574.2</ele>
            </trkpt>
            <trkpt lat="47.323299" lon="13.182005">
                <ele>574.5</ele>
            </trkpt>
            <trkpt lat="47.3231" lon="13.18195">
                <ele>575.7</ele>
            </trkpt>
            <trkpt lat="47.322895" lon="13.181785">
                <ele>577.3</ele>
            </trkpt>
            <trkpt lat="47.32269" lon="13.18162">
                <ele>579.0</ele>
            </trkpt>
            <trkpt lat="47.322576" lon="13.181503">
                <ele>580.1</ele>
            </trkpt>
            <trkpt lat="47.32228" lon="13.1812">
                <ele>580.3</ele>
            </trkpt>
            <trkpt lat="47.32205" lon="13.18088">
                <ele>579.2</ele>
            </trkpt>
            <trkpt lat="47.32182" lon="13.18056">
                <ele>578.5</ele>
            </trkpt>
            <trkpt lat="47.32159" lon="13.18024">
                <ele>578.7</ele>
            </trkpt>
            <trkpt lat="47.3215" lon="13.18007">
                <ele>578.3</ele>
            </trkpt>
            <trkpt lat="47.32136" lon="13.17976">
                <ele>576.4</ele>
            </trkpt>
            <trkpt lat="47.32117" lon="13.17925">
                <ele>574.5</ele>
            </trkpt>
            <trkpt lat="47.321113" lon="13.179013">
                <ele>573.5</ele>
            </trkpt>
            <trkpt lat="47.32109" lon="13.17872">
                <ele>572.5</ele>
            </trkpt>
            <trkpt lat="47.32111" lon="13.17837">
                <ele>572.3</ele>
            </trkpt>
            <trkpt lat="47.32118" lon="13.17783">
                <ele>573.1</ele>
            </trkpt>
            <trkpt lat="47.32133" lon="13.17722">
                <ele>575.1</ele>
            </trkpt>
            <trkpt lat="47.321413" lon="13.176743">
                <ele>574.7</ele>
            </trkpt>
            <trkpt lat="47.321497" lon="13.176267">
                <ele>575.6</ele>
            </trkpt>
            <trkpt lat="47.32158" lon="13.17579">
                <ele>577.4</ele>
            </trkpt>
            <trkpt lat="47.32162" lon="13.17544">
                <ele>578.7</ele>
            </trkpt>
            <trkpt lat="47.321683" lon="13.175003">
                <ele>579.4</ele>
            </trkpt>
            <trkpt lat="47.321747" lon="13.174567">
                <ele>579.8</ele>
            </trkpt>
            <trkpt lat="47.32181" lon="13.17413">
                <ele>579.8</ele>
            </trkpt>
            <trkpt lat="47.32192" lon="13.17381">
                <ele>581.4</ele>
            </trkpt>
            <trkpt lat="47.32199" lon="13.173365">
                <ele>584.3</ele>
            </trkpt>
            <trkpt lat="47.32206" lon="13.17292">
                <ele>585.8</ele>
            </trkpt>
            <trkpt lat="47.32207" lon="13.172575">
                <ele>586.9</ele>
            </trkpt>
            <trkpt lat="47.32208" lon="13.17223">
                <ele>587.5</ele>
            </trkpt>
            <trkpt lat="47.322095" lon="13.17183">
                <ele>588.0</ele>
            </trkpt>
            <trkpt lat="47.32211" lon="13.17143">
                <ele>588.3</ele>
            </trkpt>
            <trkpt lat="47.32211" lon="13.170925">
                <ele>588.3</ele>
            </trkpt>
            <trkpt lat="47.32211" lon="13.17042">
                <ele>586.7</ele>
            </trkpt>
            <trkpt lat="47.32211" lon="13.17012">
                <ele>585.8</ele>
            </trkpt>
            <trkpt lat="47.32213" lon="13.16979">
                <ele>587.7</ele>
            </trkpt>
            <trkpt lat="47.32221" lon="13.16952">
                <ele>588.3</ele>
            </trkpt>
            <trkpt lat="47.322345" lon="13.169155">
                <ele>585.4</ele>
            </trkpt>
            <trkpt lat="47.32248" lon="13.16879">
                <ele>582.4</ele>
            </trkpt>
            <trkpt lat="47.32263" lon="13.16838">
                <ele>581.1</ele>
            </trkpt>
            <trkpt lat="47.32281" lon="13.16784">
                <ele>581.5</ele>
            </trkpt>
            <trkpt lat="47.32291" lon="13.16752">
                <ele>582.0</ele>
            </trkpt>
            <trkpt lat="47.323025" lon="13.167005">
                <ele>583.7</ele>
            </trkpt>
            <trkpt lat="47.32314" lon="13.16649">
                <ele>583.2</ele>
            </trkpt>
            <trkpt lat="47.323238" lon="13.166186">
                <ele>582.6</ele>
            </trkpt>
            <trkpt lat="47.323336" lon="13.165882">
                <ele>582.4</ele>
            </trkpt>
            <trkpt lat="47.32339" lon="13.16575">
                <ele>582.5</ele>
            </trkpt>
            <trkpt lat="47.32342" lon="13.16574">
                <ele>582.7</ele>
            </trkpt>
            <trkpt lat="47.32347" lon="13.1658">
                <ele>583.3</ele>
            </trkpt>
            <trkpt lat="47.32352" lon="13.16591">
                <ele>584.0</ele>
            </trkpt>
            <trkpt lat="47.32355" lon="13.16603">
                <ele>584.6</ele>
            </trkpt>
            <trkpt lat="47.32359" lon="13.1661">
                <ele>585.4</ele>
            </trkpt>
            <trkpt lat="47.32366" lon="13.16609">
                <ele>587.0</ele>
            </trkpt>
            <trkpt lat="47.32375" lon="13.16604">
                <ele>589.3</ele>
            </trkpt>
            <trkpt lat="47.32377" lon="13.16603">
                <ele>589.9</ele>
            </trkpt>
            <trkpt lat="47.32382" lon="13.1658">
                <ele>591.3</ele>
            </trkpt>
            <trkpt lat="47.32382" lon="13.16551">
                <ele>591.3</ele>
            </trkpt>
            <trkpt lat="47.32378" lon="13.16516">
                <ele>590.2</ele>
            </trkpt>
            <trkpt lat="47.32378" lon="13.16497">
                <ele>590.3</ele>
            </trkpt>
            <trkpt lat="47.32384" lon="13.16476">
                <ele>592.5</ele>
            </trkpt>
            <trkpt lat="47.32388" lon="13.16414">
                <ele>594.3</ele>
            </trkpt>
            <trkpt lat="47.32388" lon="13.16356">
                <ele>592.0</ele>
            </trkpt>
            <trkpt lat="47.32383" lon="13.16307">
                <ele>590.8</ele>
            </trkpt>
            <trkpt lat="47.32378" lon="13.16278">
                <ele>589.9</ele>
            </trkpt>
            <trkpt lat="47.3237" lon="13.16249">
                <ele>589.2</ele>
            </trkpt>
            <trkpt lat="47.32348" lon="13.16231">
                <ele>586.6</ele>
            </trkpt>
            <trkpt lat="47.32331" lon="13.16217">
                <ele>585.1</ele>
            </trkpt>
            <trkpt lat="47.322985" lon="13.16214">
                <ele>584.0</ele>
            </trkpt>
            <trkpt lat="47.32266" lon="13.16211">
                <ele>584.3</ele>
            </trkpt>
            <trkpt lat="47.32255" lon="13.16208">
                <ele>584.4</ele>
            </trkpt>
            <trkpt lat="47.32237" lon="13.16199">
                <ele>584.5</ele>
            </trkpt>
            <trkpt lat="47.32222" lon="13.16195">
                <ele>584.1</ele>
            </trkpt>
            <trkpt lat="47.32208" lon="13.16196">
                <ele>583.4</ele>
            </trkpt>
            <trkpt lat="47.32194" lon="13.16192">
                <ele>582.7</ele>
            </trkpt>
            <trkpt lat="47.32178" lon="13.16182">
                <ele>582.2</ele>
            </trkpt>
            <trkpt lat="47.32143" lon="13.16166">
                <ele>581.8</ele>
            </trkpt>
            <trkpt lat="47.32125" lon="13.16162">
                <ele>581.4</ele>
            </trkpt>
            <trkpt lat="47.32111" lon="13.16161">
                <ele>581.2</ele>
            </trkpt>
            <trkpt lat="47.32101" lon="13.16155">
                <ele>581.0</ele>
            </trkpt>
            <trkpt lat="47.3207" lon="13.16139">
                <ele>581.5</ele>
            </trkpt>
            <trkpt lat="47.320663" lon="13.161366">
                <ele>581.6</ele>
            </trkpt>
            <trkpt lat="47.32032" lon="13.16114">
                <ele>582.8</ele>
            </trkpt>
            <trkpt lat="47.32009" lon="13.16068">
                <ele>584.0</ele>
            </trkpt>
            <trkpt lat="47.31994" lon="13.16016">
                <ele>585.2</ele>
            </trkpt>
            <trkpt lat="47.31982" lon="13.15969">
                <ele>585.7</ele>
            </trkpt>
            <trkpt lat="47.31982" lon="13.159674">
                <ele>585.7</ele>
            </trkpt>
            <trkpt lat="47.31987" lon="13.159643">
                <ele>585.95064</ele>
            </trkpt>
            <trkpt lat="47.319879" lon="13.157763">
                <ele>587.75517</ele>
            </trkpt>
            <trkpt lat="47.319951" lon="13.156929">
                <ele>587.75517</ele>
            </trkpt>
            <trkpt lat="47.319939" lon="13.15524">
                <ele>586.31239</ele>
            </trkpt>
            <trkpt lat="47.319906" lon="13.153459">
                <ele>586.31239</ele>
            </trkpt>
            <trkpt lat="47.320156" lon="13.153251">
                <ele>587.27818</ele>
            </trkpt>
            <trkpt lat="47.319918" lon="13.153359">
                <ele>586.57197</ele>
            </trkpt>
            <trkpt lat="47.320094" lon="13.153111">
                <ele>586.57197</ele>
            </trkpt>
            <trkpt lat="47.320001" lon="13.151836">
                <ele>586.47624</ele>
            </trkpt>
            <trkpt lat="47.320006" lon="13.151716">
                <ele>586.47624</ele>
            </trkpt>
            <trkpt lat="47.319414" lon="13.151836">
                <ele>587.83024</ele>
            </trkpt>
            <trkpt lat="47.31927" lon="13.151682">
                <ele>588.83156</ele>
            </trkpt>
            <trkpt lat="47.319249" lon="13.151315">
                <ele>589.86758</ele>
            </trkpt>
            <trkpt lat="47.319266" lon="13.150597">
                <ele>591.15309</ele>
            </trkpt>
            <trkpt lat="47.319012" lon="13.149612">
                <ele>591.0631</ele>
            </trkpt>
            <trkpt lat="47.318812" lon="13.149582">
                <ele>591.0631</ele>
            </trkpt>
            <trkpt lat="47.318339" lon="13.149882">
                <ele>592.81516</ele>
            </trkpt>
            <trkpt lat="47.318109" lon="13.149931">
                <ele>593.74084</ele>
            </trkpt>
            <trkpt lat="47.317959" lon="13.149304">
                <ele>596.53748</ele>
            </trkpt>
            <trkpt lat="47.317886" lon="13.149104">
                <ele>597.1175</ele>
            </trkpt>
            <trkpt lat="47.317759" lon="13.149067">
                <ele>598.68496</ele>
            </trkpt>
            <trkpt lat="47.31674" lon="13.149349">
                <ele>617.52305</ele>
            </trkpt>
            <trkpt lat="47.316618" lon="13.148786">
                <ele>624.088</ele>
            </trkpt>
            <trkpt lat="47.316503" lon="13.148614">
                <ele>627.46316</ele>
            </trkpt>
            <trkpt lat="47.316203" lon="13.14852">
                <ele>632.15292</ele>
            </trkpt>
            <trkpt lat="47.314976" lon="13.147888">
                <ele>648.4603</ele>
            </trkpt>
            <trkpt lat="47.314715" lon="13.146956">
                <ele>654.95593</ele>
            </trkpt>
            <trkpt lat="47.314634" lon="13.146735">
                <ele>657.26965</ele>
            </trkpt>
            <trkpt lat="47.314385" lon="13.146521">
                <ele>662.29195</ele>
            </trkpt>
            <trkpt lat="47.314064" lon="13.145885">
                <ele>669.90846</ele>
            </trkpt>
            <trkpt lat="47.313804" lon="13.14467">
                <ele>680.18245</ele>
            </trkpt>
            <trkpt lat="47.31351" lon="13.143612">
                <ele>680.18245</ele>
            </trkpt>
            <trkpt lat="47.313095" lon="13.142661">
                <ele>680.18245</ele>
            </trkpt>
            <trkpt lat="47.313052" lon="13.141665">
                <ele>680.18245</ele>
            </trkpt>
            <trkpt lat="47.312901" lon="13.141551">
                <ele>683.74621</ele>
            </trkpt>
            <trkpt lat="47.312076" lon="13.140427">
                <ele>693.28348</ele>
            </trkpt>
            <trkpt lat="47.312119" lon="13.139446">
                <ele>693.65244</ele>
            </trkpt>
            <trkpt lat="47.312075" lon="13.138109">
                <ele>701.93006</ele>
            </trkpt>
            <trkpt lat="47.311913" lon="13.137393">
                <ele>706.12133</ele>
            </trkpt>
            <trkpt lat="47.311579" lon="13.136633">
                <ele>707.91976</ele>
            </trkpt>
            <trkpt lat="47.311088" lon="13.135205">
                <ele>715.10692</ele>
            </trkpt>
            <trkpt lat="47.310959" lon="13.134325">
                <ele>715.10692</ele>
            </trkpt>
            <trkpt lat="47.310792" lon="13.133771">
                <ele>718.75142</ele>
            </trkpt>
            <trkpt lat="47.310569" lon="13.133533">
                <ele>720.93069</ele>
            </trkpt>
            <trkpt lat="47.310351" lon="13.133217">
                <ele>720.93069</ele>
            </trkpt>
            <trkpt lat="47.310161" lon="13.132786">
                <ele>717.92604</ele>
            </trkpt>
            <trkpt lat="47.30996" lon="13.132741">
                <ele>717.92604</ele>
            </trkpt>
            <trkpt lat="47.309821" lon="13.132993">
                <ele>720.84078</ele>
            </trkpt>
            <trkpt lat="47.309512" lon="13.133949">
                <ele>722.2588</ele>
            </trkpt>
            <trkpt lat="47.309483" lon="13.134269">
                <ele>723.88715</ele>
            </trkpt>
            <trkpt lat="47.308979" lon="13.135261">
                <ele>726.29815</ele>
            </trkpt>
            <trkpt lat="47.308846" lon="13.135927">
                <ele>733.79418</ele>
            </trkpt>
            <trkpt lat="47.308679" lon="13.136135">
                <ele>733.79418</ele>
            </trkpt>
            <trkpt lat="47.308537" lon="13.136201">
                <ele>731.33622</ele>
            </trkpt>
            <trkpt lat="47.308258" lon="13.136075">
                <ele>729.27629</ele>
            </trkpt>
            <trkpt lat="47.308002" lon="13.135789">
                <ele>729.27629</ele>
            </trkpt>
            <trkpt lat="47.30731" lon="13.134813">
                <ele>733.38642</ele>
            </trkpt>
            <trkpt lat="47.30763" lon="13.134158">
                <ele>733.38642</ele>
            </trkpt>
            <trkpt lat="47.307621" lon="13.133274">
                <ele>735.17648</ele>
            </trkpt>
            <trkpt lat="47.307523" lon="13.131907">
                <ele>733.66821</ele>
            </trkpt>
            <trkpt lat="47.307294" lon="13.13085">
                <ele>731.50537</ele>
            </trkpt>
            <trkpt lat="47.307247" lon="13.130235">
                <ele>731.03636</ele>
            </trkpt>
            <trkpt lat="47.307082" lon="13.129951">
                <ele>727.89651</ele>
            </trkpt>
            <trkpt lat="47.307026" lon="13.129467">
                <ele>727.89651</ele>
            </trkpt>
            <trkpt lat="47.306845" lon="13.128831">
                <ele>727.89651</ele>
            </trkpt>
            <trkpt lat="47.306716" lon="13.128511">
                <ele>728.04359</ele>
            </trkpt>
            <trkpt lat="47.306361" lon="13.127999">
                <ele>731.14789</ele>
            </trkpt>
            <trkpt lat="47.305878" lon="13.127714">
                <ele>734.6965</ele>
            </trkpt>
            <trkpt lat="47.305951" lon="13.127436">
                <ele>733.58329</ele>
            </trkpt>
            <trkpt lat="47.305915" lon="13.126829">
                <ele>731.29754</ele>
            </trkpt>
            <trkpt lat="47.305059" lon="13.125128">
                <ele>734.01419</ele>
            </trkpt>
            <trkpt lat="47.30458" lon="13.124289">
                <ele>730.46044</ele>
            </trkpt>
            <trkpt lat="47.304232" lon="13.12356">
                <ele>730.46044</ele>
            </trkpt>
            <trkpt lat="47.30404" lon="13.122901">
                <ele>730.46044</ele>
            </trkpt>
            <trkpt lat="47.304099" lon="13.121758">
                <ele>727.35562</ele>
            </trkpt>
            <trkpt lat="47.303539" lon="13.120751">
                <ele>738.18752</ele>
            </trkpt>
            <trkpt lat="47.303603" lon="13.119151">
                <ele>723.69109</ele>
            </trkpt>
            <trkpt lat="47.303289" lon="13.1178">
                <ele>697.87096</ele>
            </trkpt>
            <trkpt lat="47.303087" lon="13.116089">
                <ele>697.87096</ele>
            </trkpt>
            <trkpt lat="47.302776" lon="13.115141">
                <ele>701.70103</ele>
            </trkpt>
            <trkpt lat="47.302125" lon="13.112885">
                <ele>701.70103</ele>
            </trkpt>
            <trkpt lat="47.301882" lon="13.111687">
                <ele>701.49077</ele>
            </trkpt>
            <trkpt lat="47.301607" lon="13.110908">
                <ele>701.99851</ele>
            </trkpt>
            <trkpt lat="47.301464" lon="13.110545">
                <ele>705.16196</ele>
            </trkpt>
            <trkpt lat="47.301254" lon="13.109813">
                <ele>705.16196</ele>
            </trkpt>
            <trkpt lat="47.300159" lon="13.108739">
                <ele>724.33369</ele>
            </trkpt>
            <trkpt lat="47.300165" lon="13.108567">
                <ele>724.33369</ele>
            </trkpt>
            <trkpt lat="47.30036" lon="13.108469">
                <ele>720.94989</ele>
            </trkpt>
            <trkpt lat="47.300386" lon="13.10831">
                <ele>720.94989</ele>
            </trkpt>
            <trkpt lat="47.299797" lon="13.107878">
                <ele>731.97065</ele>
            </trkpt>
            <trkpt lat="47.29983" lon="13.107379">
                <ele>731.97065</ele>
            </trkpt>
            <trkpt lat="47.299636" lon="13.107085">
                <ele>735.23784</ele>
            </trkpt>
            <trkpt lat="47.299398" lon="13.106598">
                <ele>735.45716</ele>
            </trkpt>
            <trkpt lat="47.299124" lon="13.105504">
                <ele>735.45716</ele>
            </trkpt>
            <trkpt lat="47.29895" lon="13.105022">
                <ele>736.72978</ele>
            </trkpt>
            <trkpt lat="47.298972" lon="13.104414">
                <ele>736.60178</ele>
            </trkpt>
            <trkpt lat="47.298798" lon="13.103101">
                <ele>733.75597</ele>
            </trkpt>
            <trkpt lat="47.298686" lon="13.101831">
                <ele>733.75597</ele>
            </trkpt>
            <trkpt lat="47.298761" lon="13.101386">
                <ele>731.03867</ele>
            </trkpt>
            <trkpt lat="47.298671" lon="13.100784">
                <ele>729.61558</ele>
            </trkpt>
            <trkpt lat="47.298656" lon="13.099953">
                <ele>729.61558</ele>
            </trkpt>
            <trkpt lat="47.29854" lon="13.099251">
                <ele>733.73398</ele>
            </trkpt>
            <trkpt lat="47.298137" lon="13.098686">
                <ele>749.2729</ele>
            </trkpt>
            <trkpt lat="47.298288" lon="13.097397">
                <ele>749.2729</ele>
            </trkpt>
            <trkpt lat="47.29827" lon="13.096218">
                <ele>746.08331</ele>
            </trkpt>
            <trkpt lat="47.297942" lon="13.095369">
                <ele>746.08331</ele>
            </trkpt>
            <trkpt lat="47.297668" lon="13.094582">
                <ele>748.91954</ele>
            </trkpt>
            <trkpt lat="47.297605" lon="13.092645">
                <ele>735.78315</ele>
            </trkpt>
            <trkpt lat="47.297645" lon="13.091257">
                <ele>735.33458</ele>
            </trkpt>
            <trkpt lat="47.297489" lon="13.089999">
                <ele>735.33458</ele>
            </trkpt>
            <trkpt lat="47.297292" lon="13.08917">
                <ele>744.1504</ele>
            </trkpt>
            <trkpt lat="47.296847" lon="13.087537">
                <ele>760.67531</ele>
            </trkpt>
            <trkpt lat="47.296802" lon="13.08688">
                <ele>760.67531</ele>
            </trkpt>
            <trkpt lat="47.296855" lon="13.086289">
                <ele>753.71384</ele>
            </trkpt>
            <trkpt lat="47.296926" lon="13.086097">
                <ele>753.25061</ele>
            </trkpt>
            <trkpt lat="47.296801" lon="13.0854">
                <ele>754.95257</ele>
            </trkpt>
            <trkpt lat="47.296768" lon="13.085435">
                <ele>754.95257</ele>
            </trkpt>
            <trkpt lat="47.29702" lon="13.085031">
                <ele>739.20458</ele>
            </trkpt>
            <trkpt lat="47.297088" lon="13.084674">
                <ele>736.14338</ele>
            </trkpt>
            <trkpt lat="47.297002" lon="13.083784">
                <ele>725.9317</ele>
            </trkpt>
            <trkpt lat="47.297054" lon="13.083139">
                <ele>725.9317</ele>
            </trkpt>
            <trkpt lat="47.29697" lon="13.082823">
                <ele>727.75133</ele>
            </trkpt>
            <trkpt lat="47.296954" lon="13.081957">
                <ele>727.75133</ele>
            </trkpt>
            <trkpt lat="47.297023" lon="13.081228">
                <ele>723.82803</ele>
            </trkpt>
            <trkpt lat="47.297187" lon="13.080896">
                <ele>716.73524</ele>
            </trkpt>
            <trkpt lat="47.297301" lon="13.080703">
                <ele>713.87375</ele>
            </trkpt>
            <trkpt lat="47.297337" lon="13.079376">
                <ele>713.87375</ele>
            </trkpt>
            <trkpt lat="47.297034" lon="13.077939">
                <ele>726.91836</ele>
            </trkpt>
            <trkpt lat="47.296853" lon="13.076051">
                <ele>731.81099</ele>
            </trkpt>
            <trkpt lat="47.296563" lon="13.075344">
                <ele>736.28454</ele>
            </trkpt>
            <trkpt lat="47.296229" lon="13.07393">
                <ele>736.28454</ele>
            </trkpt>
            <trkpt lat="47.295968" lon="13.073326">
                <ele>743.43415</ele>
            </trkpt>
            <trkpt lat="47.295767" lon="13.072682">
                <ele>743.56668</ele>
            </trkpt>
            <trkpt lat="47.295424" lon="13.072262">
                <ele>747.70509</ele>
            </trkpt>
            <trkpt lat="47.295223" lon="13.071799">
                <ele>747.70509</ele>
            </trkpt>
            <trkpt lat="47.295257" lon="13.071273">
                <ele>746.81792</ele>
            </trkpt>
            <trkpt lat="47.295465" lon="13.0703">
                <ele>745.62146</ele>
            </trkpt>
            <trkpt lat="47.295359" lon="13.069661">
                <ele>748.06441</ele>
            </trkpt>
            <trkpt lat="47.295189" lon="13.069024">
                <ele>755.07223</ele>
            </trkpt>
            <trkpt lat="47.295254" lon="13.068608">
                <ele>755.07223</ele>
            </trkpt>
            <trkpt lat="47.295177" lon="13.068293">
                <ele>758.84826</ele>
            </trkpt>
            <trkpt lat="47.295107" lon="13.067854">
                <ele>758.84826</ele>
            </trkpt>
            <trkpt lat="47.295145" lon="13.067517">
                <ele>755.45729</ele>
            </trkpt>
            <trkpt lat="47.294988" lon="13.066869">
                <ele>755.45729</ele>
            </trkpt>
            <trkpt lat="47.294839" lon="13.065956">
                <ele>755.45729</ele>
            </trkpt>
            <trkpt lat="47.294932" lon="13.065306">
                <ele>755.45729</ele>
            </trkpt>
            <trkpt lat="47.294678" lon="13.064061">
                <ele>757.42566</ele>
            </trkpt>
            <trkpt lat="47.294772" lon="13.063487">
                <ele>756.29315</ele>
            </trkpt>
            <trkpt lat="47.294832" lon="13.063543">
                <ele>754.57107</ele>
            </trkpt>
            <trkpt lat="47.294866" lon="13.0633">
                <ele>752.68878</ele>
            </trkpt>
            <trkpt lat="47.294893" lon="13.062773">
                <ele>750.6922</ele>
            </trkpt>
            <trkpt lat="47.294811" lon="13.062078">
                <ele>750.6922</ele>
            </trkpt>
            <trkpt lat="47.29436" lon="13.060042">
                <ele>750.6922</ele>
            </trkpt>
            <trkpt lat="47.29431" lon="13.058493">
                <ele>720.83975</ele>
            </trkpt>
            <trkpt lat="47.294041" lon="13.057318">
                <ele>747.73476</ele>
            </trkpt>
            <trkpt lat="47.293794" lon="13.057023">
                <ele>757.07876</ele>
            </trkpt>
            <trkpt lat="47.293387" lon="13.057099">
                <ele>760.65719</ele>
            </trkpt>
            <trkpt lat="47.293416" lon="13.057126">
                <ele>760.65719</ele>
            </trkpt>
            <trkpt lat="47.292792" lon="13.057197">
                <ele>787.73338</ele>
            </trkpt>
            <trkpt lat="47.292283" lon="13.057391">
                <ele>796.12845</ele>
            </trkpt>
            <trkpt lat="47.292146" lon="13.057384">
                <ele>796.12845</ele>
            </trkpt>
            <trkpt lat="47.291512" lon="13.05813">
                <ele>774.53883</ele>
            </trkpt>
            <trkpt lat="47.291169" lon="13.058628">
                <ele>769.22359</ele>
            </trkpt>
            <trkpt lat="47.290811" lon="13.059199">
                <ele>769.22359</ele>
            </trkpt>
            <trkpt lat="47.29045" lon="13.059565">
                <ele>774.6744</ele>
            </trkpt>
            <trkpt lat="47.290107" lon="13.05986">
                <ele>784.18892</ele>
            </trkpt>
            <trkpt lat="47.29003" lon="13.060017">
                <ele>783.2</ele>
            </trkpt>
            <trkpt lat="47.287314" lon="13.062076">
                <ele>802.0</ele>
            </trkpt>
            <trkpt lat="47.280583" lon="13.07545">
                <ele>802.0</ele>
            </trkpt>
            <trkpt lat="47.280601" lon="13.075614">
                <ele>802.0</ele>
            </trkpt>
            <trkpt lat="47.279999" lon="13.076534">
                <ele>802.0</ele>
            </trkpt>
            <trkpt lat="47.279515" lon="13.076905">
                <ele>805.40749</ele>
            </trkpt>
            <trkpt lat="47.278886" lon="13.077078">
                <ele>806.71778</ele>
            </trkpt>
            <trkpt lat="47.277902" lon="13.07688">
                <ele>806.71778</ele>
            </trkpt>
            <trkpt lat="47.27732" lon="13.076587">
                <ele>807.31119</ele>
            </trkpt>
            <trkpt lat="47.276789" lon="13.076169">
                <ele>807.31119</ele>
            </trkpt>
            <trkpt lat="47.275953" lon="13.075958">
                <ele>807.31119</ele>
            </trkpt>
            <trkpt lat="47.275174" lon="13.07655">
                <ele>828.08394</ele>
            </trkpt>
            <trkpt lat="47.274901" lon="13.076819">
                <ele>828.08394</ele>
            </trkpt>
            <trkpt lat="47.274293" lon="13.077235">
                <ele>821.09707</ele>
            </trkpt>
            <trkpt lat="47.274203" lon="13.077259">
                <ele>821.09707</ele>
            </trkpt>
            <trkpt lat="47.272348" lon="13.078253">
                <ele>824.11285</ele>
            </trkpt>
            <trkpt lat="47.27153" lon="13.079091">
                <ele>826.42904</ele>
            </trkpt>
            <trkpt lat="47.270615" lon="13.079791">
                <ele>826.42904</ele>
            </trkpt>
            <trkpt lat="47.26945" lon="13.080599">
                <ele>826.42904</ele>
            </trkpt>
            <trkpt lat="47.268327" lon="13.080948">
                <ele>817.92842</ele>
            </trkpt>
            <trkpt lat="47.266826" lon="13.080888">
                <ele>816.3807</ele>
            </trkpt>
            <trkpt lat="47.265981" lon="13.081451">
                <ele>817.55902</ele>
            </trkpt>
            <trkpt lat="47.264936" lon="13.082363">
                <ele>817.55902</ele>
            </trkpt>
            <trkpt lat="47.263794" lon="13.083696">
                <ele>826.61779</ele>
            </trkpt>
            <trkpt lat="47.262659" lon="13.085486">
                <ele>842.73334</ele>
            </trkpt>
            <trkpt lat="47.261472" lon="13.087162">
                <ele>842.73334</ele>
            </trkpt>
            <trkpt lat="47.259287" lon="13.089597">
                <ele>826.88991</ele>
            </trkpt>
            <trkpt lat="47.258203" lon="13.091271">
                <ele>818.5233</ele>
            </trkpt>
            <trkpt lat="47.257369" lon="13.092479">
                <ele>818.5233</ele>
            </trkpt>
            <trkpt lat="47.256355" lon="13.093731">
                <ele>820.45686</ele>
            </trkpt>
            <trkpt lat="47.255565" lon="13.094444">
                <ele>816.4247</ele>
            </trkpt>
            <trkpt lat="47.255532" lon="13.094491">
                <ele>816.4247</ele>
            </trkpt>
            <trkpt lat="47.255403" lon="13.095627">
                <ele>823.81165</ele>
            </trkpt>
            <trkpt lat="47.255213" lon="13.096112">
                <ele>823.81165</ele>
            </trkpt>
            <trkpt lat="47.254539" lon="13.09657">
                <ele>823.27175</ele>
            </trkpt>
            <trkpt lat="47.253948" lon="13.096819">
                <ele>821.82211</ele>
            </trkpt>
            <trkpt lat="47.253397" lon="13.097865">
                <ele>824.59882</ele>
            </trkpt>
            <trkpt lat="47.252881" lon="13.099517">
                <ele>824.59882</ele>
            </trkpt>
            <trkpt lat="47.252642" lon="13.10023">
                <ele>824.59882</ele>
            </trkpt>
            <trkpt lat="47.252115" lon="13.100138">
                <ele>821.03923</ele>
            </trkpt>
            <trkpt lat="47.251225" lon="13.099539">
                <ele>816.7643</ele>
            </trkpt>
            <trkpt lat="47.25127" lon="13.099119">
                <ele>816.04614</ele>
            </trkpt>
            <trkpt lat="47.250501" lon="13.099527">
                <ele>816.04614</ele>
            </trkpt>
            <trkpt lat="47.24914" lon="13.100183">
                <ele>816.3868</ele>
            </trkpt>
            <trkpt lat="47.247442" lon="13.100776">
                <ele>820.49975</ele>
            </trkpt>
            <trkpt lat="47.245779" lon="13.101627">
                <ele>820.70726</ele>
            </trkpt>
            <trkpt lat="47.24522" lon="13.102064">
                <ele>822.33166</ele>
            </trkpt>
            <trkpt lat="47.244516" lon="13.102172">
                <ele>823.09986</ele>
            </trkpt>
            <trkpt lat="47.243278" lon="13.103127">
                <ele>825.70057</ele>
            </trkpt>
            <trkpt lat="47.243199" lon="13.103305">
                <ele>826.22605</ele>
            </trkpt>
            <trkpt lat="47.243278" lon="13.104621">
                <ele>829.84757</ele>
            </trkpt>
            <trkpt lat="47.242093" lon="13.10545">
                <ele>829.954</ele>
            </trkpt>
            <trkpt lat="47.240753" lon="13.106523">
                <ele>828.95416</ele>
            </trkpt>
            <trkpt lat="47.23937" lon="13.107665">
                <ele>828.30019</ele>
            </trkpt>
            <trkpt lat="47.237997" lon="13.108011">
                <ele>825.10235</ele>
            </trkpt>
            <trkpt lat="47.236154" lon="13.108572">
                <ele>825.10235</ele>
            </trkpt>
            <trkpt lat="47.235147" lon="13.108243">
                <ele>824.16543</ele>
            </trkpt>
            <trkpt lat="47.234389" lon="13.108092">
                <ele>821.6346</ele>
            </trkpt>
            <trkpt lat="47.233394" lon="13.108609">
                <ele>821.43894</ele>
            </trkpt>
            <trkpt lat="47.232507" lon="13.109704">
                <ele>828.01394</ele>
            </trkpt>
            <trkpt lat="47.231965" lon="13.109799">
                <ele>828.28196</ele>
            </trkpt>
            <trkpt lat="47.231224" lon="13.108762">
                <ele>826.54049</ele>
            </trkpt>
            <trkpt lat="47.230546" lon="13.108482">
                <ele>826.08259</ele>
            </trkpt>
            <trkpt lat="47.229698" lon="13.108779">
                <ele>824.31182</ele>
            </trkpt>
            <trkpt lat="47.229168" lon="13.109439">
                <ele>827.39947</ele>
            </trkpt>
            <trkpt lat="47.228488" lon="13.109773">
                <ele>829.9795</ele>
            </trkpt>
            <trkpt lat="47.227666" lon="13.109535">
                <ele>829.284</ele>
            </trkpt>
            <trkpt lat="47.226703" lon="13.109151">
                <ele>825.62098</ele>
            </trkpt>
            <trkpt lat="47.2258" lon="13.109335">
                <ele>825.44818</ele>
            </trkpt>
            <trkpt lat="47.223597" lon="13.110667">
                <ele>829.91208</ele>
            </trkpt>
            <trkpt lat="47.221713" lon="13.110924">
                <ele>829.43829</ele>
            </trkpt>
            <trkpt lat="47.221824" lon="13.110872">
                <ele>829.43829</ele>
            </trkpt>
            <trkpt lat="47.219699" lon="13.110852">
                <ele>840.60123</ele>
            </trkpt>
            <trkpt lat="47.218949" lon="13.110926">
                <ele>844.63719</ele>
            </trkpt>
            <trkpt lat="47.218084" lon="13.109998">
                <ele>843.38105</ele>
            </trkpt>
            <trkpt lat="47.215129" lon="13.110112">
                <ele>841.21889</ele>
            </trkpt>
            <trkpt lat="47.214786" lon="13.110343">
                <ele>840.95761</ele>
            </trkpt>
            <trkpt lat="47.213189" lon="13.110459">
                <ele>832.01424</ele>
            </trkpt>
            <trkpt lat="47.212756" lon="13.110571">
                <ele>829.44432</ele>
            </trkpt>
            <trkpt lat="47.212" lon="13.110238">
                <ele>828.14338</ele>
            </trkpt>
            <trkpt lat="47.211221" lon="13.110044">
                <ele>828.14338</ele>
            </trkpt>
            <trkpt lat="47.210379" lon="13.109882">
                <ele>828.14338</ele>
            </trkpt>
            <trkpt lat="47.20909" lon="13.109694">
                <ele>832.70555</ele>
            </trkpt>
            <trkpt lat="47.208979" lon="13.110475">
                <ele>830.82249</ele>
            </trkpt>
            <trkpt lat="47.208666" lon="13.110688">
                <ele>830.82249</ele>
            </trkpt>
            <trkpt lat="47.207553" lon="13.109604">
                <ele>832.55951</ele>
            </trkpt>
            <trkpt lat="47.206904" lon="13.108747">
                <ele>832.55951</ele>
            </trkpt>
            <trkpt lat="47.205693" lon="13.107328">
                <ele>829.94853</ele>
            </trkpt>
            <trkpt lat="47.20566" lon="13.107198">
                <ele>828.17907</ele>
            </trkpt>
            <trkpt lat="47.204923" lon="13.106724">
                <ele>826.08948</ele>
            </trkpt>
            <trkpt lat="47.202229" lon="13.105909">
                <ele>827.79246</ele>
            </trkpt>
            <trkpt lat="47.201314" lon="13.105751">
                <ele>830.24663</ele>
            </trkpt>
            <trkpt lat="47.199781" lon="13.105572">
                <ele>834.50354</ele>
            </trkpt>
            <trkpt lat="47.199749" lon="13.10559">
                <ele>834.55998</ele>
            </trkpt>
            <trkpt lat="47.199697" lon="13.105746">
                <ele>834.99593</ele>
            </trkpt>
            <trkpt lat="47.199537" lon="13.105787">
                <ele>834.99593</ele>
            </trkpt>
            <trkpt lat="47.199343" lon="13.105766">
                <ele>834.4834</ele>
            </trkpt>
            <trkpt lat="47.199101" lon="13.105794">
                <ele>834.20048</ele>
            </trkpt>
            <trkpt lat="47.198649" lon="13.105725">
                <ele>833.67406</ele>
            </trkpt>
            <trkpt lat="47.196451" lon="13.105606">
                <ele>836.73873</ele>
            </trkpt>
            <trkpt lat="47.195577" lon="13.104899">
                <ele>839.16885</ele>
            </trkpt>
            <trkpt lat="47.194791" lon="13.103566">
                <ele>839.16885</ele>
            </trkpt>
            <trkpt lat="47.194483" lon="13.103202">
                <ele>839.16885</ele>
            </trkpt>
            <trkpt lat="47.193944" lon="13.102717">
                <ele>837.88619</ele>
            </trkpt>
            <trkpt lat="47.192751" lon="13.102327">
                <ele>839.55462</ele>
            </trkpt>
            <trkpt lat="47.191384" lon="13.102028">
                <ele>838.65541</ele>
            </trkpt>
            <trkpt lat="47.190556" lon="13.101674">
                <ele>836.66285</ele>
            </trkpt>
            <trkpt lat="47.188359" lon="13.101224">
                <ele>840.79113</ele>
            </trkpt>
            <trkpt lat="47.186196" lon="13.10087">
                <ele>841.44236</ele>
            </trkpt>
            <trkpt lat="47.184466" lon="13.101028">
                <ele>841.44236</ele>
            </trkpt>
            <trkpt lat="47.183661" lon="13.101257">
                <ele>840.6932</ele>
            </trkpt>
            <trkpt lat="47.180241" lon="13.101964">
                <ele>837.54318</ele>
            </trkpt>
            <trkpt lat="47.180114" lon="13.102032">
                <ele>837.54318</ele>
            </trkpt>
            <trkpt lat="47.180145" lon="13.102125">
                <ele>837.89354</ele>
            </trkpt>
            <trkpt lat="47.179948" lon="13.102891">
                <ele>842.65577</ele>
            </trkpt>
            <trkpt lat="47.178469" lon="13.104084">
                <ele>846.21513</ele>
            </trkpt>
            <trkpt lat="47.177793" lon="13.104198">
                <ele>845.52803</ele>
            </trkpt>
            <trkpt lat="47.176523" lon="13.104058">
                <ele>843.45733</ele>
            </trkpt>
            <trkpt lat="47.175619" lon="13.104041">
                <ele>848.22005</ele>
            </trkpt>
            <trkpt lat="47.174309" lon="13.104386">
                <ele>850.08854</ele>
            </trkpt>
            <trkpt lat="47.173835" lon="13.104583">
                <ele>853.0347</ele>
            </trkpt>
            <trkpt lat="47.172789" lon="13.104623">
                <ele>854.67726</ele>
            </trkpt>
            <trkpt lat="47.172302" lon="13.104817">
                <ele>854.67726</ele>
            </trkpt>
            <trkpt lat="47.171884" lon="13.105414">
                <ele>859.20433</ele>
            </trkpt>
            <trkpt lat="47.17141" lon="13.106238">
                <ele>861.58175</ele>
            </trkpt>
            <trkpt lat="47.171096" lon="13.106873">
                <ele>862.09395</ele>
            </trkpt>
            <trkpt lat="47.170973" lon="13.107572">
                <ele>863.2048</ele>
            </trkpt>
            <trkpt lat="47.170511" lon="13.108037">
                <ele>862.38283</ele>
            </trkpt>
            <trkpt lat="47.169547" lon="13.10917">
                <ele>859.45146</ele>
            </trkpt>
            <trkpt lat="47.169276" lon="13.10943">
                <ele>856.80758</ele>
            </trkpt>
            <trkpt lat="47.168633" lon="13.110143">
                <ele>854.05058</ele>
            </trkpt>
            <trkpt lat="47.167402" lon="13.110718">
                <ele>848.20853</ele>
            </trkpt>
            <trkpt lat="47.165741" lon="13.110683">
                <ele>844.02259</ele>
            </trkpt>
            <trkpt lat="47.165114" lon="13.110361">
                <ele>841.53008</ele>
            </trkpt>
            <trkpt lat="47.165098" lon="13.110309">
                <ele>841.39868</ele>
            </trkpt>
            <trkpt lat="47.164189" lon="13.109538">
                <ele>840.86516</ele>
            </trkpt>
            <trkpt lat="47.162879" lon="13.108028">
                <ele>841.22444</ele>
            </trkpt>
            <trkpt lat="47.16215" lon="13.10743">
                <ele>841.15932</ele>
            </trkpt>
            <trkpt lat="47.161025" lon="13.107255">
                <ele>841.84815</ele>
            </trkpt>
            <trkpt lat="47.160149" lon="13.107022">
                <ele>843.06574</ele>
            </trkpt>
            <trkpt lat="47.159478" lon="13.107064">
                <ele>843.15296</ele>
            </trkpt>
            <trkpt lat="47.15813" lon="13.107331">
                <ele>841.64827</ele>
            </trkpt>
            <trkpt lat="47.158085" lon="13.107244">
                <ele>841.64827</ele>
            </trkpt>
            <trkpt lat="47.157638" lon="13.107985">
                <ele>843.37283</ele>
            </trkpt>
            <trkpt lat="47.157278" lon="13.108315">
                <ele>843.73129</ele>
            </trkpt>
            <trkpt lat="47.157154" lon="13.108225">
                <ele>843.63253</ele>
            </trkpt>
            <trkpt lat="47.156266" lon="13.109412">
                <ele>843.38822</ele>
            </trkpt>
            <trkpt lat="47.155504" lon="13.110296">
                <ele>843.8842</ele>
            </trkpt>
            <trkpt lat="47.154886" lon="13.110956">
                <ele>843.94507</ele>
            </trkpt>
            <trkpt lat="47.1535" lon="13.112039">
                <ele>843.9499</ele>
            </trkpt>
            <trkpt lat="47.152429" lon="13.112567">
                <ele>844.7133</ele>
            </trkpt>
            <trkpt lat="47.15154" lon="13.112883">
                <ele>845.02794</ele>
            </trkpt>
            <trkpt lat="47.151525" lon="13.11327">
                <ele>844.84779</ele>
            </trkpt>
            <trkpt lat="47.151258" lon="13.113983">
                <ele>844.00917</ele>
            </trkpt>
            <trkpt lat="47.151239" lon="13.114471">
                <ele>843.9955</ele>
            </trkpt>
            <trkpt lat="47.151253" lon="13.114536">
                <ele>843.9955</ele>
            </trkpt>
            <trkpt lat="47.150085" lon="13.115336">
                <ele>843.31034</ele>
            </trkpt>
            <trkpt lat="47.146471" lon="13.118894">
                <ele>842.90862</ele>
            </trkpt>
            <trkpt lat="47.1452" lon="13.120201">
                <ele>842.90862</ele>
            </trkpt>
            <trkpt lat="47.143403" lon="13.122121">
                <ele>846.92745</ele>
            </trkpt>
            <trkpt lat="47.142107" lon="13.123423">
                <ele>849.07885</ele>
            </trkpt>
            <trkpt lat="47.140938" lon="13.124489">
                <ele>848.63538</ele>
            </trkpt>
            <trkpt lat="47.139859" lon="13.125371">
                <ele>848.49397</ele>
            </trkpt>
            <trkpt lat="47.139067" lon="13.126504">
                <ele>848.49397</ele>
            </trkpt>
            <trkpt lat="47.138667" lon="13.127623">
                <ele>851.37858</ele>
            </trkpt>
            <trkpt lat="47.138024" lon="13.129128">
                <ele>850.73822</ele>
            </trkpt>
            <trkpt lat="47.136804" lon="13.130402">
                <ele>851.04093</ele>
            </trkpt>
            <trkpt lat="47.135219" lon="13.131744">
                <ele>854.93953</ele>
            </trkpt>
            <trkpt lat="47.133081" lon="13.132986">
                <ele>854.93953</ele>
            </trkpt>
            <trkpt lat="47.131277" lon="13.134597">
                <ele>855.11682</ele>
            </trkpt>
            <trkpt lat="47.130995" lon="13.134078">
                <ele>855.89383</ele>
            </trkpt>
            <trkpt lat="47.131037" lon="13.134069">
                <ele>855.91742</ele>
            </trkpt>
            <trkpt lat="47.130117" lon="13.135244">
                <ele>858.57596</ele>
            </trkpt>
            <trkpt lat="47.130244" lon="13.136367">
                <ele>861.52596</ele>
            </trkpt>
            <trkpt lat="47.128598" lon="13.138158">
                <ele>862.32377</ele>
            </trkpt>
            <trkpt lat="47.127622" lon="13.139638">
                <ele>866.00951</ele>
            </trkpt>
            <trkpt lat="47.127172" lon="13.141094">
                <ele>873.22027</ele>
            </trkpt>
            <trkpt lat="47.12645" lon="13.141541">
                <ele>875.85561</ele>
            </trkpt>
            <trkpt lat="47.126216" lon="13.142612">
                <ele>886.11018</ele>
            </trkpt>
            <trkpt lat="47.12611" lon="13.142782">
                <ele>890.42937</ele>
            </trkpt>
            <trkpt lat="47.125763" lon="13.142867">
                <ele>898.60331</ele>
            </trkpt>
            <trkpt lat="47.125433" lon="13.14274">
                <ele>899.30459</ele>
            </trkpt>
            <trkpt lat="47.125137" lon="13.142221">
                <ele>899.30459</ele>
            </trkpt>
            <trkpt lat="47.125022" lon="13.142063">
                <ele>899.30459</ele>
            </trkpt>
            <trkpt lat="47.123991" lon="13.141611">
                <ele>915.18391</ele>
            </trkpt>
            <trkpt lat="47.123474" lon="13.141302">
                <ele>916.53941</ele>
            </trkpt>
            <trkpt lat="47.121915" lon="13.140791">
                <ele>939.91653</ele>
            </trkpt>
            <trkpt lat="47.121593" lon="13.140149">
                <ele>939.91653</ele>
            </trkpt>
            <trkpt lat="47.12132" lon="13.139797">
                <ele>941.91986</ele>
            </trkpt>
            <trkpt lat="47.120804" lon="13.139409">
                <ele>947.60266</ele>
            </trkpt>
            <trkpt lat="47.12032" lon="13.138966">
                <ele>952.7401</ele>
            </trkpt>
            <trkpt lat="47.119554" lon="13.138917">
                <ele>972.04381</ele>
            </trkpt>
            <trkpt lat="47.118736" lon="13.138628">
                <ele>977.56852</ele>
            </trkpt>
            <trkpt lat="47.117935" lon="13.137669">
                <ele>977.56852</ele>
            </trkpt>
            <trkpt lat="47.117171" lon="13.137554">
                <ele>991.88635</ele>
            </trkpt>
            <trkpt lat="47.116763" lon="13.137396">
                <ele>991.88635</ele>
            </trkpt>
            <trkpt lat="47.116219" lon="13.136509">
                <ele>982.19321</ele>
            </trkpt>
            <trkpt lat="47.115826" lon="13.137263">
                <ele>1004.88092</ele>
            </trkpt>
            <trkpt lat="47.115171" lon="13.137859">
                <ele>1011.74854</ele>
            </trkpt>
            <trkpt lat="47.114727" lon="13.137918">
                <ele>1018.52884</ele>
            </trkpt>
            <trkpt lat="47.114412" lon="13.137641">
                <ele>1018.52884</ele>
            </trkpt>
            <trkpt lat="47.114334" lon="13.137037">
                <ele>1018.52884</ele>
            </trkpt>
            <trkpt lat="47.114314" lon="13.135824">
                <ele>1022.94802</ele>
            </trkpt>
            <trkpt lat="47.114518" lon="13.134893">
                <ele>1023.96999</ele>
            </trkpt>
            <trkpt lat="47.114667" lon="13.134059">
                <ele>1027.93101</ele>
            </trkpt>
            <trkpt lat="47.11513" lon="13.13399">
                <ele>1027.93101</ele>
            </trkpt>
            <trkpt lat="47.116585" lon="13.134821">
                <ele>1024.85531</ele>
            </trkpt>
            <trkpt lat="47.117925" lon="13.134774">
                <ele>1024.85531</ele>
            </trkpt>
            <trkpt lat="47.118561" lon="13.133994">
                <ele>1034.84827</ele>
            </trkpt>
            <trkpt lat="47.118218" lon="13.133888">
                <ele>1038.82587</ele>
            </trkpt>
            <trkpt lat="47.117419" lon="13.134299">
                <ele>1038.82587</ele>
            </trkpt>
            <trkpt lat="47.116833" lon="13.134416">
                <ele>1037.15537</ele>
            </trkpt>
            <trkpt lat="47.115944" lon="13.134087">
                <ele>1037.15537</ele>
            </trkpt>
            <trkpt lat="47.11554" lon="13.133586">
                <ele>1041.86224</ele>
            </trkpt>
            <trkpt lat="47.11528" lon="13.133369">
                <ele>1043.5434</ele>
            </trkpt>
            <trkpt lat="47.114902" lon="13.133146">
                <ele>1045.36337</ele>
            </trkpt>
            <trkpt lat="47.114389" lon="13.133164">
                <ele>1049.18956</ele>
            </trkpt>
            <trkpt lat="47.11197" lon="13.13612">
                <ele>1082.88511</ele>
            </trkpt>
            <trkpt lat="47.111327" lon="13.136282">
                <ele>1092.33779</ele>
            </trkpt>
            <trkpt lat="47.111097" lon="13.13657">
                <ele>1096.7</ele>
            </trkpt>
            <trkpt lat="47.109669" lon="13.133312">
                <ele>1083.0</ele>
            </trkpt>
        <trkpt lat="47.11254" lon="13.135829">
                <ele>1062.99397</ele>
            </trkpt>
            <trkpt lat="47.111097" lon="13.136501">
                <ele>1079.51019</ele>
            </trkpt>
            <trkpt lat="47.109719" lon="13.136246">
                <ele>1080.39434</ele>
            </trkpt>
            <trkpt lat="47.109202" lon="13.133941">
                <ele>1082.58146</ele>
            </trkpt>
            <trkpt lat="47.108238" lon="13.134778">
                <ele>1081.4472</ele>
            </trkpt>
            <trkpt lat="47.106018" lon="13.134413">
                <ele>1086.91348</ele>
            </trkpt>
            <trkpt lat="47.101315" lon="13.128233">
                <ele>1088.21988</ele>
            </trkpt>
            <trkpt lat="47.101783" lon="13.126795">
                <ele>1087.22346</ele>
            </trkpt>
            <trkpt lat="47.10024" lon="13.126358">
                <ele>1089.03671</ele>
            </trkpt>
            <trkpt lat="47.099663" lon="13.125777">
                <ele>1090.34845</ele>
            </trkpt>
            <trkpt lat="47.096717" lon="13.121458">
                <ele>1096.67409</ele>
            </trkpt>
            <trkpt lat="47.095597" lon="13.119321">
                <ele>1098.81804</ele>
            </trkpt>
            <trkpt lat="47.092008" lon="13.117431">
                <ele>1104.59717</ele>
            </trkpt>
            <trkpt lat="47.090144" lon="13.117401">
                <ele>1108.28828</ele>
            </trkpt>
            <trkpt lat="47.088086" lon="13.118601">
                <ele>1114.41703</ele>
            </trkpt>
            <trkpt lat="47.087665" lon="13.119904">
                <ele>1118.11491</ele>
            </trkpt>
            <trkpt lat="47.087077" lon="13.11959">
                <ele>1119.77138</ele>
            </trkpt>
            <trkpt lat="47.086299" lon="13.120221">
                <ele>1125.18151</ele>
            </trkpt>
            <trkpt lat="47.084399" lon="13.122754">
                <ele>1138.81495</ele>
            </trkpt>
            <trkpt lat="47.083763" lon="13.125932">
                <ele>1153.52702</ele>
            </trkpt>
            <trkpt lat="47.080988" lon="13.130552">
                <ele>1171.61359</ele>
            </trkpt>
            <trkpt lat="47.080422" lon="13.130647">
                <ele>1171.44473</ele>
            </trkpt>
            <trkpt lat="47.078259" lon="13.133933">
                <ele>1172.54946</ele>
            </trkpt>
            <trkpt lat="47.076407" lon="13.135479">
                <ele>1174.19228</ele>
            </trkpt>
            <trkpt lat="47.002748" lon="13.174004">
                <ele>1215.89169</ele>
            </trkpt>
            <trkpt lat="47.000559" lon="13.174805">
                <ele>1210.36388</ele>
            </trkpt>
            <trkpt lat="46.998948" lon="13.174391">
                <ele>1209.27366</ele>
            </trkpt>
            <trkpt lat="46.995911" lon="13.172444">
                <ele>1202.56634</ele>
            </trkpt>
            <trkpt lat="46.992979" lon="13.172134">
                <ele>1192.91687</ele>
            </trkpt>
            <trkpt lat="46.991418" lon="13.172246">
                <ele>1195.30049</ele>
            </trkpt>
            <trkpt lat="46.988195" lon="13.173788">
                <ele>1186.78034</ele>
            </trkpt>
            <trkpt lat="46.983329" lon="13.175333">
                <ele>1181.0244</ele>
            </trkpt>
            <trkpt lat="46.981459" lon="13.176217">
                <ele>1180.37552</ele>
            </trkpt>
            <trkpt lat="46.98127" lon="13.175837">
                <ele>1180.06798</ele>
            </trkpt>
            <trkpt lat="46.979579" lon="13.176822">
                <ele>1179.41649</ele>
            </trkpt>
            <trkpt lat="46.977826" lon="13.176951">
                <ele>1174.94525</ele>
            </trkpt>
            <trkpt lat="46.974634" lon="13.176218">
                <ele>1171.89334</ele>
            </trkpt>
            <trkpt lat="46.973879" lon="13.17695">
                <ele>1172.09021</ele>
            </trkpt>
            <trkpt lat="46.97347" lon="13.177934">
                <ele>1174.50054</ele>
            </trkpt>
            <trkpt lat="46.973269" lon="13.17961">
                <ele>1183.52649</ele>
            </trkpt>
            <trkpt lat="46.972781" lon="13.18059">
                <ele>1187.64864</ele>
            </trkpt>
            <trkpt lat="46.971419" lon="13.181579">
                <ele>1184.75689</ele>
            </trkpt>
            <trkpt lat="46.970389" lon="13.183392">
                <ele>1170.56121</ele>
            </trkpt>
            <trkpt lat="46.969798" lon="13.183567">
                <ele>1164.21723</ele>
            </trkpt>
            <trkpt lat="46.968697" lon="13.182782">
                <ele>1154.16561</ele>
            </trkpt>
            <trkpt lat="46.967923" lon="13.182884">
                <ele>1145.14932</ele>
            </trkpt>
            <trkpt lat="46.967565" lon="13.182402">
                <ele>1141.09255</ele>
            </trkpt>
            <trkpt lat="46.967518" lon="13.181416">
                <ele>1135.82413</ele>
            </trkpt>
            <trkpt lat="46.96735" lon="13.181268">
                <ele>1135.37195</ele>
            </trkpt>
            <trkpt lat="46.967196" lon="13.181553">
                <ele>1133.89566</ele>
            </trkpt>
            <trkpt lat="46.967596" lon="13.184088">
                <ele>1121.34902</ele>
            </trkpt>
            <trkpt lat="46.968634" lon="13.184719">
                <ele>1117.18084</ele>
            </trkpt>
            <trkpt lat="46.968636" lon="13.185203">
                <ele>1113.54426</ele>
            </trkpt>
            <trkpt lat="46.968383" lon="13.185346">
                <ele>1111.80442</ele>
            </trkpt>
            <trkpt lat="46.967464" lon="13.185002">
                <ele>1106.17503</ele>
            </trkpt>
            <trkpt lat="46.966898" lon="13.183008">
                <ele>1092.99866</ele>
            </trkpt>
            <trkpt lat="46.966473" lon="13.182211">
                <ele>1088.81665</ele>
            </trkpt>
            <trkpt lat="46.964393" lon="13.18127">
                <ele>1065.89126</ele>
            </trkpt>
            <trkpt lat="46.964166" lon="13.181367">
                <ele>1063.97441</ele>
            </trkpt>
            <trkpt lat="46.964188" lon="13.181917">
                <ele>1062.37816</ele>
            </trkpt>
            <trkpt lat="46.964931" lon="13.18188">
                <ele>1059.42883</ele>
            </trkpt>
            <trkpt lat="46.965444" lon="13.182362">
                <ele>1053.65149</ele>
            </trkpt>
            <trkpt lat="46.966074" lon="13.184107">
                <ele>1040.83005</ele>
            </trkpt>
            <trkpt lat="46.965929" lon="13.184711">
                <ele>1037.09315</ele>
            </trkpt>
            <trkpt lat="46.965481" lon="13.185306">
                <ele>1035.40018</ele>
            </trkpt>
            <trkpt lat="46.963781" lon="13.185025">
                <ele>1016.55872</ele>
            </trkpt>
            <trkpt lat="46.961639" lon="13.185428">
                <ele>1000.93605</ele>
            </trkpt>
            <trkpt lat="46.959399" lon="13.184285">
                <ele>978.73339</ele>
            </trkpt>
            <trkpt lat="46.955885" lon="13.185278">
                <ele>957.67066</ele>
            </trkpt>
            <trkpt lat="46.953243" lon="13.1831">
                <ele>936.97465</ele>
            </trkpt>
            <trkpt lat="46.951058" lon="13.182967">
                <ele>919.83929</ele>
            </trkpt>
            <trkpt lat="46.948952" lon="13.181987">
                <ele>908.81654</ele>
            </trkpt>
            <trkpt lat="46.947696" lon="13.182231">
                <ele>897.96924</ele>
            </trkpt>
            <trkpt lat="46.946632" lon="13.183021">
                <ele>882.75287</ele>
            </trkpt>
            <trkpt lat="46.944055" lon="13.185777">
                <ele>857.3073</ele>
            </trkpt>
            <trkpt lat="46.943358" lon="13.187471">
                <ele>843.18267</ele>
            </trkpt>
            <trkpt lat="46.942236" lon="13.188896">
                <ele>827.43764</ele>
            </trkpt>
            <trkpt lat="46.941516" lon="13.190929">
                <ele>810.57187</ele>
            </trkpt>
            <trkpt lat="46.939767" lon="13.192527">
                <ele>786.60423</ele>
            </trkpt>
            <trkpt lat="46.937671" lon="13.196668">
                <ele>748.74285</ele>
            </trkpt>
            <trkpt lat="46.936479" lon="13.197957">
                <ele>729.87803</ele>
            </trkpt>
            <trkpt lat="46.935839" lon="13.199223">
                <ele>718.3203</ele>
            </trkpt>
            <trkpt lat="46.933699" lon="13.19765">
                <ele>688.77904</ele>
            </trkpt>
            <trkpt lat="46.933266" lon="13.199281">
                <ele>689.62547</ele>
            </trkpt>
            <trkpt lat="46.932345" lon="13.200516">
                <ele>682.11675</ele>
            </trkpt>
            <trkpt lat="46.93235" lon="13.200262">
                <ele>682.56071</ele>
            </trkpt>
            <trkpt lat="46.931947" lon="13.204369">
                <ele>674.19883</ele>
            </trkpt>
            <trkpt lat="46.931532" lon="13.205753">
                <ele>670.81438</ele>
            </trkpt>
            <trkpt lat="46.930028" lon="13.208039">
                <ele>666.77827</ele>
            </trkpt>
            <trkpt lat="46.929058" lon="13.211278">
                <ele>665.40367</ele>
            </trkpt>
            <trkpt lat="46.928224" lon="13.217196">
                <ele>666.90406</ele>
            </trkpt>
            <trkpt lat="46.927466" lon="13.219458">
                <ele>667.53376</ele>
            </trkpt>
            <trkpt lat="46.924752" lon="13.223152">
                <ele>678.96162</ele>
            </trkpt>
            <trkpt lat="46.924862" lon="13.225523">
                <ele>675.12707</ele>
            </trkpt>
            <trkpt lat="46.924709" lon="13.226282">
                <ele>675.02922</ele>
            </trkpt>
            <trkpt lat="46.923833" lon="13.227707">
                <ele>671.94345</ele>
            </trkpt>
            <trkpt lat="46.923462" lon="13.229658">
                <ele>671.01818</ele>
            </trkpt>
            <trkpt lat="46.922691" lon="13.231659">
                <ele>673.28239</ele>
            </trkpt>
            <trkpt lat="46.92197" lon="13.232723">
                <ele>675.67673</ele>
            </trkpt>
            <trkpt lat="46.917631" lon="13.235994">
                <ele>695.4621</ele>
            </trkpt>
            <trkpt lat="46.914762" lon="13.240498">
                <ele>696.76094</ele>
            </trkpt>
            <trkpt lat="46.914691" lon="13.241754">
                <ele>699.12302</ele>
            </trkpt>
            <trkpt lat="46.914901" lon="13.242926">
                <ele>702.69451</ele>
            </trkpt>
            <trkpt lat="46.915447" lon="13.244239">
                <ele>707.73601</ele>
            </trkpt>
            <trkpt lat="46.915523" lon="13.245208">
                <ele>712.8804</ele>
            </trkpt>
            <trkpt lat="46.915015" lon="13.246418">
                <ele>722.30753</ele>
            </trkpt>
            <trkpt lat="46.913998" lon="13.247097">
                <ele>724.33142</ele>
            </trkpt>
            <trkpt lat="46.912304" lon="13.248875">
                <ele>715.11929</ele>
            </trkpt>
            <trkpt lat="46.912209" lon="13.249494">
                <ele>710.57751</ele>
            </trkpt>
            <trkpt lat="46.911427" lon="13.249837">
                <ele>699.05143</ele>
            </trkpt>
            <trkpt lat="46.910888" lon="13.250421">
                <ele>690.69114</ele>
            </trkpt>
            <trkpt lat="46.909626" lon="13.252686">
                <ele>674.3559</ele>
            </trkpt>
            <trkpt lat="46.907654" lon="13.254843">
                <ele>657.39436</ele>
            </trkpt>
            <trkpt lat="46.906379" lon="13.25675">
                <ele>677.1853</ele>
            </trkpt>
            <trkpt lat="46.9056" lon="13.258596">
                <ele>674.85437</ele>
            </trkpt>
            <trkpt lat="46.905019" lon="13.258989">
                <ele>670.53703</ele>
            </trkpt>
            <trkpt lat="46.904666" lon="13.259911">
                <ele>678.70194</ele>
            </trkpt>
            <trkpt lat="46.903366" lon="13.261291">
                <ele>680.73238</ele>
            </trkpt>
            <trkpt lat="46.903017" lon="13.262481">
                <ele>681.80812</ele>
            </trkpt>
            <trkpt lat="46.902318" lon="13.262343">
                <ele>675.8656</ele>
            </trkpt>
            <trkpt lat="46.901932" lon="13.261881">
                <ele>668.60332</ele>
            </trkpt>
            <trkpt lat="46.901508" lon="13.262154">
                <ele>668.42669</ele>
            </trkpt>
            <trkpt lat="46.901059" lon="13.261866">
                <ele>659.83128</ele>
            </trkpt>
            <trkpt lat="46.900541" lon="13.261329">
                <ele>649.60407</ele>
            </trkpt>
            <trkpt lat="46.899961" lon="13.260003">
                <ele>641.58207</ele>
            </trkpt>
            <trkpt lat="46.899722" lon="13.260024">
                <ele>641.26896</ele>
            </trkpt>
            <trkpt lat="46.899646" lon="13.259553">
                <ele>640.7468</ele>
            </trkpt>
            <trkpt lat="46.898442" lon="13.259914">
                <ele>641.24369</ele>
            </trkpt>
            <trkpt lat="46.897971" lon="13.259422">
                <ele>648.84324</ele>
            </trkpt>
            <trkpt lat="46.897012" lon="13.259519">
                <ele>650.86386</ele>
            </trkpt>
            <trkpt lat="46.896352" lon="13.258521">
                <ele>662.42285</ele>
            </trkpt>
            <trkpt lat="46.895851" lon="13.259049">
                <ele>658.65261</ele>
            </trkpt>
            <trkpt lat="46.893688" lon="13.259507">
                <ele>651.65719</ele>
            </trkpt>
            <trkpt lat="46.892813" lon="13.258663">
                <ele>650.8944</ele>
            </trkpt>
            <trkpt lat="46.892066" lon="13.25898">
                <ele>649.05115</ele>
            </trkpt>
            <trkpt lat="46.890763" lon="13.2602">
                <ele>647.11973</ele>
            </trkpt>
            <trkpt lat="46.889141" lon="13.262786">
                <ele>651.42393</ele>
            </trkpt>
            <trkpt lat="46.888974" lon="13.262552">
                <ele>653.06792</ele>
            </trkpt>
            <trkpt lat="46.887477" lon="13.262929">
                <ele>662.87418</ele>
            </trkpt>
            <trkpt lat="46.886553" lon="13.263628">
                <ele>664.5153</ele>
            </trkpt>
            <trkpt lat="46.886012" lon="13.264608">
                <ele>665.77269</ele>
            </trkpt>
            <trkpt lat="46.884596" lon="13.266136">
                <ele>669.28887</ele>
            </trkpt>
            <trkpt lat="46.884374" lon="13.267523">
                <ele>667.04913</ele>
            </trkpt>
            <trkpt lat="46.883757" lon="13.268297">
                <ele>660.97613</ele>
            </trkpt>
            <trkpt lat="46.882685" lon="13.271508">
                <ele>645.02445</ele>
            </trkpt>
            <trkpt lat="46.882154" lon="13.272261">
                <ele>642.16708</ele>
            </trkpt>
            <trkpt lat="46.881836" lon="13.27421">
                <ele>636.77294</ele>
            </trkpt>
            <trkpt lat="46.880516" lon="13.277297">
                <ele>631.04613</ele>
            </trkpt>
            <trkpt lat="46.879161" lon="13.281277">
                <ele>628.7251</ele>
            </trkpt>
            <trkpt lat="46.879123" lon="13.285837">
                <ele>631.12211</ele>
            </trkpt>
            <trkpt lat="46.878413" lon="13.287728">
                <ele>624.03025</ele>
            </trkpt>
            <trkpt lat="46.878756" lon="13.289891">
                <ele>620.13949</ele>
            </trkpt>
            <trkpt lat="46.878512" lon="13.292692">
                <ele>620.48066</ele>
            </trkpt>
            <trkpt lat="46.878941" lon="13.293227">
                <ele>621.85184</ele>
            </trkpt>
            <trkpt lat="46.877681" lon="13.295239">
                <ele>631.83383</ele>
            </trkpt>
            <trkpt lat="46.877563" lon="13.296518">
                <ele>632.3923</ele>
            </trkpt>
            <trkpt lat="46.876493" lon="13.298991">
                <ele>622.31066</ele>
            </trkpt>
            <trkpt lat="46.876417" lon="13.300348">
                <ele>621.88551</ele>
            </trkpt>
            <trkpt lat="46.875825" lon="13.301603">
                <ele>615.72685</ele>
            </trkpt>
            <trkpt lat="46.875127" lon="13.302373">
                <ele>611.09994</ele>
            </trkpt>
            <trkpt lat="46.874725" lon="13.304253">
                <ele>609.46769</ele>
            </trkpt>
            <trkpt lat="46.875122" lon="13.304742">
                <ele>613.09311</ele>
            </trkpt>
            <trkpt lat="46.874726" lon="13.305877">
                <ele>610.25304</ele>
            </trkpt>
            <trkpt lat="46.873985" lon="13.305661">
                <ele>609.76919</ele>
            </trkpt>
            <trkpt lat="46.873466" lon="13.306367">
                <ele>607.50126</ele>
            </trkpt>
            <trkpt lat="46.872437" lon="13.308941">
                <ele>605.92753</ele>
            </trkpt>
            <trkpt lat="46.872123" lon="13.310417">
                <ele>604.18451</ele>
            </trkpt>
            <trkpt lat="46.871106" lon="13.312754">
                <ele>603.01595</ele>
            </trkpt>
            <trkpt lat="46.870563" lon="13.313663">
                <ele>602.56997</ele>
            </trkpt>
            <trkpt lat="46.869491" lon="13.314634">
                <ele>601.95442</ele>
            </trkpt>
            <trkpt lat="46.870064" lon="13.315834">
                <ele>601.11926</ele>
            </trkpt>
            <trkpt lat="46.87021" lon="13.317866">
                <ele>599.67615</ele>
            </trkpt>
            <trkpt lat="46.869497" lon="13.320431">
                <ele>599.29845</ele>
            </trkpt>
            <trkpt lat="46.869179" lon="13.32082">
                <ele>599.23669</ele>
            </trkpt>
            <trkpt lat="46.86821" lon="13.321004">
                <ele>599.4198</ele>
            </trkpt>
            <trkpt lat="46.868292" lon="13.324221">
                <ele>597.51674</ele>
            </trkpt>
            <trkpt lat="46.868129" lon="13.326092">
                <ele>598.27899</ele>
            </trkpt>
            <trkpt lat="46.867371" lon="13.330051">
                <ele>598.21472</ele>
            </trkpt>
            <trkpt lat="46.865989" lon="13.33226">
                <ele>598.11844</ele>
            </trkpt>
            <trkpt lat="46.865401" lon="13.332834">
                <ele>599.71004</ele>
            </trkpt>
            <trkpt lat="46.864529" lon="13.334512">
                <ele>599.96827</ele>
            </trkpt>
            <trkpt lat="46.862593" lon="13.333908">
                <ele>607.54207</ele>
            </trkpt>
            <trkpt lat="46.859633" lon="13.333788">
                <ele>611.19725</ele>
            </trkpt>
            <trkpt lat="46.858743" lon="13.334172">
                <ele>601.70219</ele>
            </trkpt>
            <trkpt lat="46.858587" lon="13.334901">
                <ele>600.6941</ele>
            </trkpt>
            <trkpt lat="46.858036" lon="13.335006">
                <ele>598.04407</ele>
            </trkpt>
            <trkpt lat="46.857445" lon="13.335534">
                <ele>588.66108</ele>
            </trkpt>
            <trkpt lat="46.856841" lon="13.336666">
                <ele>582.97563</ele>
            </trkpt>
            <trkpt lat="46.856422" lon="13.338409">
                <ele>583.51986</ele>
            </trkpt>
            <trkpt lat="46.856455" lon="13.341622">
                <ele>579.66705</ele>
            </trkpt>
            <trkpt lat="46.855826" lon="13.343331">
                <ele>580.63037</ele>
            </trkpt>
            <trkpt lat="46.856855" lon="13.344066">
                <ele>583.9589</ele>
            </trkpt>
            <trkpt lat="46.856432" lon="13.345273">
                <ele>581.94923</ele>
            </trkpt>
            <trkpt lat="46.856305" lon="13.346469">
                <ele>585.48132</ele>
            </trkpt>
            <trkpt lat="46.85627" lon="13.349517">
                <ele>590.78589</ele>
            </trkpt>
            <trkpt lat="46.856482" lon="13.350735">
                <ele>593.21628</ele>
            </trkpt>
            <trkpt lat="46.854171" lon="13.351183">
                <ele>578.80695</ele>
            </trkpt>
            <trkpt lat="46.85346" lon="13.351027">
                <ele>574.69736</ele>
            </trkpt>
            <trkpt lat="46.852728" lon="13.351278">
                <ele>572.65072</ele>
            </trkpt>
            <trkpt lat="46.851257" lon="13.352685">
                <ele>570.89878</ele>
            </trkpt>
            <trkpt lat="46.850633" lon="13.35265">
                <ele>570.29272</ele>
            </trkpt>
            <trkpt lat="46.850077" lon="13.353386">
                <ele>569.9138</ele>
            </trkpt>
            <trkpt lat="46.848704" lon="13.356521">
                <ele>567.50294</ele>
            </trkpt>
            <trkpt lat="46.846301" lon="13.358684">
                <ele>566.13663</ele>
            </trkpt>
            <trkpt lat="46.844079" lon="13.362251">
                <ele>565.14818</ele>
            </trkpt>
            <trkpt lat="46.843427" lon="13.363798">
                <ele>562.83997</ele>
            </trkpt>
            <trkpt lat="46.842799" lon="13.36464">
                <ele>563.13483</ele>
            </trkpt>
            <trkpt lat="46.842125" lon="13.367185">
                <ele>562.75631</ele>
            </trkpt>
            <trkpt lat="46.840975" lon="13.367459">
                <ele>562.38066</ele>
            </trkpt>
            <trkpt lat="46.837797" lon="13.369628">
                <ele>559.40361</ele>
            </trkpt>
            <trkpt lat="46.836824" lon="13.368943">
                <ele>559.86761</ele>
            </trkpt>
            <trkpt lat="46.836311" lon="13.369965">
                <ele>558.98924</ele>
            </trkpt>
            <trkpt lat="46.835909" lon="13.370268">
                <ele>558.75825</ele>
            </trkpt>
            <trkpt lat="46.833806" lon="13.369919">
                <ele>557.80566</ele>
            </trkpt>
            <trkpt lat="46.832191" lon="13.369136">
                <ele>556.89426</ele>
            </trkpt>
            <trkpt lat="46.831256" lon="13.368369">
                <ele>556.81702</ele>
            </trkpt>
            <trkpt lat="46.830906" lon="13.370623">
                <ele>555.5003</ele>
            </trkpt>
            <trkpt lat="46.830873" lon="13.374426">
                <ele>555.15674</ele>
            </trkpt>
            <trkpt lat="46.831935" lon="13.379428">
                <ele>556.73136</ele>
            </trkpt>
            <trkpt lat="46.831558" lon="13.380085">
                <ele>555.22243</ele>
            </trkpt>
            <trkpt lat="46.830528" lon="13.381029">
                <ele>555.22647</ele>
            </trkpt>
            <trkpt lat="46.830384" lon="13.381889">
                <ele>554.08629</ele>
            </trkpt>
            <trkpt lat="46.828556" lon="13.384609">
                <ele>552.45583</ele>
            </trkpt>
            <trkpt lat="46.827633" lon="13.388041">
                <ele>551.90683</ele>
            </trkpt>
            <trkpt lat="46.827375" lon="13.392981">
                <ele>552.08036</ele>
            </trkpt>
            <trkpt lat="46.826917" lon="13.395379">
                <ele>551.44424</ele>
            </trkpt>
            <trkpt lat="46.825792" lon="13.399172">
                <ele>550.66264</ele>
            </trkpt>
            <trkpt lat="46.824578" lon="13.404417">
                <ele>548.43203</ele>
            </trkpt>
            <trkpt lat="46.823954" lon="13.404251">
                <ele>548.60625</ele>
            </trkpt>
            <trkpt lat="46.822849" lon="13.408788">
                <ele>548.10203</ele>
            </trkpt>
            <trkpt lat="46.826421" lon="13.410533">
                <ele>546.97843</ele>
            </trkpt>
            <trkpt lat="46.825534" lon="13.415588">
                <ele>545.78306</ele>
            </trkpt>
            <trkpt lat="46.824007" lon="13.419462">
                <ele>545.59816</ele>
            </trkpt>
            <trkpt lat="46.826286" lon="13.420815">
                <ele>546.06326</ele>
            </trkpt>
            <trkpt lat="46.827404" lon="13.421074">
                <ele>548.13009</ele>
            </trkpt>
            <trkpt lat="46.829905" lon="13.423288">
                <ele>554.83057</ele>
            </trkpt>
            <trkpt lat="46.82991" lon="13.423981">
                <ele>554.43274</ele>
            </trkpt>
            <trkpt lat="46.83102" lon="13.424368">
                <ele>558.63651</ele>
            </trkpt>
            <trkpt lat="46.830106" lon="13.430146">
                <ele>566.87005</ele>
            </trkpt>
            <trkpt lat="46.830114" lon="13.43185">
                <ele>568.84072</ele>
            </trkpt>
            <trkpt lat="46.830807" lon="13.435379">
                <ele>572.67333</ele>
            </trkpt>
            <trkpt lat="46.831521" lon="13.440817">
                <ele>577.23635</ele>
            </trkpt>
            <trkpt lat="46.831121" lon="13.443086">
                <ele>577.15445</ele>
            </trkpt>
            <trkpt lat="46.831009" lon="13.445513">
                <ele>579.4463</ele>
            </trkpt>
            <trkpt lat="46.828675" lon="13.445948">
                <ele>570.18193</ele>
            </trkpt>
            <trkpt lat="46.826519" lon="13.444518">
                <ele>565.71972</ele>
            </trkpt>
            <trkpt lat="46.823699" lon="13.443829">
                <ele>560.74665</ele>
            </trkpt>
            <trkpt lat="46.823281" lon="13.444484">
                <ele>559.5754</ele>
            </trkpt>
            <trkpt lat="46.822758" lon="13.446846">
                <ele>558.17392</ele>
            </trkpt>
            <trkpt lat="46.823245" lon="13.448256">
                <ele>558.60379</ele>
            </trkpt>
            <trkpt lat="46.823406" lon="13.448776">
                <ele>557.05912</ele>
            </trkpt>
            <trkpt lat="46.822468" lon="13.450448">
                <ele>555.44269</ele>
            </trkpt>
            <trkpt lat="46.821132" lon="13.452013">
                <ele>551.25988</ele>
            </trkpt>
            <trkpt lat="46.819863" lon="13.453267">
                <ele>549.07645</ele>
            </trkpt>
            <trkpt lat="46.817246" lon="13.454979">
                <ele>548.6644</ele>
            </trkpt>
            <trkpt lat="46.81557" lon="13.45704">
                <ele>553.96573</ele>
            </trkpt>
            <trkpt lat="46.814112" lon="13.463356">
                <ele>566.45029</ele>
            </trkpt>
            <trkpt lat="46.812988" lon="13.466236">
                <ele>564.92629</ele>
            </trkpt>
            <trkpt lat="46.810324" lon="13.47086">
                <ele>561.05793</ele>
            </trkpt>
            <trkpt lat="46.808851" lon="13.475626">
                <ele>555.62831</ele>
            </trkpt>
            <trkpt lat="46.807767" lon="13.477119">
                <ele>547.78352</ele>
            </trkpt>
            <trkpt lat="46.806829" lon="13.479908">
                <ele>547.54309</ele>
            </trkpt>
            <trkpt lat="46.806052" lon="13.479886">
                <ele>537.49657</ele>
            </trkpt>
            <trkpt lat="46.803487" lon="13.482961">
                <ele>537.27672</ele>
            </trkpt>
            <trkpt lat="46.800637" lon="13.484868">
                <ele>538.43145</ele>
            </trkpt>
            <trkpt lat="46.800751" lon="13.485634">
                <ele>540.71874</ele>
            </trkpt>
            <trkpt lat="46.800533" lon="13.48635">
                <ele>543.67063</ele>
            </trkpt>
            <trkpt lat="46.798127" lon="13.488117">
                <ele>550.31124</ele>
            </trkpt>
            <trkpt lat="46.797932" lon="13.488951">
                <ele>551.27671</ele>
            </trkpt>
            <trkpt lat="46.79807" lon="13.489696">
                <ele>551.85329</ele>
            </trkpt>
            <trkpt lat="46.797219" lon="13.490936">
                <ele>552.33917</ele>
            </trkpt>
            <trkpt lat="46.796501" lon="13.490181">
                <ele>549.98159</ele>
            </trkpt>
            <trkpt lat="46.795819" lon="13.488716">
                <ele>544.52786</ele>
            </trkpt>
            <trkpt lat="46.793291" lon="13.490531">
                <ele>545.59396</ele>
            </trkpt>
            <trkpt lat="46.79342" lon="13.490425">
                <ele>545.09623</ele>
            </trkpt>
        <trkpt lat="46.79407" lon="13.490066">
                <ele>545.93257</ele>
            </trkpt>
            <trkpt lat="46.793291" lon="13.490531">
                <ele>545.93257</ele>
            </trkpt>
            <trkpt lat="46.79342" lon="13.490425">
                <ele>545.93257</ele>
            </trkpt>
            <trkpt lat="46.792486" lon="13.490846">
                <ele>546.74564</ele>
            </trkpt>
            <trkpt lat="46.792291" lon="13.491462">
                <ele>546.74564</ele>
            </trkpt>
            <trkpt lat="46.792158" lon="13.493052">
                <ele>548.40848</ele>
            </trkpt>
            <trkpt lat="46.792226" lon="13.496156">
                <ele>547.03639</ele>
            </trkpt>
            <trkpt lat="46.792285" lon="13.497376">
                <ele>545.80852</ele>
            </trkpt>
            <trkpt lat="46.792267" lon="13.497353">
                <ele>545.80188</ele>
            </trkpt>
            <trkpt lat="46.792051" lon="13.497408">
                <ele>545.05753</ele>
            </trkpt>
            <trkpt lat="46.792065" lon="13.497383">
                <ele>544.36649</ele>
            </trkpt>
            <trkpt lat="46.792107" lon="13.4979">
                <ele>544.36649</ele>
            </trkpt>
            <trkpt lat="46.792123" lon="13.500088">
                <ele>546.47193</ele>
            </trkpt>
            <trkpt lat="46.792022" lon="13.500668">
                <ele>546.91405</ele>
            </trkpt>
            <trkpt lat="46.791803" lon="13.501539">
                <ele>545.93021</ele>
            </trkpt>
            <trkpt lat="46.791612" lon="13.502139">
                <ele>547.59303</ele>
            </trkpt>
            <trkpt lat="46.791416" lon="13.502089">
                <ele>547.59303</ele>
            </trkpt>
            <trkpt lat="46.790929" lon="13.503872">
                <ele>549.25775</ele>
            </trkpt>
            <trkpt lat="46.790178" lon="13.50548">
                <ele>547.21575</ele>
            </trkpt>
            <trkpt lat="46.789727" lon="13.506887">
                <ele>545.02599</ele>
            </trkpt>
            <trkpt lat="46.788976" lon="13.508633">
                <ele>543.92212</ele>
            </trkpt>
            <trkpt lat="46.78803" lon="13.507771">
                <ele>541.84739</ele>
            </trkpt>
            <trkpt lat="46.787824" lon="13.507623">
                <ele>541.44941</ele>
            </trkpt>
            <trkpt lat="46.787189" lon="13.508936">
                <ele>541.93524</ele>
            </trkpt>
            <trkpt lat="46.786503" lon="13.509944">
                <ele>541.93524</ele>
            </trkpt>
            <trkpt lat="46.785349" lon="13.51279">
                <ele>539.96881</ele>
            </trkpt>
            <trkpt lat="46.785151" lon="13.513441">
                <ele>539.96881</ele>
            </trkpt>
            <trkpt lat="46.785074" lon="13.514168">
                <ele>539.96881</ele>
            </trkpt>
            <trkpt lat="46.784802" lon="13.514824">
                <ele>538.53315</ele>
            </trkpt>
            <trkpt lat="46.784015" lon="13.516304">
                <ele>537.73006</ele>
            </trkpt>
            <trkpt lat="46.783107" lon="13.518365">
                <ele>534.97596</ele>
            </trkpt>
            <trkpt lat="46.782072" lon="13.519619">
                <ele>534.29826</ele>
            </trkpt>
            <trkpt lat="46.781723" lon="13.52029">
                <ele>534.29826</ele>
            </trkpt>
            <trkpt lat="46.781139" lon="13.521861">
                <ele>533.34473</ele>
            </trkpt>
            <trkpt lat="46.780327" lon="13.523817">
                <ele>531.22055</ele>
            </trkpt>
            <trkpt lat="46.780186" lon="13.524425">
                <ele>530.01002</ele>
            </trkpt>
            <trkpt lat="46.78003" lon="13.526109">
                <ele>528.17669</ele>
            </trkpt>
            <trkpt lat="46.779018" lon="13.528464">
                <ele>528.85189</ele>
            </trkpt>
            <trkpt lat="46.778391" lon="13.52975">
                <ele>529.05505</ele>
            </trkpt>
            <trkpt lat="46.777898" lon="13.529059">
                <ele>526.70139</ele>
            </trkpt>
            <trkpt lat="46.777346" lon="13.528117">
                <ele>525.93045</ele>
            </trkpt>
            <trkpt lat="46.776604" lon="13.529948">
                <ele>525.11252</ele>
            </trkpt>
            <trkpt lat="46.776007" lon="13.530896">
                <ele>526.69046</ele>
            </trkpt>
            <trkpt lat="46.775691" lon="13.532087">
                <ele>526.77901</ele>
            </trkpt>
            <trkpt lat="46.77502" lon="13.534108">
                <ele>528.5664</ele>
            </trkpt>
            <trkpt lat="46.774841" lon="13.534782">
                <ele>527.75599</ele>
            </trkpt>
            <trkpt lat="46.774539" lon="13.535627">
                <ele>525.77672</ele>
            </trkpt>
            <trkpt lat="46.77425" lon="13.536031">
                <ele>525.49464</ele>
            </trkpt>
            <trkpt lat="46.774171" lon="13.536939">
                <ele>525.96874</ele>
            </trkpt>
            <trkpt lat="46.774654" lon="13.538182">
                <ele>525.58358</ele>
            </trkpt>
            <trkpt lat="46.774911" lon="13.538894">
                <ele>525.19405</ele>
            </trkpt>
            <trkpt lat="46.775118" lon="13.539765">
                <ele>524.52984</ele>
            </trkpt>
            <trkpt lat="46.775151" lon="13.540577">
                <ele>523.75057</ele>
            </trkpt>
            <trkpt lat="46.775016" lon="13.541406">
                <ele>523.98348</ele>
            </trkpt>
            <trkpt lat="46.774367" lon="13.542433">
                <ele>523.83289</ele>
            </trkpt>
            <trkpt lat="46.774245" lon="13.543213">
                <ele>523.872</ele>
            </trkpt>
            <trkpt lat="46.774307" lon="13.544345">
                <ele>523.62522</ele>
            </trkpt>
            <trkpt lat="46.774299" lon="13.545064">
                <ele>524.46582</ele>
            </trkpt>
            <trkpt lat="46.774042" lon="13.545765">
                <ele>524.46582</ele>
            </trkpt>
            <trkpt lat="46.773206" lon="13.547735">
                <ele>525.38909</ele>
            </trkpt>
            <trkpt lat="46.771561" lon="13.551924">
                <ele>525.58318</ele>
            </trkpt>
            <trkpt lat="46.771534" lon="13.551931">
                <ele>525.58318</ele>
            </trkpt>
            <trkpt lat="46.770981" lon="13.55345">
                <ele>526.64725</ele>
            </trkpt>
            <trkpt lat="46.770876" lon="13.553649">
                <ele>526.64725</ele>
            </trkpt>
            <trkpt lat="46.767562" lon="13.557161">
                <ele>523.82357</ele>
            </trkpt>
            <trkpt lat="46.76647" lon="13.558479">
                <ele>523.32838</ele>
            </trkpt>
            <trkpt lat="46.765393" lon="13.559742">
                <ele>523.32838</ele>
            </trkpt>
            <trkpt lat="46.764738" lon="13.560422">
                <ele>522.39936</ele>
            </trkpt>
            <trkpt lat="46.763668" lon="13.561746">
                <ele>520.67439</ele>
            </trkpt>
            <trkpt lat="46.762457" lon="13.563133">
                <ele>522.00866</ele>
            </trkpt>
            <trkpt lat="46.760734" lon="13.564831">
                <ele>522.00866</ele>
            </trkpt>
            <trkpt lat="46.758299" lon="13.56672">
                <ele>519.10052</ele>
            </trkpt>
            <trkpt lat="46.756093" lon="13.568534">
                <ele>520.31869</ele>
            </trkpt>
            <trkpt lat="46.755214" lon="13.569364">
                <ele>523.81649</ele>
            </trkpt>
            <trkpt lat="46.754529" lon="13.570174">
                <ele>523.81649</ele>
            </trkpt>
            <trkpt lat="46.754396" lon="13.570954">
                <ele>522.66562</ele>
            </trkpt>
            <trkpt lat="46.754303" lon="13.571157">
                <ele>521.81663</ele>
            </trkpt>
            <trkpt lat="46.753856" lon="13.571559">
                <ele>521.7484</ele>
            </trkpt>
            <trkpt lat="46.753251" lon="13.572162">
                <ele>522.06831</ele>
            </trkpt>
            <trkpt lat="46.752306" lon="13.573681">
                <ele>524.17179</ele>
            </trkpt>
            <trkpt lat="46.751357" lon="13.574921">
                <ele>523.27029</ele>
            </trkpt>
            <trkpt lat="46.749679" lon="13.576222">
                <ele>521.37217</ele>
            </trkpt>
            <trkpt lat="46.748162" lon="13.579999">
                <ele>518.10454</ele>
            </trkpt>
            <trkpt lat="46.746633" lon="13.58349">
                <ele>518.77533</ele>
            </trkpt>
            <trkpt lat="46.745965" lon="13.584404">
                <ele>518.77533</ele>
            </trkpt>
            <trkpt lat="46.745231" lon="13.585849">
                <ele>517.94551</ele>
            </trkpt>
            <trkpt lat="46.745006" lon="13.586562">
                <ele>517.88635</ele>
            </trkpt>
            <trkpt lat="46.744996" lon="13.586518">
                <ele>517.88635</ele>
            </trkpt>
            <trkpt lat="46.744673" lon="13.587917">
                <ele>514.25696</ele>
            </trkpt>
            <trkpt lat="46.744676" lon="13.587965">
                <ele>513.99139</ele>
            </trkpt>
            <trkpt lat="46.744588" lon="13.588527">
                <ele>513.99139</ele>
            </trkpt>
            <trkpt lat="46.744182" lon="13.589721">
                <ele>515.82702</ele>
            </trkpt>
            <trkpt lat="46.743708" lon="13.592242">
                <ele>515.88906</ele>
            </trkpt>
            <trkpt lat="46.743192" lon="13.595338">
                <ele>516.65157</ele>
            </trkpt>
            <trkpt lat="46.742978" lon="13.596957">
                <ele>517.48443</ele>
            </trkpt>
            <trkpt lat="46.742929" lon="13.598482">
                <ele>516.42765</ele>
            </trkpt>
            <trkpt lat="46.743212" lon="13.600016">
                <ele>515.12497</ele>
            </trkpt>
            <trkpt lat="46.743386" lon="13.60053">
                <ele>515.12497</ele>
            </trkpt>
            <trkpt lat="46.743619" lon="13.601565">
                <ele>515.16394</ele>
            </trkpt>
            <trkpt lat="46.743612" lon="13.601621">
                <ele>515.2627</ele>
            </trkpt>
            <trkpt lat="46.743752" lon="13.602662">
                <ele>516.5249</ele>
            </trkpt>
            <trkpt lat="46.743769" lon="13.604241">
                <ele>516.5249</ele>
            </trkpt>
            <trkpt lat="46.743621" lon="13.605567">
                <ele>515.96463</ele>
            </trkpt>
            <trkpt lat="46.743398" lon="13.606815">
                <ele>516.77248</ele>
            </trkpt>
            <trkpt lat="46.743047" lon="13.608088">
                <ele>516.77248</ele>
            </trkpt>
            <trkpt lat="46.742588" lon="13.608961">
                <ele>517.73406</ele>
            </trkpt>
            <trkpt lat="46.741963" lon="13.609776">
                <ele>516.54998</ele>
            </trkpt>
            <trkpt lat="46.740952" lon="13.610691">
                <ele>516.34388</ele>
            </trkpt>
            <trkpt lat="46.738789" lon="13.61241">
                <ele>516.09726</ele>
            </trkpt>
            <trkpt lat="46.737895" lon="13.613392">
                <ele>516.07893</ele>
            </trkpt>
            <trkpt lat="46.737208" lon="13.614391">
                <ele>516.07893</ele>
            </trkpt>
            <trkpt lat="46.736853" lon="13.615069">
                <ele>515.55697</ele>
            </trkpt>
            <trkpt lat="46.736796" lon="13.615083">
                <ele>515.37812</ele>
            </trkpt>
            <trkpt lat="46.736474" lon="13.616154">
                <ele>515.37812</ele>
            </trkpt>
            <trkpt lat="46.736107" lon="13.617996">
                <ele>517.71454</ele>
            </trkpt>
            <trkpt lat="46.735818" lon="13.61913">
                <ele>517.90461</ele>
            </trkpt>
            <trkpt lat="46.735524" lon="13.619514">
                <ele>517.90461</ele>
            </trkpt>
            <trkpt lat="46.735451" lon="13.62008">
                <ele>517.72775</ele>
            </trkpt>
            <trkpt lat="46.734791" lon="13.621096">
                <ele>516.09381</ele>
            </trkpt>
            <trkpt lat="46.733416" lon="13.622821">
                <ele>516.42298</ele>
            </trkpt>
            <trkpt lat="46.730409" lon="13.626466">
                <ele>516.42298</ele>
            </trkpt>
            <trkpt lat="46.728229" lon="13.629001">
                <ele>515.8384</ele>
            </trkpt>
            <trkpt lat="46.72665" lon="13.631083">
                <ele>515.8384</ele>
            </trkpt>
            <trkpt lat="46.72505" lon="13.633588">
                <ele>514.40219</ele>
            </trkpt>
            <trkpt lat="46.72362" lon="13.636373">
                <ele>513.88122</ele>
            </trkpt>
            <trkpt lat="46.722913" lon="13.638014">
                <ele>512.54594</ele>
            </trkpt>
            <trkpt lat="46.722633" lon="13.638893">
                <ele>513.30569</ele>
            </trkpt>
            <trkpt lat="46.72237" lon="13.639905">
                <ele>515.01213</ele>
            </trkpt>
            <trkpt lat="46.72218" lon="13.641264">
                <ele>514.99589</ele>
            </trkpt>
            <trkpt lat="46.72196" lon="13.642642">
                <ele>512.99394</ele>
            </trkpt>
            <trkpt lat="46.72174" lon="13.644347">
                <ele>509.86532</ele>
            </trkpt>
            <trkpt lat="46.721698" lon="13.644911">
                <ele>509.9988</ele>
            </trkpt>
            <trkpt lat="46.721653" lon="13.645279">
                <ele>510.23916</ele>
            </trkpt>
            <trkpt lat="46.721604" lon="13.645514">
                <ele>510.49983</ele>
            </trkpt>
            <trkpt lat="46.721412" lon="13.645488">
                <ele>510.49983</ele>
            </trkpt>
            <trkpt lat="46.720521" lon="13.645234">
                <ele>512.0208</ele>
            </trkpt>
            <trkpt lat="46.72049" lon="13.645064">
                <ele>512.19851</ele>
            </trkpt>
            <trkpt lat="46.720356" lon="13.644766">
                <ele>513.22459</ele>
            </trkpt>
            <trkpt lat="46.720341" lon="13.644534">
                <ele>513.22459</ele>
            </trkpt>
            <trkpt lat="46.720204" lon="13.644403">
                <ele>513.47868</ele>
            </trkpt>
            <trkpt lat="46.720031" lon="13.644552">
                <ele>514.08885</ele>
            </trkpt>
            <trkpt lat="46.720024" lon="13.644534">
                <ele>514.08885</ele>
            </trkpt>
            <trkpt lat="46.71956" lon="13.645014">
                <ele>512.69946</ele>
            </trkpt>
            <trkpt lat="46.719594" lon="13.645063">
                <ele>512.34299</ele>
            </trkpt>
            <trkpt lat="46.719671" lon="13.645367">
                <ele>512.34299</ele>
            </trkpt>
            <trkpt lat="46.720129" lon="13.645845">
                <ele>512.1491</ele>
            </trkpt>
            <trkpt lat="46.719924" lon="13.647745">
                <ele>509.62316</ele>
            </trkpt>
            <trkpt lat="46.719853" lon="13.64871">
                <ele>511.64312</ele>
            </trkpt>
            <trkpt lat="46.719611" lon="13.649872">
                <ele>512.44246</ele>
            </trkpt>
            <trkpt lat="46.719388" lon="13.650766">
                <ele>511.57744</ele>
            </trkpt>
            <trkpt lat="46.719083" lon="13.651546">
                <ele>510.29078</ele>
            </trkpt>
            <trkpt lat="46.718609" lon="13.652534">
                <ele>508.27159</ele>
            </trkpt>
            <trkpt lat="46.717611" lon="13.654317">
                <ele>511.14778</ele>
            </trkpt>
            <trkpt lat="46.716929" lon="13.655675">
                <ele>511.06247</ele>
            </trkpt>
            <trkpt lat="46.716146" lon="13.657788">
                <ele>509.79879</ele>
            </trkpt>
            <trkpt lat="46.714294" lon="13.661534">
                <ele>508.00446</ele>
            </trkpt>
            <trkpt lat="46.712504" lon="13.663973">
                <ele>509.87883</ele>
            </trkpt>
            <trkpt lat="46.711196" lon="13.665529">
                <ele>508.85516</ele>
            </trkpt>
            <trkpt lat="46.711022" lon="13.665703">
                <ele>508.85723</ele>
            </trkpt>
            <trkpt lat="46.710897" lon="13.665536">
                <ele>509.10613</ele>
            </trkpt>
            <trkpt lat="46.709708" lon="13.666291">
                <ele>513.3137</ele>
            </trkpt>
            <trkpt lat="46.709751" lon="13.667143">
                <ele>512.27691</ele>
            </trkpt>
            <trkpt lat="46.709683" lon="13.667779">
                <ele>511.23378</ele>
            </trkpt>
            <trkpt lat="46.708757" lon="13.670305">
                <ele>511.23378</ele>
            </trkpt>
            <trkpt lat="46.708071" lon="13.671041">
                <ele>509.61361</ele>
            </trkpt>
            <trkpt lat="46.70777" lon="13.671272">
                <ele>510.99492</ele>
            </trkpt>
            <trkpt lat="46.706243" lon="13.672978">
                <ele>511.38692</ele>
            </trkpt>
            <trkpt lat="46.704618" lon="13.674996">
                <ele>511.94549</ele>
            </trkpt>
            <trkpt lat="46.702861" lon="13.677356">
                <ele>513.48391</ele>
            </trkpt>
            <trkpt lat="46.701918" lon="13.678743">
                <ele>512.3606</ele>
            </trkpt>
            <trkpt lat="46.700527" lon="13.680433">
                <ele>510.60044</ele>
            </trkpt>
            <trkpt lat="46.699836" lon="13.681088">
                <ele>509.5419</ele>
            </trkpt>
            <trkpt lat="46.699862" lon="13.681087">
                <ele>509.46147</ele>
            </trkpt>
            <trkpt lat="46.699157" lon="13.681684">
                <ele>508.40691</ele>
            </trkpt>
            <trkpt lat="46.697081" lon="13.682105">
                <ele>510.40028</ele>
            </trkpt>
            <trkpt lat="46.696135" lon="13.682736">
                <ele>510.40028</ele>
            </trkpt>
            <trkpt lat="46.695084" lon="13.684047">
                <ele>511.18706</ele>
            </trkpt>
            <trkpt lat="46.694218" lon="13.686183">
                <ele>513.52882</ele>
            </trkpt>
            <trkpt lat="46.694028" lon="13.687677">
                <ele>512.30078</ele>
            </trkpt>
            <trkpt lat="46.694099" lon="13.68887">
                <ele>512.30078</ele>
            </trkpt>
            <trkpt lat="46.694329" lon="13.690333">
                <ele>511.74432</ele>
            </trkpt>
            <trkpt lat="46.694718" lon="13.691629">
                <ele>510.61487</ele>
            </trkpt>
            <trkpt lat="46.695424" lon="13.693117">
                <ele>510.85344</ele>
            </trkpt>
            <trkpt lat="46.695709" lon="13.694321">
                <ele>511.85865</ele>
            </trkpt>
            <trkpt lat="46.695767" lon="13.695243">
                <ele>510.72153</ele>
            </trkpt>
            <trkpt lat="46.695544" lon="13.696577">
                <ele>507.79633</ele>
            </trkpt>
            <trkpt lat="46.695201" lon="13.697269">
                <ele>506.75849</ele>
            </trkpt>
            <trkpt lat="46.694515" lon="13.69855">
                <ele>506.85271</ele>
            </trkpt>
            <trkpt lat="46.693205" lon="13.699585">
                <ele>506.95185</ele>
            </trkpt>
            <trkpt lat="46.69173" lon="13.700357">
                <ele>506.43297</ele>
            </trkpt>
            <trkpt lat="46.690739" lon="13.700807">
                <ele>505.91442</ele>
            </trkpt>
            <trkpt lat="46.689163" lon="13.701">
                <ele>504.42752</ele>
            </trkpt>
            <trkpt lat="46.688201" lon="13.700933">
                <ele>504.77973</ele>
            </trkpt>
            <trkpt lat="46.687564" lon="13.700768">
                <ele>504.26015</ele>
            </trkpt>
            <trkpt lat="46.686964" lon="13.700663">
                <ele>504.52791</ele>
            </trkpt>
            <trkpt lat="46.685955" lon="13.700115">
                <ele>504.95295</ele>
            </trkpt>
            <trkpt lat="46.685564" lon="13.699774">
                <ele>504.82121</ele>
            </trkpt>
            <trkpt lat="46.684998" lon="13.699188">
                <ele>504.82121</ele>
            </trkpt>
            <trkpt lat="46.68442" lon="13.698651">
                <ele>504.20799</ele>
            </trkpt>
            <trkpt lat="46.683171" lon="13.697298">
                <ele>504.52243</ele>
            </trkpt>
            <trkpt lat="46.68266" lon="13.696983">
                <ele>504.79162</ele>
            </trkpt>
            <trkpt lat="46.682011" lon="13.696632">
                <ele>505.64297</ele>
            </trkpt>
            <trkpt lat="46.681454" lon="13.696826">
                <ele>508.95168</ele>
            </trkpt>
            <trkpt lat="46.681091" lon="13.69679">
                <ele>513.47342</ele>
            </trkpt>
            <trkpt lat="46.680768" lon="13.697075">
                <ele>514.64437</ele>
            </trkpt>
            <trkpt lat="46.680202" lon="13.697419">
                <ele>518.8358</ele>
            </trkpt>
            <trkpt lat="46.679091" lon="13.698313">
                <ele>519.22484</ele>
            </trkpt>
            <trkpt lat="46.677635" lon="13.699592">
                <ele>531.68726</ele>
            </trkpt>
            <trkpt lat="46.677112" lon="13.700567">
                <ele>532.68055</ele>
            </trkpt>
            <trkpt lat="46.676728" lon="13.701689">
                <ele>531.95506</ele>
            </trkpt>
            <trkpt lat="46.676275" lon="13.703186">
                <ele>526.42823</ele>
            </trkpt>
            <trkpt lat="46.676017" lon="13.704969">
                <ele>526.42823</ele>
            </trkpt>
            <trkpt lat="46.675934" lon="13.706187">
                <ele>517.83406</ele>
            </trkpt>
            <trkpt lat="46.675919" lon="13.706729">
                <ele>508.14815</ele>
            </trkpt>
            <trkpt lat="46.676055" lon="13.707667">
                <ele>504.97173</ele>
            </trkpt>
            <trkpt lat="46.676031" lon="13.708517">
                <ele>504.75783</ele>
            </trkpt>
            <trkpt lat="46.675941" lon="13.709337">
                <ele>504.459</ele>
            </trkpt>
            <trkpt lat="46.675735" lon="13.709846">
                <ele>504.57979</ele>
            </trkpt>
            <trkpt lat="46.675312" lon="13.710494">
                <ele>504.57979</ele>
            </trkpt>
            <trkpt lat="46.674438" lon="13.711476">
                <ele>504.1592</ele>
            </trkpt>
            <trkpt lat="46.674142" lon="13.711947">
                <ele>505.82723</ele>
            </trkpt>
            <trkpt lat="46.673361" lon="13.712863">
                <ele>515.11929</ele>
            </trkpt>
            <trkpt lat="46.672871" lon="13.713672">
                <ele>520.54225</ele>
            </trkpt>
            <trkpt lat="46.672069" lon="13.715984">
                <ele>520.54225</ele>
            </trkpt>
            <trkpt lat="46.671274" lon="13.718132">
                <ele>521.9249</ele>
            </trkpt>
            <trkpt lat="46.670113" lon="13.720948">
                <ele>521.9249</ele>
            </trkpt>
            <trkpt lat="46.669671" lon="13.722323">
                <ele>518.11927</ele>
            </trkpt>
            <trkpt lat="46.669289" lon="13.724425">
                <ele>511.05379</ele>
            </trkpt>
            <trkpt lat="46.66893" lon="13.724782">
                <ele>515.50433</ele>
            </trkpt>
            <trkpt lat="46.668617" lon="13.725953">
                <ele>518.26837</ele>
            </trkpt>
            <trkpt lat="46.668629" lon="13.727058">
                <ele>516.44215</ele>
            </trkpt>
            <trkpt lat="46.668593" lon="13.727666">
                <ele>516.44215</ele>
            </trkpt>
            <trkpt lat="46.668413" lon="13.728063">
                <ele>519.25348</ele>
            </trkpt>
            <trkpt lat="46.667772" lon="13.730757">
                <ele>519.25348</ele>
            </trkpt>
            <trkpt lat="46.667361" lon="13.732958">
                <ele>509.49049</ele>
            </trkpt>
            <trkpt lat="46.667185" lon="13.734824">
                <ele>500.53028</ele>
            </trkpt>
            <trkpt lat="46.667179" lon="13.736876">
                <ele>500.53028</ele>
            </trkpt>
            <trkpt lat="46.6673" lon="13.739728">
                <ele>497.70301</ele>
            </trkpt>
            <trkpt lat="46.666704" lon="13.745204">
                <ele>499.9914</ele>
            </trkpt>
            <trkpt lat="46.666441" lon="13.745971">
                <ele>499.75405</ele>
            </trkpt>
            <trkpt lat="46.666026" lon="13.746304">
                <ele>498.98158</ele>
            </trkpt>
            <trkpt lat="46.665699" lon="13.746412">
                <ele>498.86791</ele>
            </trkpt>
            <trkpt lat="46.663168" lon="13.747098">
                <ele>498.5331</ele>
            </trkpt>
            <trkpt lat="46.662119" lon="13.747634">
                <ele>512.08601</ele>
            </trkpt>
            <trkpt lat="46.661887" lon="13.748017">
                <ele>516.6646</ele>
            </trkpt>
            <trkpt lat="46.661709" lon="13.749256">
                <ele>516.6646</ele>
            </trkpt>
            <trkpt lat="46.661653" lon="13.750546">
                <ele>509.38959</ele>
            </trkpt>
            <trkpt lat="46.661614" lon="13.751098">
                <ele>505.45726</ele>
            </trkpt>
            <trkpt lat="46.661577" lon="13.750949">
                <ele>505.45726</ele>
            </trkpt>
            <trkpt lat="46.661433" lon="13.751916">
                <ele>498.424</ele>
            </trkpt>
            <trkpt lat="46.661547" lon="13.753844">
                <ele>496.45075</ele>
            </trkpt>
            <trkpt lat="46.661678" lon="13.75647">
                <ele>496.45075</ele>
            </trkpt>
            <trkpt lat="46.661766" lon="13.759988">
                <ele>498.47221</ele>
            </trkpt>
            <trkpt lat="46.661754" lon="13.761342">
                <ele>496.17091</ele>
            </trkpt>
            <trkpt lat="46.66172" lon="13.762797">
                <ele>498.99439</ele>
            </trkpt>
            <trkpt lat="46.661405" lon="13.763541">
                <ele>498.94641</ele>
            </trkpt>
            <trkpt lat="46.660904" lon="13.763966">
                <ele>498.83121</ele>
            </trkpt>
            <trkpt lat="46.659839" lon="13.763998">
                <ele>497.12097</ele>
            </trkpt>
            <trkpt lat="46.6577" lon="13.76401">
                <ele>496.16116</ele>
            </trkpt>
            <trkpt lat="46.657197" lon="13.763976">
                <ele>495.99157</ele>
            </trkpt>
            <trkpt lat="46.657182" lon="13.763951">
                <ele>495.99157</ele>
            </trkpt>
            <trkpt lat="46.656765" lon="13.763935">
                <ele>496.28297</ele>
            </trkpt>
            <trkpt lat="46.65681" lon="13.763914">
                <ele>496.28697</ele>
            </trkpt>
            <trkpt lat="46.656879" lon="13.76321">
                <ele>496.81052</ele>
            </trkpt>
            <trkpt lat="46.656966" lon="13.762761">
                <ele>497.54408</ele>
            </trkpt>
            <trkpt lat="46.657104" lon="13.762284">
                <ele>497.79908</ele>
            </trkpt>
            <trkpt lat="46.657235" lon="13.762382">
                <ele>497.72384</ele>
            </trkpt>
            <trkpt lat="46.657225" lon="13.762368">
                <ele>496.33341</ele>
            </trkpt>
            <trkpt lat="46.657102" lon="13.763112">
                <ele>496.33341</ele>
            </trkpt>
            <trkpt lat="46.657015" lon="13.764177">
                <ele>496.10431</ele>
            </trkpt>
            <trkpt lat="46.656859" lon="13.765571">
                <ele>496.35996</ele>
            </trkpt>
            <trkpt lat="46.656912" lon="13.766028">
                <ele>497.96391</ele>
            </trkpt>
            <trkpt lat="46.656907" lon="13.766091">
                <ele>498.00224</ele>
            </trkpt>
            <trkpt lat="46.656748" lon="13.766082">
                <ele>498.00224</ele>
            </trkpt>
            <trkpt lat="46.656628" lon="13.765511">
                <ele>495.98432</ele>
            </trkpt>
            <trkpt lat="46.655405" lon="13.76535">
                <ele>494.63703</ele>
            </trkpt>
            <trkpt lat="46.65439" lon="13.765426">
                <ele>498.21505</ele>
            </trkpt>
            <trkpt lat="46.65395" lon="13.765709">
                <ele>498.21505</ele>
            </trkpt>
            <trkpt lat="46.653537" lon="13.766149">
                <ele>496.10393</ele>
            </trkpt>
            <trkpt lat="46.653048" lon="13.766873">
                <ele>496.29904</ele>
            </trkpt>
            <trkpt lat="46.652323" lon="13.768784">
                <ele>496.29904</ele>
            </trkpt>
            <trkpt lat="46.651624" lon="13.77119">
                <ele>498.4459</ele>
            </trkpt>
            <trkpt lat="46.651051" lon="13.772778">
                <ele>497.96414</ele>
            </trkpt>
            <trkpt lat="46.65074" lon="13.773571">
                <ele>495.35759</ele>
            </trkpt>
            <trkpt lat="46.650242" lon="13.774661">
                <ele>494.57621</ele>
            </trkpt>
            <trkpt lat="46.650024" lon="13.775831">
                <ele>495.97222</ele>
            </trkpt>
            <trkpt lat="46.650064" lon="13.776551">
                <ele>497.6605</ele>
            </trkpt>
            <trkpt lat="46.650254" lon="13.777314">
                <ele>497.6605</ele>
            </trkpt>
            <trkpt lat="46.651908" lon="13.779349">
                <ele>497.42747</ele>
            </trkpt>
            <trkpt lat="46.652224" lon="13.779841">
                <ele>497.18382</ele>
            </trkpt>
            <trkpt lat="46.652638" lon="13.780818">
                <ele>501.05467</ele>
            </trkpt>
            <trkpt lat="46.652764" lon="13.782566">
                <ele>501.05467</ele>
            </trkpt>
            <trkpt lat="46.652389" lon="13.785043">
                <ele>499.82424</ele>
            </trkpt>
            <trkpt lat="46.651136" lon="13.789053">
                <ele>502.32282</ele>
            </trkpt>
            <trkpt lat="46.651034" lon="13.790386">
                <ele>506.58329</ele>
            </trkpt>
            <trkpt lat="46.651489" lon="13.792337">
                <ele>510.04562</ele>
            </trkpt>
            <trkpt lat="46.651438" lon="13.793548">
                <ele>505.89613</ele>
            </trkpt>
            <trkpt lat="46.651023" lon="13.795341">
                <ele>505.89613</ele>
            </trkpt>
            <trkpt lat="46.650478" lon="13.796436">
                <ele>508.01703</ele>
            </trkpt>
            <trkpt lat="46.649925" lon="13.797197">
                <ele>508.01703</ele>
            </trkpt>
            <trkpt lat="46.649046" lon="13.798191">
                <ele>505.72125</ele>
            </trkpt>
            <trkpt lat="46.648364" lon="13.798646">
                <ele>504.41181</ele>
            </trkpt>
            <trkpt lat="46.646319" lon="13.799511">
                <ele>503.48481</ele>
            </trkpt>
            <trkpt lat="46.644671" lon="13.800646">
                <ele>499.61258</ele>
            </trkpt>
            <trkpt lat="46.643755" lon="13.802058">
                <ele>499.61258</ele>
            </trkpt>
            <trkpt lat="46.643331" lon="13.803039">
                <ele>500.40119</ele>
            </trkpt>
            <trkpt lat="46.642853" lon="13.803997">
                <ele>500.72565</ele>
            </trkpt>
            <trkpt lat="46.642724" lon="13.804607">
                <ele>504.351</ele>
            </trkpt>
            <trkpt lat="46.641808" lon="13.806377">
                <ele>505.15227</ele>
            </trkpt>
            <trkpt lat="46.641761" lon="13.806501">
                <ele>505.15227</ele>
            </trkpt>
            <trkpt lat="46.641247" lon="13.807316">
                <ele>509.11751</ele>
            </trkpt>
            <trkpt lat="46.641076" lon="13.807382">
                <ele>509.11751</ele>
            </trkpt>
            <trkpt lat="46.639962" lon="13.809855">
                <ele>505.83603</ele>
            </trkpt>
            <trkpt lat="46.639402" lon="13.810921">
                <ele>502.49868</ele>
            </trkpt>
            <trkpt lat="46.639256" lon="13.811867">
                <ele>502.70879</ele>
            </trkpt>
            <trkpt lat="46.638779" lon="13.813738">
                <ele>502.70879</ele>
            </trkpt>
            <trkpt lat="46.638575" lon="13.814347">
                <ele>503.56471</ele>
            </trkpt>
            <trkpt lat="46.638437" lon="13.815156">
                <ele>505.34226</ele>
            </trkpt>
            <trkpt lat="46.637803" lon="13.816883">
                <ele>501.09878</ele>
            </trkpt>
            <trkpt lat="46.636811" lon="13.81925">
                <ele>499.62881</ele>
            </trkpt>
            <trkpt lat="46.636446" lon="13.820573">
                <ele>501.85461</ele>
            </trkpt>
            <trkpt lat="46.63623" lon="13.82147">
                <ele>501.14321</ele>
            </trkpt>
            <trkpt lat="46.635717" lon="13.82392">
                <ele>498.4356</ele>
            </trkpt>
            <trkpt lat="46.63526" lon="13.826738">
                <ele>501.2648</ele>
            </trkpt>
            <trkpt lat="46.634669" lon="13.828197">
                <ele>496.75107</ele>
            </trkpt>
            <trkpt lat="46.634606" lon="13.828308">
                <ele>496.75107</ele>
            </trkpt>
            <trkpt lat="46.634643" lon="13.828834">
                <ele>496.58529</ele>
            </trkpt>
            <trkpt lat="46.634107" lon="13.830015">
                <ele>495.50431</ele>
            </trkpt>
            <trkpt lat="46.633834" lon="13.830466">
                <ele>492.94874</ele>
            </trkpt>
            <trkpt lat="46.632429" lon="13.831839">
                <ele>491.94728</ele>
            </trkpt>
            <trkpt lat="46.630036" lon="13.833208">
                <ele>482.94039</ele>
            </trkpt>
            <trkpt lat="46.629843" lon="13.833378">
                <ele>485.53179</ele>
            </trkpt>
            <trkpt lat="46.629295" lon="13.833701">
                <ele>491.60181</ele>
            </trkpt>
            <trkpt lat="46.629244" lon="13.83377">
                <ele>492.16501</ele>
            </trkpt>
            <trkpt lat="46.628511" lon="13.834182">
                <ele>494.53109</ele>
            </trkpt>
            <trkpt lat="46.627126" lon="13.834703">
                <ele>494.53109</ele>
            </trkpt>
            <trkpt lat="46.625641" lon="13.834905">
                <ele>493.17647</ele>
            </trkpt>
            <trkpt lat="46.624171" lon="13.834816">
                <ele>492.87726</ele>
            </trkpt>
            <trkpt lat="46.621681" lon="13.834561">
                <ele>489.50568</ele>
            </trkpt>
            <trkpt lat="46.620639" lon="13.834624">
                <ele>487.66249</ele>
            </trkpt>
            <trkpt lat="46.619817" lon="13.835002">
                <ele>487.66249</ele>
            </trkpt>
            <trkpt lat="46.61719" lon="13.836648">
                <ele>490.48778</ele>
            </trkpt>
            <trkpt lat="46.616266" lon="13.837845">
                <ele>491.98647</ele>
            </trkpt>
            <trkpt lat="46.615964" lon="13.83919">
                <ele>488.3329</ele>
            </trkpt>
            <trkpt lat="46.616095" lon="13.840499">
                <ele>487.14898</ele>
            </trkpt>
            <trkpt lat="46.616459" lon="13.841657">
                <ele>488.54843</ele>
            </trkpt>
            <trkpt lat="46.616481" lon="13.841666">
                <ele>488.71093</ele>
            </trkpt>
        <trkpt lat="46.616401" lon="13.841816">
                <ele>490.35323</ele>
            </trkpt>
            <trkpt lat="46.61659" lon="13.8424">
                <ele>490.21455</ele>
            </trkpt>
            <trkpt lat="46.61689" lon="13.84386">
                <ele>489.48395</ele>
            </trkpt>
            <trkpt lat="46.61685" lon="13.84537">
                <ele>490.15735</ele>
            </trkpt>
            <trkpt lat="46.61668" lon="13.84631">
                <ele>488.77799</ele>
            </trkpt>
            <trkpt lat="46.61643" lon="13.84715">
                <ele>490.08201</ele>
            </trkpt>
            <trkpt lat="46.61593" lon="13.84812">
                <ele>491.20743</ele>
            </trkpt>
            <trkpt lat="46.6157" lon="13.84851">
                <ele>494.93431</ele>
            </trkpt>
            <trkpt lat="46.61507" lon="13.84945">
                <ele>491.17183</ele>
            </trkpt>
            <trkpt lat="46.6146" lon="13.84993">
                <ele>492.01736</ele>
            </trkpt>
            <trkpt lat="46.61422" lon="13.85012">
                <ele>489.58763</ele>
            </trkpt>
            <trkpt lat="46.613993" lon="13.850339">
                <ele>490.14224</ele>
            </trkpt>
            <trkpt lat="46.611958" lon="13.851624">
                <ele>488.51443</ele>
            </trkpt>
            <trkpt lat="46.610027" lon="13.85319">
                <ele>487.31309</ele>
            </trkpt>
            <trkpt lat="46.610454" lon="13.853834">
                <ele>490.42838</ele>
            </trkpt>
            <trkpt lat="46.610232" lon="13.854237">
                <ele>490.48304</ele>
            </trkpt>
            <trkpt lat="46.61021" lon="13.85425">
                <ele>490.24342</ele>
            </trkpt>
            <trkpt lat="46.60994" lon="13.85477">
                <ele>490.70338</ele>
            </trkpt>
            <trkpt lat="46.60929" lon="13.85614">
                <ele>490.86998</ele>
            </trkpt>
            <trkpt lat="46.60907" lon="13.85679">
                <ele>490.67721</ele>
            </trkpt>
            <trkpt lat="46.60895" lon="13.85758">
                <ele>490.60358</ele>
            </trkpt>
            <trkpt lat="46.60893" lon="13.85837">
                <ele>490.50069</ele>
            </trkpt>
            <trkpt lat="46.60908" lon="13.85938">
                <ele>491.08077</ele>
            </trkpt>
            <trkpt lat="46.6094" lon="13.86027">
                <ele>490.82118</ele>
            </trkpt>
            <trkpt lat="46.60987" lon="13.86102">
                <ele>491.09119</ele>
            </trkpt>
            <trkpt lat="46.61046" lon="13.86166">
                <ele>490.77229</ele>
            </trkpt>
            <trkpt lat="46.61101" lon="13.86215">
                <ele>490.22285</ele>
            </trkpt>
            <trkpt lat="46.61153" lon="13.86269">
                <ele>489.86155</ele>
            </trkpt>
            <trkpt lat="46.61254" lon="13.86393">
                <ele>489.81001</ele>
            </trkpt>
            <trkpt lat="46.61305" lon="13.86463">
                <ele>489.51919</ele>
            </trkpt>
            <trkpt lat="46.61334" lon="13.86509">
                <ele>488.55182</ele>
            </trkpt>
            <trkpt lat="46.6138" lon="13.86544">
                <ele>491.35081</ele>
            </trkpt>
            <trkpt lat="46.61412" lon="13.86589">
                <ele>491.72096</ele>
            </trkpt>
            <trkpt lat="46.614616" lon="13.866656">
                <ele>492.82745</ele>
            </trkpt>
            <trkpt lat="46.615727" lon="13.870137">
                <ele>489.14794</ele>
            </trkpt>
            <trkpt lat="46.616288" lon="13.87239">
                <ele>488.50444</ele>
            </trkpt>
            <trkpt lat="46.616479" lon="13.873345">
                <ele>488.7637</ele>
            </trkpt>
            <trkpt lat="46.616641" lon="13.874514">
                <ele>490.1137</ele>
            </trkpt>
            <trkpt lat="46.616685" lon="13.875244">
                <ele>488.8765</ele>
            </trkpt>
            <trkpt lat="46.616663" lon="13.876177">
                <ele>488.66232</ele>
            </trkpt>
            <trkpt lat="46.616487" lon="13.877432">
                <ele>488.23922</ele>
            </trkpt>
            <trkpt lat="46.616118" lon="13.87901">
                <ele>490.7685</ele>
            </trkpt>
            <trkpt lat="46.615153" lon="13.878312">
                <ele>487.66332</ele>
            </trkpt>
            <trkpt lat="46.614954" lon="13.878655">
                <ele>488.27737</ele>
            </trkpt>
            <trkpt lat="46.614747" lon="13.878505">
                <ele>488.59709</ele>
            </trkpt>
            <trkpt lat="46.614467" lon="13.878462">
                <ele>488.94327</ele>
            </trkpt>
            <trkpt lat="46.614047" lon="13.878602">
                <ele>488.48446</ele>
            </trkpt>
            <trkpt lat="46.613561" lon="13.878731">
                <ele>489.40894</ele>
            </trkpt>
            <trkpt lat="46.61334" lon="13.878741">
                <ele>489.3779</ele>
            </trkpt>
            <trkpt lat="46.612699" lon="13.878967">
                <ele>489.22511</ele>
            </trkpt>
            <trkpt lat="46.610989" lon="13.879707">
                <ele>490.31261</ele>
            </trkpt>
            <trkpt lat="46.610701" lon="13.87975">
                <ele>491.05998</ele>
            </trkpt>
            <trkpt lat="46.610436" lon="13.879707">
                <ele>491.34063</ele>
            </trkpt>
            <trkpt lat="46.610193" lon="13.87961">
                <ele>491.89115</ele>
            </trkpt>
            <trkpt lat="46.60961" lon="13.87902">
                <ele>491.0167</ele>
            </trkpt>
            <trkpt lat="46.6079" lon="13.877207">
                <ele>489.58467</ele>
            </trkpt>
            <trkpt lat="46.606942" lon="13.876274">
                <ele>490.12438</ele>
            </trkpt>
            <trkpt lat="46.606176" lon="13.875877">
                <ele>488.4055</ele>
            </trkpt>
            <trkpt lat="46.605476" lon="13.87548">
                <ele>488.26339</ele>
            </trkpt>
            <trkpt lat="46.605269" lon="13.875415">
                <ele>488.10315</ele>
            </trkpt>
            <trkpt lat="46.604421" lon="13.875619">
                <ele>488.40709</ele>
            </trkpt>
            <trkpt lat="46.604068" lon="13.875555">
                <ele>490.5848</ele>
            </trkpt>
            <trkpt lat="46.603802" lon="13.87533">
                <ele>489.45474</ele>
            </trkpt>
            <trkpt lat="46.603146" lon="13.874128">
                <ele>489.49622</ele>
            </trkpt>
            <trkpt lat="46.602977" lon="13.874096">
                <ele>489.05264</ele>
            </trkpt>
            <trkpt lat="46.602789" lon="13.873724">
                <ele>489.3032</ele>
            </trkpt>
            <trkpt lat="46.60275" lon="13.87369">
                <ele>488.92795</ele>
            </trkpt>
            <trkpt lat="46.59458" lon="13.86014">
                <ele>491.94486</ele>
            </trkpt>
            <trkpt lat="46.59455" lon="13.86005">
                <ele>492.54542</ele>
            </trkpt>
            <trkpt lat="46.59457" lon="13.85995">
                <ele>493.46098</ele>
            </trkpt>
            <trkpt lat="46.594129" lon="13.859018">
                <ele>493.33882</ele>
            </trkpt>
            <trkpt lat="46.593941" lon="13.85846">
                <ele>493.25597</ele>
            </trkpt>
            <trkpt lat="46.593723" lon="13.857569">
                <ele>493.80664</ele>
            </trkpt>
            <trkpt lat="46.593653" lon="13.856966">
                <ele>494.13439</ele>
            </trkpt>
            <trkpt lat="46.593492" lon="13.856177">
                <ele>493.52417</ele>
            </trkpt>
            <trkpt lat="46.59329" lon="13.855943">
                <ele>491.52293</ele>
            </trkpt>
            <trkpt lat="46.593246" lon="13.855556">
                <ele>491.95026</ele>
            </trkpt>
            <trkpt lat="46.593247" lon="13.85526">
                <ele>493.501</ele>
            </trkpt>
            <trkpt lat="46.592924" lon="13.854326">
                <ele>493.55444</ele>
            </trkpt>
            <trkpt lat="46.592702" lon="13.853843">
                <ele>493.46324</ele>
            </trkpt>
            <trkpt lat="46.592364" lon="13.853177">
                <ele>493.7153</ele>
            </trkpt>
            <trkpt lat="46.591447" lon="13.85172">
                <ele>493.67955</ele>
            </trkpt>
            <trkpt lat="46.590464" lon="13.850111">
                <ele>493.99371</ele>
            </trkpt>
            <trkpt lat="46.58989" lon="13.849283">
                <ele>494.04803</ele>
            </trkpt>
            <trkpt lat="46.589537" lon="13.848883">
                <ele>494.10283</ele>
            </trkpt>
            <trkpt lat="46.588785" lon="13.848189">
                <ele>494.80348</ele>
            </trkpt>
            <trkpt lat="46.588414" lon="13.847915">
                <ele>495.10784</ele>
            </trkpt>
            <trkpt lat="46.58793" lon="13.847703">
                <ele>495.95699</ele>
            </trkpt>
            <trkpt lat="46.58765" lon="13.847553">
                <ele>495.5293</ele>
            </trkpt>
            <trkpt lat="46.586249" lon="13.847338">
                <ele>495.67398</ele>
            </trkpt>
            <trkpt lat="46.585526" lon="13.84692">
                <ele>496.1857</ele>
            </trkpt>
            <trkpt lat="46.584752" lon="13.846136">
                <ele>496.17323</ele>
            </trkpt>
            <trkpt lat="46.584273" lon="13.845214">
                <ele>496.21384</ele>
            </trkpt>
            <trkpt lat="46.584051" lon="13.844852">
                <ele>494.42982</ele>
            </trkpt>
            <trkpt lat="46.583824" lon="13.844835">
                <ele>494.58298</ele>
            </trkpt>
            <trkpt lat="46.583699" lon="13.844784">
                <ele>495.32805</ele>
            </trkpt>
            <trkpt lat="46.583666" lon="13.844746">
                <ele>495.46678</ele>
            </trkpt>
            <trkpt lat="46.583629" lon="13.844625">
                <ele>495.57658</ele>
            </trkpt>
            <trkpt lat="46.583599" lon="13.844302">
                <ele>495.88684</ele>
            </trkpt>
            <trkpt lat="46.583673" lon="13.842678">
                <ele>496.68101</ele>
            </trkpt>
            <trkpt lat="46.58368" lon="13.842206">
                <ele>496.81045</ele>
            </trkpt>
            <trkpt lat="46.583662" lon="13.841906">
                <ele>496.69942</ele>
            </trkpt>
            <trkpt lat="46.58358" lon="13.841477">
                <ele>495.62963</ele>
            </trkpt>
            <trkpt lat="46.58357" lon="13.841359">
                <ele>495.75293</ele>
            </trkpt>
            <trkpt lat="46.583578" lon="13.841122">
                <ele>496.50493</ele>
            </trkpt>
            <trkpt lat="46.583612" lon="13.840788">
                <ele>497.34061</ele>
            </trkpt>
            <trkpt lat="46.583582" lon="13.840483">
                <ele>497.1176</ele>
            </trkpt>
            <trkpt lat="46.583478" lon="13.840143">
                <ele>496.62567</ele>
            </trkpt>
            <trkpt lat="46.583381" lon="13.839953">
                <ele>495.98696</ele>
            </trkpt>
            <trkpt lat="46.582791" lon="13.838944">
                <ele>496.10658</ele>
            </trkpt>
            <trkpt lat="46.582544" lon="13.838595">
                <ele>496.2188</ele>
            </trkpt>
            <trkpt lat="46.582356" lon="13.838395">
                <ele>496.27642</ele>
            </trkpt>
            <trkpt lat="46.582268" lon="13.838324">
                <ele>496.32997</ele>
            </trkpt>
            <trkpt lat="46.581617" lon="13.838001">
                <ele>496.20822</ele>
            </trkpt>
            <trkpt lat="46.581408" lon="13.837948">
                <ele>495.98435</ele>
            </trkpt>
            <trkpt lat="46.581048" lon="13.837715">
                <ele>496.36911</ele>
            </trkpt>
            <trkpt lat="46.5808" lon="13.837645">
                <ele>496.38516</ele>
            </trkpt>
            <trkpt lat="46.580636" lon="13.837631">
                <ele>496.46245</ele>
            </trkpt>
            <trkpt lat="46.58047" lon="13.837676">
                <ele>496.45629</ele>
            </trkpt>
            <trkpt lat="46.580405" lon="13.837674">
                <ele>496.38147</ele>
            </trkpt>
            <trkpt lat="46.580268" lon="13.837623">
                <ele>496.36705</ele>
            </trkpt>
            <trkpt lat="46.579831" lon="13.837596">
                <ele>496.68602</ele>
            </trkpt>
            <trkpt lat="46.579487" lon="13.83763">
                <ele>496.70169</ele>
            </trkpt>
            <trkpt lat="46.579098" lon="13.837748">
                <ele>496.70745</ele>
            </trkpt>
            <trkpt lat="46.578421" lon="13.838001">
                <ele>496.88917</ele>
            </trkpt>
            <trkpt lat="46.578223" lon="13.838114">
                <ele>496.86907</ele>
            </trkpt>
            <trkpt lat="46.578075" lon="13.838234">
                <ele>497.01257</ele>
            </trkpt>
            <trkpt lat="46.577666" lon="13.838645">
                <ele>497.2139</ele>
            </trkpt>
            <trkpt lat="46.577252" lon="13.839157">
                <ele>497.57815</ele>
            </trkpt>
            <trkpt lat="46.576913" lon="13.839658">
                <ele>497.54199</ele>
            </trkpt>
            <trkpt lat="46.576588" lon="13.840073">
                <ele>497.84459</ele>
            </trkpt>
            <trkpt lat="46.576155" lon="13.840574">
                <ele>497.93324</ele>
            </trkpt>
            <trkpt lat="46.575879" lon="13.841023">
                <ele>498.1624</ele>
            </trkpt>
            <trkpt lat="46.575559" lon="13.841418">
                <ele>498.25365</ele>
            </trkpt>
            <trkpt lat="46.5754" lon="13.841684">
                <ele>497.83779</ele>
            </trkpt>
            <trkpt lat="46.574842" lon="13.842324">
                <ele>498.10129</ele>
            </trkpt>
            <trkpt lat="46.57469" lon="13.842551">
                <ele>498.10322</ele>
            </trkpt>
            <trkpt lat="46.574363" lon="13.842959">
                <ele>497.8413</ele>
            </trkpt>
            <trkpt lat="46.574251" lon="13.843057">
                <ele>497.93177</ele>
            </trkpt>
            <trkpt lat="46.574088" lon="13.843163">
                <ele>498.0045</ele>
            </trkpt>
            <trkpt lat="46.573585" lon="13.84339">
                <ele>498.14951</ele>
            </trkpt>
            <trkpt lat="46.573347" lon="13.843392">
                <ele>498.40542</ele>
            </trkpt>
            <trkpt lat="46.573233" lon="13.843345">
                <ele>498.46804</ele>
            </trkpt>
            <trkpt lat="46.573031" lon="13.843353">
                <ele>498.50099</ele>
            </trkpt>
            <trkpt lat="46.572949" lon="13.84333">
                <ele>498.55676</ele>
            </trkpt>
            <trkpt lat="46.572815" lon="13.843226">
                <ele>498.65056</ele>
            </trkpt>
            <trkpt lat="46.572677" lon="13.843049">
                <ele>498.6676</ele>
            </trkpt>
            <trkpt lat="46.572222" lon="13.842909">
                <ele>499.02112</ele>
            </trkpt>
            <trkpt lat="46.572026" lon="13.842685">
                <ele>499.11926</ele>
            </trkpt>
            <trkpt lat="46.571974" lon="13.842603">
                <ele>499.36345</ele>
            </trkpt>
            <trkpt lat="46.5719" lon="13.842429">
                <ele>499.81082</ele>
            </trkpt>
            <trkpt lat="46.571854" lon="13.842369">
                <ele>499.78017</ele>
            </trkpt>
            <trkpt lat="46.571558" lon="13.842138">
                <ele>499.32863</ele>
            </trkpt>
            <trkpt lat="46.571438" lon="13.841996">
                <ele>499.12116</ele>
            </trkpt>
            <trkpt lat="46.571374" lon="13.841866">
                <ele>500.89769</ele>
            </trkpt>
            <trkpt lat="46.57134" lon="13.84175">
                <ele>502.27752</ele>
            </trkpt>
            <trkpt lat="46.571266" lon="13.841672">
                <ele>500.27235</ele>
            </trkpt>
            <trkpt lat="46.571235" lon="13.841495">
                <ele>499.51572</ele>
            </trkpt>
            <trkpt lat="46.571235" lon="13.841327">
                <ele>499.19346</ele>
            </trkpt>
            <trkpt lat="46.571182" lon="13.841041">
                <ele>499.27222</ele>
            </trkpt>
            <trkpt lat="46.571162" lon="13.840809">
                <ele>499.37812</ele>
            </trkpt>
            <trkpt lat="46.571148" lon="13.84075">
                <ele>499.33534</ele>
            </trkpt>
            <trkpt lat="46.57108" lon="13.840686">
                <ele>499.26163</ele>
            </trkpt>
            <trkpt lat="46.571031" lon="13.840417">
                <ele>499.50418</ele>
            </trkpt>
            <trkpt lat="46.571003" lon="13.840161">
                <ele>499.12338</ele>
            </trkpt>
            <trkpt lat="46.570905" lon="13.83964">
                <ele>498.23721</ele>
            </trkpt>
            <trkpt lat="46.570924" lon="13.839478">
                <ele>499.01339</ele>
            </trkpt>
            <trkpt lat="46.570906" lon="13.839258">
                <ele>498.90295</ele>
            </trkpt>
            <trkpt lat="46.570898" lon="13.838239">
                <ele>501.85809</ele>
            </trkpt>
            <trkpt lat="46.570879" lon="13.837983">
                <ele>503.56818</ele>
            </trkpt>
            <trkpt lat="46.570785" lon="13.83762">
                <ele>499.86881</ele>
            </trkpt>
            <trkpt lat="46.570764" lon="13.836912">
                <ele>499.53296</ele>
            </trkpt>
            <trkpt lat="46.570712" lon="13.836405">
                <ele>499.10464</ele>
            </trkpt>
            <trkpt lat="46.570527" lon="13.835211">
                <ele>498.92375</ele>
            </trkpt>
            <trkpt lat="46.570427" lon="13.833704">
                <ele>500.06668</ele>
            </trkpt>
            <trkpt lat="46.570264" lon="13.831808">
                <ele>499.99323</ele>
            </trkpt>
            <trkpt lat="46.570149" lon="13.830498">
                <ele>500.18515</ele>
            </trkpt>
            <trkpt lat="46.570094" lon="13.830018">
                <ele>499.85951</ele>
            </trkpt>
            <trkpt lat="46.569987" lon="13.828716">
                <ele>500.46538</ele>
            </trkpt>
            <trkpt lat="46.569925" lon="13.828287">
                <ele>499.71318</ele>
            </trkpt>
            <trkpt lat="46.569888" lon="13.827519">
                <ele>499.81606</ele>
            </trkpt>
            <trkpt lat="46.569852" lon="13.827091">
                <ele>499.39573</ele>
            </trkpt>
            <trkpt lat="46.569785" lon="13.825577">
                <ele>500.54422</ele>
            </trkpt>
            <trkpt lat="46.56965" lon="13.823558">
                <ele>501.44732</ele>
            </trkpt>
            <trkpt lat="46.569193" lon="13.817441">
                <ele>502.21312</ele>
            </trkpt>
            <trkpt lat="46.569149" lon="13.816441">
                <ele>503.10874</ele>
            </trkpt>
            <trkpt lat="46.569169" lon="13.815928">
                <ele>503.56653</ele>
            </trkpt>
            <trkpt lat="46.569231" lon="13.815251">
                <ele>503.88873</ele>
            </trkpt>
            <trkpt lat="46.569224" lon="13.814767">
                <ele>503.29494</ele>
            </trkpt>
            <trkpt lat="46.569248" lon="13.814715">
                <ele>503.81935</ele>
            </trkpt>
            <trkpt lat="46.569307" lon="13.814671">
                <ele>504.0837</ele>
            </trkpt>
            <trkpt lat="46.5692" lon="13.81411">
                <ele>501.10436</ele>
            </trkpt>
            <trkpt lat="46.5692" lon="13.81369">
                <ele>500.51287</ele>
            </trkpt>
            <trkpt lat="46.56933" lon="13.8131">
                <ele>502.60577</ele>
            </trkpt>
            <trkpt lat="46.569371" lon="13.813006">
                <ele>503.30814</ele>
            </trkpt>
            <trkpt lat="46.569346" lon="13.811297">
                <ele>505.13752</ele>
            </trkpt>
            <trkpt lat="46.569283" lon="13.811084">
                <ele>504.63072</ele>
            </trkpt>
            <trkpt lat="46.569278" lon="13.810821">
                <ele>505.50954</ele>
            </trkpt>
            <trkpt lat="46.568994" lon="13.810032">
                <ele>503.89258</ele>
            </trkpt>
            <trkpt lat="46.568724" lon="13.808847">
                <ele>504.4092</ele>
            </trkpt>
            <trkpt lat="46.568448" lon="13.80781">
                <ele>502.90208</ele>
            </trkpt>
            <trkpt lat="46.568421" lon="13.807595">
                <ele>502.71834</ele>
            </trkpt>
            <trkpt lat="46.568393" lon="13.806748">
                <ele>502.88153</ele>
            </trkpt>
            <trkpt lat="46.56844" lon="13.806072">
                <ele>503.89548</ele>
            </trkpt>
            <trkpt lat="46.568494" lon="13.80597">
                <ele>505.07031</ele>
            </trkpt>
            <trkpt lat="46.568511" lon="13.80579">
                <ele>505.22523</ele>
            </trkpt>
            <trkpt lat="46.5685" lon="13.805611">
                <ele>505.01765</ele>
            </trkpt>
            <trkpt lat="46.568512" lon="13.803961">
                <ele>504.14691</ele>
            </trkpt>
            <trkpt lat="46.56845" lon="13.800742">
                <ele>505.51586</ele>
            </trkpt>
            <trkpt lat="46.568417" lon="13.799703">
                <ele>505.38897</ele>
            </trkpt>
            <trkpt lat="46.568443" lon="13.799034">
                <ele>506.00845</ele>
            </trkpt>
            <trkpt lat="46.568477" lon="13.798574">
                <ele>506.58471</ele>
            </trkpt>
            <trkpt lat="46.568465" lon="13.798454">
                <ele>506.6947</ele>
            </trkpt>
            <trkpt lat="46.568413" lon="13.798278">
                <ele>506.28729</ele>
            </trkpt>
            <trkpt lat="46.568379" lon="13.797108">
                <ele>506.36127</ele>
            </trkpt>
            <trkpt lat="46.568621" lon="13.794805">
                <ele>507.39502</ele>
            </trkpt>
            <trkpt lat="46.568618" lon="13.79445">
                <ele>507.74607</ele>
            </trkpt>
            <trkpt lat="46.568552" lon="13.793987">
                <ele>508.25016</ele>
            </trkpt>
            <trkpt lat="46.568364" lon="13.793651">
                <ele>507.90413</ele>
            </trkpt>
            <trkpt lat="46.568327" lon="13.793548">
                <ele>506.95682</ele>
            </trkpt>
            <trkpt lat="46.568321" lon="13.793266">
                <ele>506.85392</ele>
            </trkpt>
            <trkpt lat="46.568342" lon="13.792858">
                <ele>506.84122</ele>
            </trkpt>
            <trkpt lat="46.568332" lon="13.792644">
                <ele>507.4009</ele>
            </trkpt>
            <trkpt lat="46.568298" lon="13.792519">
                <ele>507.55754</ele>
            </trkpt>
            <trkpt lat="46.56801" lon="13.792129">
                <ele>506.87777</ele>
            </trkpt>
            <trkpt lat="46.567881" lon="13.791865">
                <ele>507.29042</ele>
            </trkpt>
            <trkpt lat="46.567581" lon="13.79147">
                <ele>507.11184</ele>
            </trkpt>
            <trkpt lat="46.567232" lon="13.791169">
                <ele>506.98196</ele>
            </trkpt>
            <trkpt lat="46.566804" lon="13.790897">
                <ele>506.94076</ele>
            </trkpt>
            <trkpt lat="46.566377" lon="13.790692">
                <ele>506.03759</ele>
            </trkpt>
            <trkpt lat="46.565812" lon="13.79035">
                <ele>507.11274</ele>
            </trkpt>
            <trkpt lat="46.565351" lon="13.790041">
                <ele>507.9247</ele>
            </trkpt>
            <trkpt lat="46.565151" lon="13.789873">
                <ele>508.34854</ele>
            </trkpt>
            <trkpt lat="46.565024" lon="13.789793">
                <ele>508.5767</ele>
            </trkpt>
            <trkpt lat="46.564017" lon="13.789308">
                <ele>508.26643</ele>
            </trkpt>
            <trkpt lat="46.563728" lon="13.789142">
                <ele>508.46749</ele>
            </trkpt>
            <trkpt lat="46.563211" lon="13.788658">
                <ele>508.23776</ele>
            </trkpt>
            <trkpt lat="46.562985" lon="13.788397">
                <ele>508.11438</ele>
            </trkpt>
            <trkpt lat="46.562561" lon="13.787821">
                <ele>507.45438</ele>
            </trkpt>
            <trkpt lat="46.56245" lon="13.787604">
                <ele>507.72063</ele>
            </trkpt>
            <trkpt lat="46.562303" lon="13.787258">
                <ele>508.01236</ele>
            </trkpt>
            <trkpt lat="46.562158" lon="13.786822">
                <ele>508.48351</ele>
            </trkpt>
            <trkpt lat="46.561982" lon="13.786215">
                <ele>508.47779</ele>
            </trkpt>
            <trkpt lat="46.561838" lon="13.785565">
                <ele>508.79478</ele>
            </trkpt>
            <trkpt lat="46.561787" lon="13.785201">
                <ele>508.94748</ele>
            </trkpt>
            <trkpt lat="46.561148" lon="13.782301">
                <ele>508.84104</ele>
            </trkpt>
            <trkpt lat="46.560982" lon="13.780978">
                <ele>510.86889</ele>
            </trkpt>
            <trkpt lat="46.561001" lon="13.78082">
                <ele>512.36572</ele>
            </trkpt>
            <trkpt lat="46.56113" lon="13.78063">
                <ele>514.51701</ele>
            </trkpt>
            <trkpt lat="46.56101" lon="13.78058">
                <ele>513.58288</ele>
            </trkpt>
            <trkpt lat="46.56037" lon="13.78081">
                <ele>509.25818</ele>
            </trkpt>
            <trkpt lat="46.55976" lon="13.78052">
                <ele>510.87198</ele>
            </trkpt>
            <trkpt lat="46.55922" lon="13.78043">
                <ele>511.21352</ele>
            </trkpt>
            <trkpt lat="46.55866" lon="13.78045">
                <ele>511.78139</ele>
            </trkpt>
            <trkpt lat="46.55795" lon="13.78034">
                <ele>511.5065</ele>
            </trkpt>
            <trkpt lat="46.55736" lon="13.78035">
                <ele>512.01865</ele>
            </trkpt>
            <trkpt lat="46.55678" lon="13.78039">
                <ele>512.31749</ele>
            </trkpt>
            <trkpt lat="46.55652" lon="13.78051">
                <ele>512.05527</ele>
            </trkpt>
            <trkpt lat="46.55591" lon="13.78069">
                <ele>515.35091</ele>
            </trkpt>
            <trkpt lat="46.55485" lon="13.78121">
                <ele>521.01153</ele>
            </trkpt>
            <trkpt lat="46.55455" lon="13.78129">
                <ele>519.02052</ele>
            </trkpt>
            <trkpt lat="46.55444" lon="13.78127">
                <ele>518.28918</ele>
            </trkpt>
            <trkpt lat="46.55439" lon="13.7812">
                <ele>517.9188</ele>
            </trkpt>
            <trkpt lat="46.5543" lon="13.78048">
                <ele>518.58629</ele>
            </trkpt>
            <trkpt lat="46.55387" lon="13.78056">
                <ele>520.25705</ele>
            </trkpt>
            <trkpt lat="46.5536" lon="13.78058">
                <ele>521.74223</ele>
            </trkpt>
            <trkpt lat="46.5534" lon="13.78054">
                <ele>522.46237</ele>
            </trkpt>
            <trkpt lat="46.55255" lon="13.78025">
                <ele>526.50925</ele>
            </trkpt>
            <trkpt lat="46.55215" lon="13.78009">
                <ele>527.84845</ele>
            </trkpt>
            <trkpt lat="46.55197" lon="13.78012">
                <ele>528.02919</ele>
            </trkpt>
            <trkpt lat="46.55122" lon="13.780331">
                <ele>531.07608</ele>
            </trkpt>
            <trkpt lat="46.550756" lon="13.779371">
                <ele>531.64589</ele>
            </trkpt>
            <trkpt lat="46.550313" lon="13.778255">
                <ele>532.25974</ele>
            </trkpt>
            <trkpt lat="46.550143" lon="13.777075">
                <ele>529.95532</ele>
            </trkpt>
            <trkpt lat="46.550114" lon="13.776131">
                <ele>527.65408</ele>
            </trkpt>
            <trkpt lat="46.550134" lon="13.775033">
                <ele>525.35921</ele>
            </trkpt>
            <trkpt lat="46.550464" lon="13.77132">
                <ele>527.11854</ele>
            </trkpt>
            <trkpt lat="46.550557" lon="13.768746">
                <ele>526.60289</ele>
            </trkpt>
            <trkpt lat="46.550295" lon="13.766543">
                <ele>529.52832</ele>
            </trkpt>
            <trkpt lat="46.549736" lon="13.763984">
                <ele>530.01115</ele>
            </trkpt>
            <trkpt lat="46.548518" lon="13.760639">
                <ele>550.12395</ele>
            </trkpt>
            <trkpt lat="46.548062" lon="13.758838">
                <ele>545.3891</ele>
            </trkpt>
            <trkpt lat="46.547526" lon="13.756551">
                <ele>546.22416</ele>
            </trkpt>
            <trkpt lat="46.54748" lon="13.75555">
                <ele>547.09352</ele>
            </trkpt>
            <trkpt lat="46.54758" lon="13.75545">
                <ele>546.50138</ele>
            </trkpt>
            <trkpt lat="46.54826" lon="13.7538">
                <ele>545.65149</ele>
            </trkpt>
            <trkpt lat="46.5484" lon="13.7533">
                <ele>546.52938</ele>
            </trkpt>
            <trkpt lat="46.54844" lon="13.75296">
                <ele>547.29947</ele>
            </trkpt>
            <trkpt lat="46.54856" lon="13.7513">
                <ele>550.13685</ele>
            </trkpt>
            <trkpt lat="46.54858" lon="13.74695">
                <ele>559.11935</ele>
            </trkpt>
            <trkpt lat="46.54862" lon="13.74556">
                <ele>561.77615</ele>
            </trkpt>
            <trkpt lat="46.54862" lon="13.7453">
                <ele>562.17325</ele>
            </trkpt>
            <trkpt lat="46.5486" lon="13.74512">
                <ele>562.45043</ele>
            </trkpt>
            <trkpt lat="46.54847" lon="13.74463">
                <ele>563.35092</ele>
            </trkpt>
            <trkpt lat="46.54837" lon="13.74409">
                <ele>564.60256</ele>
            </trkpt>
            <trkpt lat="46.54835" lon="13.74228">
                <ele>568.09144</ele>
            </trkpt>
            <trkpt lat="46.54837" lon="13.74043">
                <ele>572.0944</ele>
            </trkpt>
            <trkpt lat="46.548243" lon="13.738986">
                <ele>575.97415</ele>
            </trkpt>
            <trkpt lat="46.548208" lon="13.738194">
                <ele>578.3167</ele>
            </trkpt>
            <trkpt lat="46.548271" lon="13.736854">
                <ele>577.5239</ele>
            </trkpt>
            <trkpt lat="46.548031" lon="13.734645">
                <ele>577.54719</ele>
            </trkpt>
            <trkpt lat="46.547703" lon="13.732821">
                <ele>574.7138</ele>
            </trkpt>
            <trkpt lat="46.547642" lon="13.731107">
                <ele>570.27023</ele>
            </trkpt>
            <trkpt lat="46.547619" lon="13.72909">
                <ele>566.53878</ele>
            </trkpt>
            <trkpt lat="46.547632" lon="13.727807">
                <ele>563.31909</ele>
            </trkpt>
            <trkpt lat="46.547756" lon="13.726763">
                <ele>562.76992</ele>
            </trkpt>
            <trkpt lat="46.548041" lon="13.72587">
                <ele>563.34225</ele>
            </trkpt>
            <trkpt lat="46.548231" lon="13.725204">
                <ele>562.89018</ele>
            </trkpt>
            <trkpt lat="46.548364" lon="13.724318">
                <ele>562.79789</ele>
            </trkpt>
            <trkpt lat="46.548483" lon="13.721831">
                <ele>564.86915</ele>
            </trkpt>
            <trkpt lat="46.548441" lon="13.719432">
                <ele>566.85459</ele>
            </trkpt>
            <trkpt lat="46.548528" lon="13.718208">
                <ele>568.56134</ele>
            </trkpt>
            <trkpt lat="46.548531" lon="13.717465">
                <ele>569.67994</ele>
            </trkpt>
            <trkpt lat="46.548595" lon="13.716572">
                <ele>571.25509</ele>
            </trkpt>
            <trkpt lat="46.548892" lon="13.714407">
                <ele>569.21776</ele>
            </trkpt>
            <trkpt lat="46.549244" lon="13.71212">
                <ele>574.86833</ele>
            </trkpt>
            <trkpt lat="46.54905" lon="13.7121">
                <ele>575.58619</ele>
            </trkpt>
            <trkpt lat="46.54901" lon="13.71208">
                <ele>575.7191</ele>
            </trkpt>
            <trkpt lat="46.54926" lon="13.71049">
                <ele>576.17716</ele>
            </trkpt>
            <trkpt lat="46.54932" lon="13.70998">
                <ele>576.27061</ele>
            </trkpt>
            <trkpt lat="46.54959" lon="13.70818">
                <ele>573.73733</ele>
            </trkpt>
            <trkpt lat="46.54964" lon="13.70773">
                <ele>573.17505</ele>
            </trkpt>
            <trkpt lat="46.55013" lon="13.70054">
                <ele>564.08795</ele>
            </trkpt>
            <trkpt lat="46.55021" lon="13.69916">
                <ele>563.42996</ele>
            </trkpt>
            <trkpt lat="46.550412" lon="13.696169">
                <ele>560.70679</ele>
            </trkpt>
            <trkpt lat="46.550261" lon="13.696019">
                <ele>560.47687</ele>
            </trkpt>
            <trkpt lat="46.550202" lon="13.695815">
                <ele>560.49971</ele>
            </trkpt>
            <trkpt lat="46.550254" lon="13.695632">
                <ele>560.63459</ele>
            </trkpt>
            <trkpt lat="46.550379" lon="13.69545">
                <ele>560.75503</ele>
            </trkpt>
            <trkpt lat="46.550465" lon="13.693927">
                <ele>560.57679</ele>
            </trkpt>
            <trkpt lat="46.55042" lon="13.69393">
                <ele>559.53957</ele>
            </trkpt>
            <trkpt lat="46.55034" lon="13.69205">
                <ele>555.77976</ele>
            </trkpt>
            <trkpt lat="46.55032" lon="13.69173">
                <ele>559.28364</ele>
            </trkpt>
            <trkpt lat="46.550294" lon="13.691626">
                <ele>560.22447</ele>
            </trkpt>
            <trkpt lat="46.550549" lon="13.691588">
                <ele>559.63618</ele>
            </trkpt>
            <trkpt lat="46.550704" lon="13.691201">
                <ele>561.65531</ele>
            </trkpt>
            <trkpt lat="46.550564" lon="13.690568">
                <ele>566.08018</ele>
            </trkpt>
            <trkpt lat="46.550379" lon="13.690429">
                <ele>566.25727</ele>
            </trkpt>
            <trkpt lat="46.550306" lon="13.69015">
                <ele>567.68842</ele>
            </trkpt>
            <trkpt lat="46.549885" lon="13.687661">
                <ele>576.77469</ele>
            </trkpt>
            <trkpt lat="46.549664" lon="13.685322">
                <ele>580.69517</ele>
            </trkpt>
            <trkpt lat="46.549693" lon="13.684796">
                <ele>582.39695</ele>
            </trkpt>
            <trkpt lat="46.549782" lon="13.68411">
                <ele>584.1416</ele>
            </trkpt>
            <trkpt lat="46.550025" lon="13.681846">
                <ele>588.96185</ele>
            </trkpt>
            <trkpt lat="46.55004" lon="13.681417">
                <ele>588.87804</ele>
            </trkpt>
            <trkpt lat="46.55004" lon="13.680666">
                <ele>591.32054</ele>
            </trkpt>
            <trkpt lat="46.55007" lon="13.680118">
                <ele>592.05885</ele>
            </trkpt>
            <trkpt lat="46.550276" lon="13.679078">
                <ele>591.51153</ele>
            </trkpt>
            <trkpt lat="46.55066" lon="13.677726">
                <ele>595.94442</ele>
            </trkpt>
            <trkpt lat="46.551044" lon="13.676267">
                <ele>598.57107</ele>
            </trkpt>
            <trkpt lat="46.551317" lon="13.674979">
                <ele>600.62688</ele>
            </trkpt>
            <trkpt lat="46.551523" lon="13.67381">
                <ele>601.47063</ele>
            </trkpt>
            <trkpt lat="46.551634" lon="13.672297">
                <ele>602.01421</ele>
            </trkpt>
            <trkpt lat="46.551641" lon="13.671407">
                <ele>603.70784</ele>
            </trkpt>
            <trkpt lat="46.551494" lon="13.670387">
                <ele>603.57689</ele>
            </trkpt>
            <trkpt lat="46.551294" lon="13.6694">
                <ele>606.3557</ele>
            </trkpt>
            <trkpt lat="46.550999" lon="13.668735">
                <ele>604.03158</ele>
            </trkpt>
            <trkpt lat="46.550343" lon="13.667555">
                <ele>608.18704</ele>
            </trkpt>
            <trkpt lat="46.549966" lon="13.66704">
                <ele>609.84534</ele>
            </trkpt>
            <trkpt lat="46.548771" lon="13.665613">
                <ele>614.81494</ele>
            </trkpt>
            <trkpt lat="46.548254" lon="13.664862">
                <ele>615.01729</ele>
            </trkpt>
            <trkpt lat="46.547841" lon="13.664208">
                <ele>617.58238</ele>
            </trkpt>
            <trkpt lat="46.547214" lon="13.662716">
                <ele>622.82248</ele>
            </trkpt>
            <trkpt lat="46.546963" lon="13.66189">
                <ele>625.55175</ele>
            </trkpt>
            <trkpt lat="46.546543" lon="13.660066">
                <ele>630.49662</ele>
            </trkpt>
            <trkpt lat="46.545982" lon="13.65821">
                <ele>638.79508</ele>
            </trkpt>
            <trkpt lat="46.545709" lon="13.657341">
                <ele>641.83125</ele>
            </trkpt>
            <trkpt lat="46.545362" lon="13.656322">
                <ele>641.18657</ele>
            </trkpt>
            <trkpt lat="46.544954" lon="13.65548">
                <ele>646.82809</ele>
            </trkpt>
            <trkpt lat="46.54493" lon="13.65526">
                <ele>646.92497</ele>
            </trkpt>
            <trkpt lat="46.54493" lon="13.65505">
                <ele>647.09975</ele>
            </trkpt>
            <trkpt lat="46.54483" lon="13.65417">
                <ele>647.01943</ele>
            </trkpt>
            <trkpt lat="46.54479" lon="13.65362">
                <ele>646.36761</ele>
            </trkpt>
            <trkpt lat="46.5444" lon="13.65339">
                <ele>647.43028</ele>
            </trkpt>
            <trkpt lat="46.54399" lon="13.65308">
                <ele>648.64102</ele>
            </trkpt>
            <trkpt lat="46.54391" lon="13.65307">
                <ele>648.64007</ele>
            </trkpt>
            <trkpt lat="46.54381" lon="13.65311">
                <ele>648.74546</ele>
            </trkpt>
            <trkpt lat="46.543725" lon="13.653189">
                <ele>648.7388</ele>
            </trkpt>
            <trkpt lat="46.543015" lon="13.651794">
                <ele>650.61301</ele>
            </trkpt>
            <trkpt lat="46.542506" lon="13.650636">
                <ele>653.05047</ele>
            </trkpt>
            <trkpt lat="46.54227" lon="13.649777">
                <ele>655.03853</ele>
            </trkpt>
            <trkpt lat="46.542159" lon="13.648908">
                <ele>656.7266</ele>
            </trkpt>
            <trkpt lat="46.54213" lon="13.647653">
                <ele>655.69464</ele>
            </trkpt>
            <trkpt lat="46.542078" lon="13.646623">
                <ele>657.16679</ele>
            </trkpt>
            <trkpt lat="46.541945" lon="13.646022">
                <ele>657.96769</ele>
            </trkpt>
            <trkpt lat="46.54168" lon="13.645561">
                <ele>658.59822</ele>
            </trkpt>
            <trkpt lat="46.541355" lon="13.645185">
                <ele>659.55315</ele>
            </trkpt>
            <trkpt lat="46.540949" lon="13.644853">
                <ele>660.46183</ele>
            </trkpt>
            <trkpt lat="46.540647" lon="13.644681">
                <ele>661.53009</ele>
            </trkpt>
            <trkpt lat="46.540174" lon="13.644638">
                <ele>661.22435</ele>
            </trkpt>
            <trkpt lat="46.539488" lon="13.644638">
                <ele>658.40049</ele>
            </trkpt>
            <trkpt lat="46.538499" lon="13.644595">
                <ele>663.45623</ele>
            </trkpt>
            <trkpt lat="46.538152" lon="13.644381">
                <ele>663.90364</ele>
            </trkpt>
            <trkpt lat="46.537975" lon="13.644027">
                <ele>665.05015</ele>
            </trkpt>
            <trkpt lat="46.537835" lon="13.643469">
                <ele>665.15712</ele>
            </trkpt>
            <trkpt lat="46.537687" lon="13.642675">
                <ele>666.15041</ele>
            </trkpt>
            <trkpt lat="46.537466" lon="13.641934">
                <ele>667.28429</ele>
            </trkpt>
            <trkpt lat="46.536477" lon="13.640368">
                <ele>671.87714</ele>
            </trkpt>
            <trkpt lat="46.536159" lon="13.639832">
                <ele>675.73666</ele>
            </trkpt>
            <trkpt lat="46.535222" lon="13.639263">
                <ele>671.82739</ele>
            </trkpt>
            <trkpt lat="46.535052" lon="13.639081">
                <ele>672.10812</ele>
            </trkpt>
            <trkpt lat="46.53506" lon="13.638823">
                <ele>672.57155</ele>
            </trkpt>
            <trkpt lat="46.534816" lon="13.638566">
                <ele>674.60387</ele>
            </trkpt>
            <trkpt lat="46.534661" lon="13.638308">
                <ele>677.19917</ele>
            </trkpt>
            <trkpt lat="46.534816" lon="13.638201">
                <ele>687.42831</ele>
            </trkpt>
            <trkpt lat="46.534683" lon="13.638008">
                <ele>684.54283</ele>
            </trkpt>
            <trkpt lat="46.534122" lon="13.638201">
                <ele>689.22218</ele>
            </trkpt>
            <trkpt lat="46.533849" lon="13.638147">
                <ele>688.48012</ele>
            </trkpt>
            <trkpt lat="46.533384" lon="13.637729">
                <ele>696.85534</ele>
            </trkpt>
            <trkpt lat="46.53317" lon="13.637439">
                <ele>700.94279</ele>
            </trkpt>
            <trkpt lat="46.532934" lon="13.637064">
                <ele>703.61755</ele>
            </trkpt>
            <trkpt lat="46.532838" lon="13.636752">
                <ele>706.91788</ele>
            </trkpt>
            <trkpt lat="46.532926" lon="13.63627">
                <ele>719.88914</ele>
            </trkpt>
            <trkpt lat="46.532867" lon="13.636099">
                <ele>721.91099</ele>
            </trkpt>
            <trkpt lat="46.53278" lon="13.635715">
                <ele>727.00696</ele>
            </trkpt>
            <trkpt lat="46.532738" lon="13.63562">
                <ele>727.27162</ele>
            </trkpt>
            <trkpt lat="46.532661" lon="13.635577">
                <ele>725.78586</ele>
            </trkpt>
            <trkpt lat="46.5326" lon="13.635586">
                <ele>724.2878</ele>
            </trkpt>
            <trkpt lat="46.532458" lon="13.635716">
                <ele>720.64381</ele>
            </trkpt>
            <trkpt lat="46.532171" lon="13.636094">
                <ele>715.13926</ele>
            </trkpt>
            <trkpt lat="46.532007" lon="13.636232">
                <ele>714.74155</ele>
            </trkpt>
            <trkpt lat="46.531585" lon="13.636428">
                <ele>713.87608</ele>
            </trkpt>
            <trkpt lat="46.53145" lon="13.636456">
                <ele>712.26182</ele>
            </trkpt>
            <trkpt lat="46.531265" lon="13.636437">
                <ele>710.05217</ele>
            </trkpt>
            <trkpt lat="46.53117" lon="13.63638">
                <ele>709.32099</ele>
            </trkpt>
            <trkpt lat="46.531021" lon="13.636247">
                <ele>708.5711</ele>
            </trkpt>
            <trkpt lat="46.530963" lon="13.636141">
                <ele>708.97807</ele>
            </trkpt>
            <trkpt lat="46.530648" lon="13.635257">
                <ele>714.51661</ele>
            </trkpt>
            <trkpt lat="46.530581" lon="13.635152">
                <ele>714.26624</ele>
            </trkpt>
            <trkpt lat="46.529439" lon="13.633962">
                <ele>715.89377</ele>
            </trkpt>
            <trkpt lat="46.529118" lon="13.633595">
                <ele>716.462</ele>
            </trkpt>
            <trkpt lat="46.529026" lon="13.633443">
                <ele>717.4203</ele>
            </trkpt>
            <trkpt lat="46.52877" lon="13.632915">
                <ele>718.75509</ele>
            </trkpt>
            <trkpt lat="46.528098" lon="13.631612">
                <ele>711.37518</ele>
            </trkpt>
            <trkpt lat="46.527999" lon="13.631251">
                <ele>709.25784</ele>
            </trkpt>
            <trkpt lat="46.527719" lon="13.629749">
                <ele>712.79427</ele>
            </trkpt>
            <trkpt lat="46.527578" lon="13.62822">
                <ele>722.69551</ele>
            </trkpt>
            <trkpt lat="46.527581" lon="13.627873">
                <ele>723.66346</ele>
            </trkpt>
            <trkpt lat="46.527636" lon="13.62764">
                <ele>725.66084</ele>
            </trkpt>
            <trkpt lat="46.528042" lon="13.626656">
                <ele>740.38837</ele>
            </trkpt>
            <trkpt lat="46.528057" lon="13.626519">
                <ele>741.91784</ele>
            </trkpt>
            <trkpt lat="46.528027" lon="13.626389">
                <ele>741.70425</ele>
            </trkpt>
            <trkpt lat="46.527814" lon="13.626085">
                <ele>735.30145</ele>
            </trkpt>
            <trkpt lat="46.527507" lon="13.625492">
                <ele>730.1778</ele>
            </trkpt>
            <trkpt lat="46.527456" lon="13.625345">
                <ele>730.68277</ele>
            </trkpt>
            <trkpt lat="46.527378" lon="13.624931">
                <ele>734.14863</ele>
            </trkpt>
            <trkpt lat="46.527288" lon="13.624719">
                <ele>733.22361</ele>
            </trkpt>
            <trkpt lat="46.527163" lon="13.62452">
                <ele>730.46259</ele>
            </trkpt>
            <trkpt lat="46.52586" lon="13.62324">
                <ele>711.31802</ele>
            </trkpt>
            <trkpt lat="46.525843" lon="13.623169">
                <ele>711.56761</ele>
            </trkpt>
            <trkpt lat="46.525842" lon="13.623032">
                <ele>712.77591</ele>
            </trkpt>
            <trkpt lat="46.526284" lon="13.621672">
                <ele>732.19048</ele>
            </trkpt>
            <trkpt lat="46.526299" lon="13.621589">
                <ele>733.04964</ele>
            </trkpt>
            <trkpt lat="46.526298" lon="13.621476">
                <ele>733.65529</ele>
            </trkpt>
            <trkpt lat="46.526258" lon="13.621263">
                <ele>734.97332</ele>
            </trkpt>
            <trkpt lat="46.526221" lon="13.621205">
                <ele>735.64246</ele>
            </trkpt>
            <trkpt lat="46.526167" lon="13.621176">
                <ele>736.18334</ele>
            </trkpt>
            <trkpt lat="46.526077" lon="13.621202">
                <ele>735.6886</ele>
            </trkpt>
            <trkpt lat="46.526004" lon="13.621275">
                <ele>733.51075</ele>
            </trkpt>
            <trkpt lat="46.525682" lon="13.621783">
                <ele>716.33219</ele>
            </trkpt>
            <trkpt lat="46.525581" lon="13.621892">
                <ele>713.64068</ele>
            </trkpt>
            <trkpt lat="46.5255" lon="13.621942">
                <ele>712.10106</ele>
            </trkpt>
            <trkpt lat="46.525336" lon="13.621946">
                <ele>710.01563</ele>
            </trkpt>
            <trkpt lat="46.525236" lon="13.621882">
                <ele>709.43971</ele>
            </trkpt>
            <trkpt lat="46.52479" lon="13.621375">
                <ele>709.87011</ele>
            </trkpt>
            <trkpt lat="46.524471" lon="13.620824">
                <ele>712.95719</ele>
            </trkpt>
            <trkpt lat="46.52435" lon="13.620759">
                <ele>712.40349</ele>
            </trkpt>
            <trkpt lat="46.523932" lon="13.620731">
                <ele>708.67514</ele>
            </trkpt>
            <trkpt lat="46.523838" lon="13.620671">
                <ele>708.32004</ele>
            </trkpt>
            <trkpt lat="46.523567" lon="13.620058">
                <ele>707.94216</ele>
            </trkpt>
            <trkpt lat="46.523309" lon="13.619136">
                <ele>707.73169</ele>
            </trkpt>
            <trkpt lat="46.523272" lon="13.618867">
                <ele>709.07478</ele>
            </trkpt>
            <trkpt lat="46.523272" lon="13.618631">
                <ele>711.18063</ele>
            </trkpt>
            <trkpt lat="46.523139" lon="13.618481">
                <ele>710.88551</ele>
            </trkpt>
            <trkpt lat="46.522903" lon="13.617859">
                <ele>713.95841</ele>
            </trkpt>
            <trkpt lat="46.522512" lon="13.617097">
                <ele>713.7589</ele>
            </trkpt>
            <trkpt lat="46.522079" lon="13.616753">
                <ele>711.7558</ele>
            </trkpt>
            <trkpt lat="46.52207" lon="13.6167">
                <ele>712.41533</ele>
            </trkpt>
            <trkpt lat="46.52198" lon="13.61651">
                <ele>714.10486</ele>
            </trkpt>
            <trkpt lat="46.5218" lon="13.61635">
                <ele>714.52485</ele>
            </trkpt>
            <trkpt lat="46.52141" lon="13.61567">
                <ele>721.5317</ele>
            </trkpt>
            <trkpt lat="46.52114" lon="13.6154">
                <ele>725.02209</ele>
            </trkpt>
            <trkpt lat="46.52093" lon="13.61538">
                <ele>723.03826</ele>
            </trkpt>
            <trkpt lat="46.5207" lon="13.6153">
                <ele>719.28054</ele>
            </trkpt>
            <trkpt lat="46.52056" lon="13.61516">
                <ele>716.40331</ele>
            </trkpt>
            <trkpt lat="46.52048" lon="13.61481">
                <ele>715.88342</ele>
            </trkpt>
            <trkpt lat="46.52045" lon="13.61437">
                <ele>716.67776</ele>
            </trkpt>
            <trkpt lat="46.52043" lon="13.61369">
                <ele>722.13496</ele>
            </trkpt>
            <trkpt lat="46.52046" lon="13.61301">
                <ele>729.41395</ele>
            </trkpt>
            <trkpt lat="46.52053" lon="13.61244">
                <ele>735.28415</ele>
            </trkpt>
            <trkpt lat="46.52054" lon="13.61203">
                <ele>735.88758</ele>
            </trkpt>
            <trkpt lat="46.52051" lon="13.61165">
                <ele>734.37161</ele>
            </trkpt>
            <trkpt lat="46.52043" lon="13.61124">
                <ele>730.45531</ele>
            </trkpt>
            <trkpt lat="46.52043" lon="13.61085">
                <ele>732.16123</ele>
            </trkpt>
            <trkpt lat="46.52053" lon="13.61054">
                <ele>741.20771</ele>
            </trkpt>
            <trkpt lat="46.52056" lon="13.61019">
                <ele>748.42236</ele>
            </trkpt>
            <trkpt lat="46.52056" lon="13.60974">
                <ele>753.96528</ele>
            </trkpt>
            <trkpt lat="46.52067" lon="13.60939">
                <ele>759.01433</ele>
            </trkpt>
            <trkpt lat="46.52061" lon="13.60919">
                <ele>759.75202</ele>
            </trkpt>
            <trkpt lat="46.52045" lon="13.60904">
                <ele>762.27884</ele>
            </trkpt>
            <trkpt lat="46.52019" lon="13.60953">
                <ele>753.05772</ele>
            </trkpt>
            <trkpt lat="46.52016" lon="13.60974">
                <ele>746.99077</ele>
            </trkpt>
            <trkpt lat="46.52001" lon="13.60991">
                <ele>741.70456</ele>
            </trkpt>
            <trkpt lat="46.519902" lon="13.609924">
                <ele>742.58675</ele>
            </trkpt>
            <trkpt lat="46.519496" lon="13.610579">
                <ele>733.88419</ele>
            </trkpt>
            <trkpt lat="46.51945" lon="13.6106">
                <ele>734.90939</ele>
            </trkpt>
            <trkpt lat="46.51934" lon="13.61071">
                <ele>735.24526</ele>
            </trkpt>
            <trkpt lat="46.51924" lon="13.61087">
                <ele>733.6315</ele>
            </trkpt>
            <trkpt lat="46.51916" lon="13.61122">
                <ele>726.86099</ele>
            </trkpt>
            <trkpt lat="46.51865" lon="13.61223">
                <ele>726.38299</ele>
            </trkpt>
            <trkpt lat="46.51821" lon="13.61285">
                <ele>733.5085</ele>
            </trkpt>
            <trkpt lat="46.51802" lon="13.61347">
                <ele>730.7749</ele>
            </trkpt>
            <trkpt lat="46.51747" lon="13.61392">
                <ele>733.45671</ele>
            </trkpt>
            <trkpt lat="46.51697" lon="13.61429">
                <ele>733.13931</ele>
            </trkpt>
            <trkpt lat="46.51668" lon="13.61474">
                <ele>727.56972</ele>
            </trkpt>
            <trkpt lat="46.51636" lon="13.61503">
                <ele>723.57246</ele>
            </trkpt>
            <trkpt lat="46.51573" lon="13.61511">
                <ele>721.44345</ele>
            </trkpt>
            <trkpt lat="46.51533" lon="13.61499">
                <ele>719.30061</ele>
            </trkpt>
            <trkpt lat="46.51477" lon="13.61448">
                <ele>721.81528</ele>
            </trkpt>
            <trkpt lat="46.51449" lon="13.61384">
                <ele>720.83305</ele>
            </trkpt>
            <trkpt lat="46.5143" lon="13.61305">
                <ele>726.93552</ele>
            </trkpt>
            <trkpt lat="46.51393" lon="13.6125">
                <ele>724.2141</ele>
            </trkpt>
            <trkpt lat="46.5135" lon="13.61223">
                <ele>716.98021</ele>
            </trkpt>
            <trkpt lat="46.51319" lon="13.61188">
                <ele>718.60956</ele>
            </trkpt>
            <trkpt lat="46.51313" lon="13.61151">
                <ele>719.73016</ele>
            </trkpt>
            <trkpt lat="46.51314" lon="13.61102">
                <ele>718.5521</ele>
            </trkpt>
            <trkpt lat="46.51351" lon="13.6104">
                <ele>734.06283</ele>
            </trkpt>
            <trkpt lat="46.51377" lon="13.60972">
                <ele>739.34125</ele>
            </trkpt>
            <trkpt lat="46.51411" lon="13.60929">
                <ele>739.43936</ele>
            </trkpt>
            <trkpt lat="46.51433" lon="13.60916">
                <ele>741.62096</ele>
            </trkpt>
            <trkpt lat="46.51485" lon="13.60906">
                <ele>750.32327</ele>
            </trkpt>
            <trkpt lat="46.51501" lon="13.60894">
                <ele>751.59167</ele>
            </trkpt>
            <trkpt lat="46.51512" lon="13.60875">
                <ele>750.76695</ele>
            </trkpt>
            <trkpt lat="46.51538" lon="13.60778">
                <ele>739.15568</ele>
            </trkpt>
            <trkpt lat="46.515381" lon="13.607805">
                <ele>739.68394</ele>
            </trkpt>
            <trkpt lat="46.515542" lon="13.607431">
                <ele>737.21243</ele>
            </trkpt>
            <trkpt lat="46.51476" lon="13.607506">
                <ele>733.08737</ele>
            </trkpt>
            <trkpt lat="46.51394" lon="13.607785">
                <ele>734.25442</ele>
            </trkpt>
            <trkpt lat="46.512666" lon="13.607779">
                <ele>726.21364</ele>
            </trkpt>
            <trkpt lat="46.51179" lon="13.60711">
                <ele>724.9416</ele>
            </trkpt>
            <trkpt lat="46.51121" lon="13.60618">
                <ele>727.07865</ele>
            </trkpt>
            <trkpt lat="46.51073" lon="13.60507">
                <ele>724.60507</ele>
            </trkpt>
            <trkpt lat="46.50984" lon="13.60264">
                <ele>730.66298</ele>
            </trkpt>
            <trkpt lat="46.50954" lon="13.60208">
                <ele>736.69423</ele>
            </trkpt>
            <trkpt lat="46.50843" lon="13.6012">
                <ele>730.8446</ele>
            </trkpt>
            <trkpt lat="46.50804" lon="13.60044">
                <ele>733.11329</ele>
            </trkpt>
            <trkpt lat="46.50778" lon="13.59967">
                <ele>731.31823</ele>
            </trkpt>
            <trkpt lat="46.5077" lon="13.5985">
                <ele>734.52771</ele>
            </trkpt>
            <trkpt lat="46.50754" lon="13.59733">
                <ele>731.92464</ele>
            </trkpt>
            <trkpt lat="46.50736" lon="13.59671">
                <ele>733.14656</ele>
            </trkpt>
            <trkpt lat="46.50691" lon="13.59599">
                <ele>731.54767</ele>
            </trkpt>
            <trkpt lat="46.50652" lon="13.59528">
                <ele>734.08108</ele>
            </trkpt>
            <trkpt lat="46.50635" lon="13.59504">
                <ele>733.58825</ele>
            </trkpt>
            <trkpt lat="46.50593" lon="13.59467">
                <ele>727.16687</ele>
            </trkpt>
            <trkpt lat="46.50571" lon="13.59416">
                <ele>729.72062</ele>
            </trkpt>
            <trkpt lat="46.50564" lon="13.59381">
                <ele>729.79349</ele>
            </trkpt>
            <trkpt lat="46.50559" lon="13.59342">
                <ele>729.66617</ele>
            </trkpt>
            <trkpt lat="46.50547" lon="13.59138">
                <ele>734.97494</ele>
            </trkpt>
            <trkpt lat="46.50526" lon="13.58967">
                <ele>735.43286</ele>
            </trkpt>
            <trkpt lat="46.50503" lon="13.58876">
                <ele>736.76652</ele>
            </trkpt>
            <trkpt lat="46.50497" lon="13.58775">
                <ele>739.83114</ele>
            </trkpt>
            <trkpt lat="46.50487" lon="13.58673">
                <ele>746.59666</ele>
            </trkpt>
            <trkpt lat="46.50463" lon="13.58588">
                <ele>742.46353</ele>
            </trkpt>
            <trkpt lat="46.50436" lon="13.58442">
                <ele>736.69455</ele>
            </trkpt>
            <trkpt lat="46.50439" lon="13.58384">
                <ele>739.13429</ele>
            </trkpt>
            <trkpt lat="46.50458" lon="13.58288">
                <ele>744.0203</ele>
            </trkpt>
            <trkpt lat="46.50476" lon="13.58215">
                <ele>746.63752</ele>
            </trkpt>
            <trkpt lat="46.50487" lon="13.58129">
                <ele>746.23126</ele>
            </trkpt>
            <trkpt lat="46.50479" lon="13.580292">
                <ele>744.34683</ele>
            </trkpt>
        <trkpt lat="46.504826545715332" lon="13.581633567810059">
        <ele>749.796875</ele>
      </trkpt>
      <trkpt lat="46.50486946105957" lon="13.581182956695557">
        <ele>747.12109375</ele>
      </trkpt>
      <trkpt lat="46.50486946105957" lon="13.580646514892578">
        <ele>744.1328125</ele>
      </trkpt>
      <trkpt lat="46.504848003387451" lon="13.580367565155029">
        <ele>743.0390625</ele>
      </trkpt>
      <trkpt lat="46.504826545715332" lon="13.580238819122314">
        <ele>742.41015625</ele>
      </trkpt>
      <trkpt lat="46.504816571250558" lon="13.58017897233367">
        <ele>742.125</ele>
      </trkpt>
      <trkpt lat="46.504805088043213" lon="13.5801100730896">
        <ele>741.80859375</ele>
      </trkpt>
      <trkpt lat="46.504740715026855" lon="13.579659461975098">
        <ele>741.38671875</ele>
      </trkpt>
      <trkpt lat="46.504676342010498" lon="13.579273223876953">
        <ele>741.078125</ele>
      </trkpt>
      <trkpt lat="46.504590511322021" lon="13.578801155090332">
        <ele>739.58203125</ele>
      </trkpt>
      <trkpt lat="46.504590511322021" lon="13.578157424926758">
        <ele>739.3671875</ele>
      </trkpt>
      <trkpt lat="46.504611968994141" lon="13.577771186828613">
        <ele>740.0390625</ele>
      </trkpt>
      <trkpt lat="46.50463342666626" lon="13.577642440795898">
        <ele>740.3984375</ele>
      </trkpt>
      <trkpt lat="46.504826545715332" lon="13.575539588928223">
        <ele>746.984375</ele>
      </trkpt>
      <trkpt lat="46.504890918731689" lon="13.574810028076172">
        <ele>748.17578125</ele>
      </trkpt>
      <trkpt lat="46.504912376403809" lon="13.574681282043457">
        <ele>748.37109375</ele>
      </trkpt>
      <trkpt lat="46.504912376403809" lon="13.5746169090271">
        <ele>748.390625</ele>
      </trkpt>
      <trkpt lat="46.504955291748047" lon="13.574252128601074">
        <ele>748.73828125</ele>
      </trkpt>
      <trkpt lat="46.505062580108643" lon="13.573737144470215">
        <ele>749.48046875</ele>
      </trkpt>
      <trkpt lat="46.505148410797119" lon="13.573458194732666">
        <ele>749.94140625</ele>
      </trkpt>
      <trkpt lat="46.505191326141357" lon="13.573307991027832">
        <ele>750.0859375</ele>
      </trkpt>
      <trkpt lat="46.505427360534668" lon="13.572814464569092">
        <ele>750.49609375</ele>
      </trkpt>
      <trkpt lat="46.505448818206787" lon="13.572771549224854">
        <ele>750.48828125</ele>
      </trkpt>
      <trkpt lat="46.505706310272217" lon="13.572428226470947">
        <ele>750.5859375</ele>
      </trkpt>
      <trkpt lat="46.506221294403076" lon="13.571827411651611">
        <ele>757.05859375</ele>
      </trkpt>
      <trkpt lat="46.506478786468506" lon="13.571441173553467">
        <ele>759.265625</ele>
      </trkpt>
      <trkpt lat="46.506671905517578" lon="13.571033477783203">
        <ele>759.3125</ele>
      </trkpt>
      <trkpt lat="46.50688648223877" lon="13.570325374603271">
        <ele>763.23046875</ele>
      </trkpt>
      <trkpt lat="46.507680416107178" lon="13.56687068939209">
        <ele>774.34765625</ele>
      </trkpt>
      <trkpt lat="46.507723331451416" lon="13.566634654998779">
        <ele>776.94140625</ele>
      </trkpt>
      <trkpt lat="46.507766246795654" lon="13.56611967086792">
        <ele>779.20703125</ele>
      </trkpt>
      <trkpt lat="46.507766246795654" lon="13.565089702606201">
        <ele>778.06640625</ele>
      </trkpt>
      <trkpt lat="46.507787704467773" lon="13.564596176147461">
        <ele>776.82421875</ele>
      </trkpt>
      <trkpt lat="46.507830619812012" lon="13.564338684082031">
        <ele>776.73828125</ele>
      </trkpt>
      <trkpt lat="46.50787353515625" lon="13.564102649688721">
        <ele>776.65625</ele>
      </trkpt>
      <trkpt lat="46.507937908172607" lon="13.563845157623291">
        <ele>776.76953125</ele>
      </trkpt>
      <trkpt lat="46.50813102722168" lon="13.563287258148193">
        <ele>776.46484375</ele>
      </trkpt>
      <trkpt lat="46.508409976959229" lon="13.562600612640381">
        <ele>777.296875</ele>
      </trkpt>
      <trkpt lat="46.508560180664062" lon="13.562107086181641">
        <ele>779.24609375</ele>
      </trkpt>
      <trkpt lat="46.509032249450684" lon="13.559789657592773">
        <ele>778.078125</ele>
      </trkpt>
      <trkpt lat="46.509075164794922" lon="13.559424877166748">
        <ele>776.6953125</ele>
      </trkpt>
      <trkpt lat="46.509096622467041" lon="13.559317588806152">
        <ele>776.26953125</ele>
      </trkpt>
      <trkpt lat="46.509225368499756" lon="13.558652400970459">
        <ele>777.78125</ele>
      </trkpt>
      <trkpt lat="46.509246826171875" lon="13.558180332183838">
        <ele>777.96484375</ele>
      </trkpt>
      <trkpt lat="46.509332656860352" lon="13.557364940643311">
        <ele>780.13671875</ele>
      </trkpt>
      <trkpt lat="46.509482860565186" lon="13.555347919464111">
        <ele>783.3125</ele>
      </trkpt>
      <trkpt lat="46.509525775909424" lon="13.555240631103516">
        <ele>783.875</ele>
      </trkpt>
      <trkpt lat="46.509568691253662" lon="13.555090427398682">
        <ele>784.390625</ele>
      </trkpt>
      <trkpt lat="46.509590148925781" lon="13.554854393005371">
        <ele>784.48828125</ele>
      </trkpt>
      <trkpt lat="46.509847640991211" lon="13.550927639007568">
        <ele>792.0703125</ele>
      </trkpt>
      <trkpt lat="46.509847640991211" lon="13.550691604614258">
        <ele>792.46875</ele>
      </trkpt>
      <trkpt lat="46.509933471679688" lon="13.549554347991943">
        <ele>795.08203125</ele>
      </trkpt>
      <trkpt lat="46.509954929351807" lon="13.549275398254395">
        <ele>795.828125</ele>
      </trkpt>
      <trkpt lat="46.509997844696045" lon="13.548717498779297">
        <ele>797.28125</ele>
      </trkpt>
      <trkpt lat="46.510019302368164" lon="13.548545837402344">
        <ele>797.81640625</ele>
      </trkpt>
      <trkpt lat="46.510040760040283" lon="13.548417091369629">
        <ele>798.26171875</ele>
      </trkpt>
      <trkpt lat="46.510233879089355" lon="13.547623157501221">
        <ele>801.46484375</ele>
      </trkpt>
      <trkpt lat="46.510298252105713" lon="13.547322750091553">
        <ele>803.00390625</ele>
      </trkpt>
      <trkpt lat="46.510469913482666" lon="13.546378612518311">
        <ele>807.140625</ele>
      </trkpt>
      <trkpt lat="46.510512828826904" lon="13.546164035797119">
        <ele>807.9140625</ele>
      </trkpt>
      <trkpt lat="46.510598659515381" lon="13.545498847961426">
        <ele>809.7421875</ele>
      </trkpt>
      <trkpt lat="46.510663032531738" lon="13.544361591339111">
        <ele>811.8828125</ele>
      </trkpt>
      <trkpt lat="46.510663032531738" lon="13.543438911437988">
        <ele>812.9921875</ele>
      </trkpt>
      <trkpt lat="46.510641574859619" lon="13.542966842651367">
        <ele>813.30078125</ele>
      </trkpt>
      <trkpt lat="46.5106201171875" lon="13.542816638946533">
        <ele>813.22265625</ele>
      </trkpt>
      <trkpt lat="46.509354114532471" lon="13.536100387573242">
        <ele>813.2421875</ele>
      </trkpt>
      <trkpt lat="46.509268283843994" lon="13.535692691802979">
        <ele>813.52734375</ele>
      </trkpt>
      <trkpt lat="46.509160995483398" lon="13.535327911376953">
        <ele>813.70703125</ele>
      </trkpt>
      <trkpt lat="46.509032249450684" lon="13.535006046295166">
        <ele>813.92578125</ele>
      </trkpt>
      <trkpt lat="46.50888204574585" lon="13.534684181213379">
        <ele>813.984375</ele>
      </trkpt>
      <trkpt lat="46.508839130401611" lon="13.534619808197021">
        <ele>813.953125</ele>
      </trkpt>
      <trkpt lat="46.508796215057373" lon="13.534576892852783">
        <ele>813.90234375</ele>
      </trkpt>
      <trkpt lat="46.508731842041016" lon="13.534555435180664">
        <ele>813.79296875</ele>
      </trkpt>
      <trkpt lat="46.508710384368896" lon="13.534276485443115">
        <ele>813.90234375</ele>
      </trkpt>
      <trkpt lat="46.508710384368896" lon="13.53416919708252">
        <ele>814.015625</ele>
      </trkpt>
      <trkpt lat="46.508560180664062" lon="13.53416919708252">
        <ele>813.65625</ele>
      </trkpt>
      <trkpt lat="46.508474349975586" lon="13.5341477394104">
        <ele>813.4765625</ele>
      </trkpt>
      <trkpt lat="46.508281230926514" lon="13.533976078033447">
        <ele>813.33203125</ele>
      </trkpt>
      <trkpt lat="46.508259773254395" lon="13.533933162689209">
        <ele>813.38671875</ele>
      </trkpt>
      <trkpt lat="46.507937908172607" lon="13.533718585968018">
        <ele>813.640625</ele>
      </trkpt>
      <trkpt lat="46.507893148809671" lon="13.533687489107251">
        <ele>813.6796875</ele>
      </trkpt>
      <trkpt lat="46.507315635681152" lon="13.533289432525635">
        <ele>814.33984375</ele>
      </trkpt>
      <trkpt lat="46.507229804992676" lon="13.533225059509277">
        <ele>814.48046875</ele>
      </trkpt>
      <trkpt lat="46.506972312927246" lon="13.532967567443848">
        <ele>814.83203125</ele>
      </trkpt>
      <trkpt lat="46.506800651550293" lon="13.532752990722656">
        <ele>814.96875</ele>
      </trkpt>
      <trkpt lat="46.506478786468506" lon="13.532195091247559">
        <ele>816.98828125</ele>
      </trkpt>
      <trkpt lat="46.506328582763672" lon="13.531744480133057">
        <ele>819.03515625</ele>
      </trkpt>
      <trkpt lat="46.506178379058838" lon="13.531100749969482">
        <ele>821.74609375</ele>
      </trkpt>
      <trkpt lat="46.5061354637146" lon="13.5306715965271">
        <ele>822.0390625</ele>
      </trkpt>
      <trkpt lat="46.505985260009766" lon="13.5286545753479">
        <ele>816.76171875</ele>
      </trkpt>
      <trkpt lat="46.50587797164917" lon="13.527817726135254">
        <ele>815.359375</ele>
      </trkpt>
      <trkpt lat="46.505684852600098" lon="13.526637554168701">
        <ele>817.71875</ele>
      </trkpt>
      <trkpt lat="46.505663394927979" lon="13.526358604431152">
        <ele>817.9609375</ele>
      </trkpt>
      <trkpt lat="46.505663394927979" lon="13.526058197021484">
        <ele>817.45703125</ele>
      </trkpt>
      <trkpt lat="46.505684852600098" lon="13.525393009185791">
        <ele>815.734375</ele>
      </trkpt>
      <trkpt lat="46.505663394927979" lon="13.524169921875">
        <ele>812.90625</ele>
      </trkpt>
      <trkpt lat="46.50562047958374" lon="13.523890972137451">
        <ele>813.01171875</ele>
      </trkpt>
      <trkpt lat="46.505534648895264" lon="13.523526191711426">
        <ele>813.23828125</ele>
      </trkpt>
      <trkpt lat="46.505320072174072" lon="13.522796630859375">
        <ele>813.4453125</ele>
      </trkpt>
      <trkpt lat="46.505041122436523" lon="13.521981239318848">
        <ele>812.1171875</ele>
      </trkpt>
      <trkpt lat="46.504961075261235" lon="13.521693237125874">
        <ele>811.05078125</ele>
      </trkpt>
      <trkpt lat="46.504826545715332" lon="13.521208763122559">
        <ele>809.765625</ele>
      </trkpt>
      <trkpt lat="46.504783630371094" lon="13.521037101745605">
        <ele>809.32421875</ele>
      </trkpt>
      <trkpt lat="46.504719257354736" lon="13.520908355712891">
        <ele>809.56640625</ele>
      </trkpt>
      <trkpt lat="46.504654884338379" lon="13.520736694335938">
        <ele>809.51171875</ele>
      </trkpt>
      <trkpt lat="46.504032611846924" lon="13.519299030303955">
        <ele>809.22265625</ele>
      </trkpt>
      <trkpt lat="46.503968238830566" lon="13.519127368927002">
        <ele>811.0390625</ele>
      </trkpt>
      <trkpt lat="46.503860950469971" lon="13.518762588500977">
        <ele>813.40625</ele>
      </trkpt>
      <trkpt lat="46.503818035125732" lon="13.518569469451904">
        <ele>813.8515625</ele>
      </trkpt>
      <trkpt lat="46.503753662109375" lon="13.518161773681641">
        <ele>815</ele>
      </trkpt>
      <trkpt lat="46.503689289093018" lon="13.516831398010254">
        <ele>812.79296875</ele>
      </trkpt>
      <trkpt lat="46.503646373748779" lon="13.516294956207275">
        <ele>808.6953125</ele>
      </trkpt>
      <trkpt lat="46.503453254699707" lon="13.515243530273438">
        <ele>801.4921875</ele>
      </trkpt>
      <trkpt lat="46.503152847290039" lon="13.514041900634766">
        <ele>801.8828125</ele>
      </trkpt>
      <trkpt lat="46.502959728240967" lon="13.513226509094238">
        <ele>802.48046875</ele>
      </trkpt>
      <trkpt lat="46.502852439880371" lon="13.512647151947021">
        <ele>801.203125</ele>
      </trkpt>
      <trkpt lat="46.502852439880371" lon="13.511252403259277">
        <ele>796.9921875</ele>
      </trkpt>
      <trkpt lat="46.502916812896729" lon="13.510544300079346">
        <ele>796.2265625</ele>
      </trkpt>
      <trkpt lat="46.503045558929443" lon="13.508956432342529">
        <ele>795.0078125</ele>
      </trkpt>
      <trkpt lat="46.503045558929443" lon="13.507819175720215">
        <ele>792.53125</ele>
      </trkpt>
      <trkpt lat="46.502981185913086" lon="13.507132530212402">
        <ele>791.75390625</ele>
      </trkpt>
      <trkpt lat="46.50287389755249" lon="13.506531715393066">
        <ele>791.3515625</ele>
      </trkpt>
      <trkpt lat="46.502788066864014" lon="13.50618839263916">
        <ele>790.9921875</ele>
      </trkpt>
      <trkpt lat="46.502509117126465" lon="13.505330085754395">
        <ele>788.83984375</ele>
      </trkpt>
      <trkpt lat="46.501436233520508" lon="13.502669334411621">
        <ele>787.65234375</ele>
      </trkpt>
      <trkpt lat="46.501157283782959" lon="13.501832485198975">
        <ele>786.2734375</ele>
      </trkpt>
      <trkpt lat="46.501071453094482" lon="13.501553535461426">
        <ele>785.859375</ele>
      </trkpt>
      <trkpt lat="46.501007080078125" lon="13.50144624710083">
        <ele>785.86328125</ele>
      </trkpt>
      <trkpt lat="46.501007080078125" lon="13.501360416412354">
        <ele>785.578125</ele>
      </trkpt>
      <trkpt lat="46.501007080078125" lon="13.501296043395996">
        <ele>785.359375</ele>
      </trkpt>
      <trkpt lat="46.501028537750244" lon="13.50121021270752">
        <ele>784.9609375</ele>
      </trkpt>
      <trkpt lat="46.500985622406006" lon="13.500587940216064">
        <ele>783.50390625</ele>
      </trkpt>
      <trkpt lat="46.500964164733887" lon="13.500180244445801">
        <ele>782.69140625</ele>
      </trkpt>
      <trkpt lat="46.500985622406006" lon="13.499879837036133">
        <ele>781.90625</ele>
      </trkpt>
      <trkpt lat="46.501049995422363" lon="13.499493598937988">
        <ele>780.74609375</ele>
      </trkpt>
      <trkpt lat="46.501049995422363" lon="13.499407768249512">
        <ele>780.54296875</ele>
      </trkpt>
      <trkpt lat="46.501071453094482" lon="13.499171733856201">
        <ele>779.87890625</ele>
      </trkpt>
      <trkpt lat="46.501092910766602" lon="13.499107360839844">
        <ele>779.65234375</ele>
      </trkpt>
      <trkpt lat="46.501114368438721" lon="13.49895715713501">
        <ele>779.23046875</ele>
      </trkpt>
      <trkpt lat="46.501200199127197" lon="13.498592376708984">
        <ele>778.3046875</ele>
      </trkpt>
      <trkpt lat="46.501414775848389" lon="13.497991561889648">
        <ele>776.91796875</ele>
      </trkpt>
      <trkpt lat="46.501843929290771" lon="13.497304916381836">
        <ele>779.609375</ele>
      </trkpt>
      <trkpt lat="46.501908302307129" lon="13.497219085693359">
        <ele>780.4453125</ele>
      </trkpt>
      <trkpt lat="46.50212287902832" lon="13.496940135955811">
        <ele>781.2578125</ele>
      </trkpt>
      <trkpt lat="46.503109931945801" lon="13.495802879333496">
        <ele>780.42578125</ele>
      </trkpt>
      <trkpt lat="46.503667831420898" lon="13.495180606842041">
        <ele>780.39453125</ele>
      </trkpt>
      <trkpt lat="46.503903865814209" lon="13.49494457244873">
        <ele>781.015625</ele>
      </trkpt>
      <trkpt lat="46.505277156829834" lon="13.493828773498535">
        <ele>788.13671875</ele>
      </trkpt>
      <trkpt lat="46.505513191223145" lon="13.493614196777344">
        <ele>788.19921875</ele>
      </trkpt>
      <trkpt lat="46.505813598632813" lon="13.493270874023438">
        <ele>786.95703125</ele>
      </trkpt>
      <trkpt lat="46.506049633026123" lon="13.492798805236816">
        <ele>782.921875</ele>
      </trkpt>
      <trkpt lat="46.506478786468506" lon="13.49196195602417">
        <ele>775.484375</ele>
      </trkpt>
      <trkpt lat="46.506907939910889" lon="13.491039276123047">
        <ele>771.85546875</ele>
      </trkpt>
      <trkpt lat="46.507315635681152" lon="13.490052223205566">
        <ele>771.2734375</ele>
      </trkpt>
      <trkpt lat="46.507680416107178" lon="13.48895788192749">
        <ele>771.88671875</ele>
      </trkpt>
      <trkpt lat="46.507937908172607" lon="13.488013744354248">
        <ele>772.91015625</ele>
      </trkpt>
      <trkpt lat="46.508045196533203" lon="13.48745584487915">
        <ele>772.375</ele>
      </trkpt>
      <trkpt lat="46.508173942565918" lon="13.486812114715576">
        <ele>770.984375</ele>
      </trkpt>
      <trkpt lat="46.508281230926514" lon="13.485953807830811">
        <ele>769.66015625</ele>
      </trkpt>
      <trkpt lat="46.508345603942871" lon="13.485267162322998">
        <ele>768.62890625</ele>
      </trkpt>
      <trkpt lat="46.508355075493455" lon="13.485128944739699">
        <ele>768.4296875</ele>
      </trkpt>
      <trkpt lat="46.508355075493455" lon="13.485128944739699">
        <ele>768.4296875</ele>
      </trkpt>
      <trkpt lat="46.508388519287109" lon="13.484644889831543">
        <ele>767.828125</ele>
      </trkpt>
      <trkpt lat="46.508495807647705" lon="13.483443260192871">
        <ele>767.5859375</ele>
      </trkpt>
      <trkpt lat="46.508731842041016" lon="13.481297492980957">
        <ele>768.93359375</ele>
      </trkpt>
      <trkpt lat="46.508989334106445" lon="13.479838371276855">
        <ele>769.27734375</ele>
      </trkpt>
      <trkpt lat="46.509246826171875" lon="13.478851318359375">
        <ele>771.453125</ele>
      </trkpt>
      <trkpt lat="46.509461402893066" lon="13.478035926818848">
        <ele>772.36328125</ele>
      </trkpt>
      <trkpt lat="46.509525775909424" lon="13.477714061737061">
        <ele>771.5859375</ele>
      </trkpt>
      <trkpt lat="46.509568691253662" lon="13.477241992950439">
        <ele>770.5390625</ele>
      </trkpt>
      <trkpt lat="46.5096116065979" lon="13.474087715148926">
        <ele>767.5078125</ele>
      </trkpt>
      <trkpt lat="46.50963306427002" lon="13.473508358001709">
        <ele>767.2890625</ele>
      </trkpt>
      <trkpt lat="46.509783267974854" lon="13.471920490264893">
        <ele>766.98046875</ele>
      </trkpt>
      <trkpt lat="46.509783267974854" lon="13.471834659576416">
        <ele>766.98046875</ele>
      </trkpt>
      <trkpt lat="46.509783267974854" lon="13.471598625183105">
        <ele>766.921875</ele>
      </trkpt>
      <trkpt lat="46.509783267974854" lon="13.471298217773437">
        <ele>766.83203125</ele>
      </trkpt>
      <trkpt lat="46.509783267974854" lon="13.471126556396484">
        <ele>766.77734375</ele>
      </trkpt>
      <trkpt lat="46.509718894958496" lon="13.470160961151123">
        <ele>765.3828125</ele>
      </trkpt>
      <trkpt lat="46.509461402893066" lon="13.468165397644043">
        <ele>759.44140625</ele>
      </trkpt>
      <trkpt lat="46.509182453155518" lon="13.466169834136963">
        <ele>757.86328125</ele>
      </trkpt>
      <trkpt lat="46.508924961090088" lon="13.464088439941406">
        <ele>759.1484375</ele>
      </trkpt>
      <trkpt lat="46.508885230869055" lon="13.463784260675311">
        <ele>758.59375</ele>
      </trkpt>
      <trkpt lat="46.50886058807373" lon="13.463594913482666">
        <ele>758.21484375</ele>
      </trkpt>
      <trkpt lat="46.508839130401611" lon="13.463509082794189">
        <ele>757.9375</ele>
      </trkpt>
      <trkpt lat="46.508474349975586" lon="13.460612297058105">
        <ele>750.72265625</ele>
      </trkpt>
      <trkpt lat="46.508431434631348" lon="13.460333347320557">
        <ele>752.390625</ele>
      </trkpt>
      <trkpt lat="46.508259773254395" lon="13.459196090698242">
        <ele>755.625</ele>
      </trkpt>
      <trkpt lat="46.508152484893799" lon="13.458573818206787">
        <ele>751.07421875</ele>
      </trkpt>
      <trkpt lat="46.508066654205322" lon="13.458273410797119">
        <ele>749.83984375</ele>
      </trkpt>
      <trkpt lat="46.507959365844727" lon="13.457973003387451">
        <ele>749.15234375</ele>
      </trkpt>
      <trkpt lat="46.507809162139893" lon="13.457608222961426">
        <ele>748.80859375</ele>
      </trkpt>
      <trkpt lat="46.507530212402344" lon="13.457157611846924">
        <ele>748.85546875</ele>
      </trkpt>
      <trkpt lat="46.507186889648438" lon="13.456792831420898">
        <ele>748.90234375</ele>
      </trkpt>
      <trkpt lat="46.506800651550293" lon="13.456406593322754">
        <ele>746.51953125</ele>
      </trkpt>
      <trkpt lat="46.506435871124268" lon="13.456063270568848">
        <ele>744.2421875</ele>
      </trkpt>
      <trkpt lat="46.506092548370361" lon="13.455677032470703">
        <ele>745.8984375</ele>
      </trkpt>
      <trkpt lat="46.505792140960693" lon="13.455097675323486">
        <ele>739.98828125</ele>
      </trkpt>
      <trkpt lat="46.505641937255859" lon="13.454647064208984">
        <ele>741.97265625</ele>
      </trkpt>
      <trkpt lat="46.505513191223145" lon="13.454024791717529">
        <ele>742.74609375</ele>
      </trkpt>
      <trkpt lat="46.505491733551025" lon="13.45374584197998">
        <ele>742.16796875</ele>
      </trkpt>
      <trkpt lat="46.50538444519043" lon="13.451213836669922">
        <ele>743.35546875</ele>
      </trkpt>
      <trkpt lat="46.505341529846191" lon="13.450784683227539">
        <ele>742.51171875</ele>
      </trkpt>
      <trkpt lat="46.505277156829834" lon="13.45050573348999">
        <ele>741.80859375</ele>
      </trkpt>
      <trkpt lat="46.505126953125" lon="13.449947834014893">
        <ele>740.6484375</ele>
      </trkpt>
      <trkpt lat="46.505062580108643" lon="13.449776172637939">
        <ele>740.30859375</ele>
      </trkpt>
      <trkpt lat="46.505019664764404" lon="13.449625968933105">
        <ele>739.6875</ele>
      </trkpt>
      <trkpt lat="46.504955291748047" lon="13.449411392211914">
        <ele>739.1953125</ele>
      </trkpt>
      <trkpt lat="46.504805088043213" lon="13.44900369644165">
        <ele>740.78515625</ele>
      </trkpt>
      <trkpt lat="46.504547595977783" lon="13.448145389556885">
        <ele>745.0703125</ele>
      </trkpt>
      <trkpt lat="46.504526138305664" lon="13.44801664352417">
        <ele>744.80078125</ele>
      </trkpt>
      <trkpt lat="46.504204273223877" lon="13.446643352508545">
        <ele>743.93359375</ele>
      </trkpt>
      <trkpt lat="46.503796577453613" lon="13.444991111755371">
        <ele>748.5625</ele>
      </trkpt>
      <trkpt lat="46.503646373748779" lon="13.444132804870605">
        <ele>745.68359375</ele>
      </trkpt>
      <trkpt lat="46.503582000732422" lon="13.443660736083984">
        <ele>744.44140625</ele>
      </trkpt>
      <trkpt lat="46.503410339355469" lon="13.441901206970215">
        <ele>742.68359375</ele>
      </trkpt>
      <trkpt lat="46.503425091505051" lon="13.442052500322461">
        <ele>742.41015625</ele>
      </trkpt>
      <trkpt lat="46.503410339355469" lon="13.441901206970215">
        <ele>742.68359375</ele>
      </trkpt>
      <trkpt lat="46.50338888168335" lon="13.441622257232666">
        <ele>742.828125</ele>
      </trkpt>
      <trkpt lat="46.503260135650635" lon="13.44052791595459">
        <ele>742.69921875</ele>
      </trkpt>
      <trkpt lat="46.50287389755249" lon="13.43726634979248">
        <ele>728.0703125</ele>
      </trkpt>
      <trkpt lat="46.502852439880371" lon="13.437116146087646">
        <ele>726.69140625</ele>
      </trkpt>
      <trkpt lat="46.502315998077393" lon="13.434948921203613">
        <ele>725.3515625</ele>
      </trkpt>
      <trkpt lat="46.502230167388916" lon="13.43451976776123">
        <ele>726.27734375</ele>
      </trkpt>
      <trkpt lat="46.502208709716797" lon="13.434154987335205">
        <ele>725.85546875</ele>
      </trkpt>
      <trkpt lat="46.502294540405273" lon="13.432502746582031">
        <ele>725.67578125</ele>
      </trkpt>
      <trkpt lat="46.502552032470703" lon="13.429327011108398">
        <ele>719.828125</ele>
      </trkpt>
      <trkpt lat="46.502659320831299" lon="13.428082466125488">
        <ele>718.73828125</ele>
      </trkpt>
      <trkpt lat="46.502682203426957" lon="13.427847856655717">
        <ele>719.1640625</ele>
      </trkpt>
      <trkpt lat="46.502745151519775" lon="13.427202701568604">
        <ele>719.56640625</ele>
      </trkpt>
      <trkpt lat="46.502852439880371" lon="13.426494598388672">
        <ele>718.09765625</ele>
      </trkpt>
      <trkpt lat="46.503067016601563" lon="13.425657749176025">
        <ele>713.78125</ele>
      </trkpt>
      <trkpt lat="46.503217220306396" lon="13.425121307373047">
        <ele>712.23046875</ele>
      </trkpt>
      <trkpt lat="46.503324508666992" lon="13.424606323242188">
        <ele>712.203125</ele>
      </trkpt>
      <trkpt lat="46.50338888168335" lon="13.42404842376709">
        <ele>711.74609375</ele>
      </trkpt>
      <trkpt lat="46.50338888168335" lon="13.423490524291992">
        <ele>710.44921875</ele>
      </trkpt>
      <trkpt lat="46.503324508666992" lon="13.423018455505371">
        <ele>708.26171875</ele>
      </trkpt>
      <trkpt lat="46.503217220306396" lon="13.422610759735107">
        <ele>707.1171875</ele>
      </trkpt>
      <trkpt lat="46.503045558929443" lon="13.422138690948486">
        <ele>703.1484375</ele>
      </trkpt>
      <trkpt lat="46.502809524536133" lon="13.421688079833984">
        <ele>699.21484375</ele>
      </trkpt>
      <trkpt lat="46.502594947814941" lon="13.421323299407959">
        <ele>696.828125</ele>
      </trkpt>
      <trkpt lat="46.501693725585937" lon="13.420486450195313">
        <ele>692.84375</ele>
      </trkpt>
      <trkpt lat="46.501414775848389" lon="13.420271873474121">
        <ele>693.12109375</ele>
      </trkpt>
      <trkpt lat="46.501178741455078" lon="13.419950008392334">
        <ele>693.97265625</ele>
      </trkpt>
      <trkpt lat="46.500942707061768" lon="13.419499397277832">
        <ele>695.9296875</ele>
      </trkpt>
      <trkpt lat="46.500728130340576" lon="13.418855667114258">
        <ele>697.34765625</ele>
      </trkpt>
      <trkpt lat="46.500599384307861" lon="13.418211936950684">
        <ele>697.953125</ele>
      </trkpt>
      <trkpt lat="46.500556468963623" lon="13.417503833770752">
        <ele>697.60546875</ele>
      </trkpt>
      <trkpt lat="46.500663757324219" lon="13.416430950164795">
        <ele>695.4765625</ele>
      </trkpt>
      <trkpt lat="46.500921249389648" lon="13.413941860198975">
        <ele>685.61328125</ele>
      </trkpt>
      <trkpt lat="46.501007080078125" lon="13.41280460357666">
        <ele>681.4765625</ele>
      </trkpt>
      <trkpt lat="46.500985622406006" lon="13.41254711151123">
        <ele>680.86328125</ele>
      </trkpt>
      <trkpt lat="46.500921249389648" lon="13.412096500396729">
        <ele>679.48828125</ele>
      </trkpt>
      <trkpt lat="46.500835418701172" lon="13.411624431610107">
        <ele>678.01171875</ele>
      </trkpt>
      <trkpt lat="46.500406265258789" lon="13.4098219871521">
        <ele>681.1953125</ele>
      </trkpt>
      <trkpt lat="46.500298976898193" lon="13.409221172332764">
        <ele>680.88671875</ele>
      </trkpt>
      <trkpt lat="46.500256061553955" lon="13.408620357513428">
        <ele>678.8046875</ele>
      </trkpt>
      <trkpt lat="46.500298976898193" lon="13.407847881317139">
        <ele>682.2890625</ele>
      </trkpt>
      <trkpt lat="46.500427722930908" lon="13.407225608825684">
        <ele>682.8515625</ele>
      </trkpt>
      <trkpt lat="46.5006422996521" lon="13.406538963317871">
        <ele>680.30859375</ele>
      </trkpt>
      <trkpt lat="46.501071453094482" lon="13.405594825744629">
        <ele>677.08984375</ele>
      </trkpt>
      <trkpt lat="46.501264572143555" lon="13.40507984161377">
        <ele>674.765625</ele>
      </trkpt>
      <trkpt lat="46.501414775848389" lon="13.404586315155029">
        <ele>671.75</ele>
      </trkpt>
      <trkpt lat="46.501500606536865" lon="13.404092788696289">
        <ele>669.30078125</ele>
      </trkpt>
      <trkpt lat="46.501500606536865" lon="13.4033203125">
        <ele>667.03515625</ele>
      </trkpt>
      <trkpt lat="46.501457691192627" lon="13.402934074401855">
        <ele>666.65234375</ele>
      </trkpt>
      <trkpt lat="46.501307487487793" lon="13.4023118019104">
        <ele>667.06640625</ele>
      </trkpt>
      <trkpt lat="46.501071453094482" lon="13.401668071746826">
        <ele>667.75</ele>
      </trkpt>
      <trkpt lat="46.50062084197998" lon="13.40083122253418">
        <ele>670.62890625</ele>
      </trkpt>
      <trkpt lat="46.500449180603027" lon="13.400423526763916">
        <ele>670.9921875</ele>
      </trkpt>
      <trkpt lat="46.500277519226074" lon="13.399994373321533">
        <ele>670.65234375</ele>
      </trkpt>
      <trkpt lat="46.500213146209717" lon="13.399736881256104">
        <ele>670.390625</ele>
      </trkpt>
      <trkpt lat="46.500105857849121" lon="13.399200439453125">
        <ele>669.6875</ele>
      </trkpt>
      <trkpt lat="46.500062942504883" lon="13.398771286010742">
        <ele>669.60546875</ele>
      </trkpt>
      <trkpt lat="46.500084400177002" lon="13.398063182830811">
        <ele>668.89453125</ele>
      </trkpt>
      <trkpt lat="46.500170230865479" lon="13.397226333618164">
        <ele>667.2421875</ele>
      </trkpt>
      <trkpt lat="46.500341892242432" lon="13.395874500274658">
        <ele>663.1640625</ele>
      </trkpt>
      <trkpt lat="46.500685214996338" lon="13.393535614013672">
        <ele>656.0390625</ele>
      </trkpt>
      <trkpt lat="46.500921249389648" lon="13.391947746276855">
        <ele>654.95703125</ele>
      </trkpt>
      <trkpt lat="46.501028537750244" lon="13.391282558441162">
        <ele>653.38671875</ele>
      </trkpt>
      <trkpt lat="46.501049995422363" lon="13.391003608703613">
        <ele>652.92578125</ele>
      </trkpt>
      <trkpt lat="46.501092910766602" lon="13.386454582214355">
        <ele>648.48046875</ele>
      </trkpt>
      <trkpt lat="46.501114368438721" lon="13.3858323097229">
        <ele>645.953125</ele>
      </trkpt>
      <trkpt lat="46.501200199127197" lon="13.385124206542969">
        <ele>643.98828125</ele>
      </trkpt>
      <trkpt lat="46.501328945159912" lon="13.384652137756348">
        <ele>643.47265625</ele>
      </trkpt>
      <trkpt lat="46.501479148864746" lon="13.384180068969727">
        <ele>643.171875</ele>
      </trkpt>
      <trkpt lat="46.501865386962891" lon="13.383214473724365">
        <ele>642.53515625</ele>
      </trkpt>
      <trkpt lat="46.501908302307129" lon="13.38308572769165">
        <ele>642.33984375</ele>
      </trkpt>
      <trkpt lat="46.501951217651367" lon="13.382978439331055">
        <ele>642.12890625</ele>
      </trkpt>
      <trkpt lat="46.501994132995605" lon="13.382914066314697">
        <ele>641.85546875</ele>
      </trkpt>
      <trkpt lat="46.502251625061035" lon="13.382291793823242">
        <ele>640.55078125</ele>
      </trkpt>
      <trkpt lat="46.50238037109375" lon="13.381969928741455">
        <ele>639.85546875</ele>
      </trkpt>
      <trkpt lat="46.502444744110107" lon="13.381690979003906">
        <ele>639.48828125</ele>
      </trkpt>
      <trkpt lat="46.502509117126465" lon="13.381519317626953">
        <ele>638.9921875</ele>
      </trkpt>
      <trkpt lat="46.502552032470703" lon="13.381433486938477">
        <ele>638.9375</ele>
      </trkpt>
      <trkpt lat="46.50263786315918" lon="13.381304740905762">
        <ele>638.78515625</ele>
      </trkpt>
      <trkpt lat="46.503024101257324" lon="13.380489349365234">
        <ele>637.109375</ele>
      </trkpt>
      <trkpt lat="46.503324508666992" lon="13.379931449890137">
        <ele>635.72265625</ele>
      </trkpt>
      <trkpt lat="46.503667831420898" lon="13.37935209274292">
        <ele>649.91796875</ele>
      </trkpt>
      <trkpt lat="46.503689289093018" lon="13.379309177398682">
        <ele>650.609375</ele>
      </trkpt>
      <trkpt lat="46.503753662109375" lon="13.379116058349609">
        <ele>652.16796875</ele>
      </trkpt>
      <trkpt lat="46.503818035125732" lon="13.378815650939941">
        <ele>652.7890625</ele>
      </trkpt>
      <trkpt lat="46.503903865814209" lon="13.378365039825439">
        <ele>653.46875</ele>
      </trkpt>
      <trkpt lat="46.503946781158447" lon="13.377935886383057">
        <ele>653.6953125</ele>
      </trkpt>
      <trkpt lat="46.503989696502686" lon="13.37709903717041">
        <ele>650.99609375</ele>
      </trkpt>
      <trkpt lat="46.504032611846924" lon="13.376133441925049">
        <ele>644.2109375</ele>
      </trkpt>
      <trkpt lat="46.504032611846924" lon="13.375768661499023">
        <ele>643.78515625</ele>
      </trkpt>
      <trkpt lat="46.503989696502686" lon="13.375403881072998">
        <ele>643.6328125</ele>
      </trkpt>
      <trkpt lat="46.503989696502686" lon="13.375039100646973">
        <ele>644.11328125</ele>
      </trkpt>
      <trkpt lat="46.504011154174805" lon="13.374137878417969">
        <ele>643.55859375</ele>
      </trkpt>
      <trkpt lat="46.504096984863281" lon="13.37310791015625">
        <ele>639.39453125</ele>
      </trkpt>
      <trkpt lat="46.504204273223877" lon="13.372228145599365">
        <ele>635.0859375</ele>
      </trkpt>
      <trkpt lat="46.504290103912354" lon="13.371734619140625">
        <ele>635.17578125</ele>
      </trkpt>
      <trkpt lat="46.50437593460083" lon="13.371305465698242">
        <ele>635.99609375</ele>
      </trkpt>
      <trkpt lat="46.504611968994141" lon="13.370018005371094">
        <ele>632.6875</ele>
      </trkpt>
      <trkpt lat="46.504783630371094" lon="13.36937427520752">
        <ele>627.734375</ele>
      </trkpt>
      <trkpt lat="46.505105495452881" lon="13.36860179901123">
        <ele>624.59375</ele>
      </trkpt>
      <trkpt lat="46.505298614501953" lon="13.367936611175537">
        <ele>627.27734375</ele>
      </trkpt>
      <trkpt lat="46.505362987518311" lon="13.36761474609375">
        <ele>627.734375</ele>
      </trkpt>
      <trkpt lat="46.505963802337646" lon="13.365511894226074">
        <ele>621.0703125</ele>
      </trkpt>
      <trkpt lat="46.506221294403076" lon="13.364953994750977">
        <ele>621.32421875</ele>
      </trkpt>
      <trkpt lat="46.506350040435791" lon="13.364803791046143">
        <ele>621.35546875</ele>
      </trkpt>
      <trkpt lat="46.506714820861816" lon="13.364396095275879">
        <ele>619.35546875</ele>
      </trkpt>
      <trkpt lat="46.507272720336914" lon="13.363902568817139">
        <ele>624.6796875</ele>
      </trkpt>
      <trkpt lat="46.507465839385986" lon="13.363687992095947">
        <ele>624.6484375</ele>
      </trkpt>
      <trkpt lat="46.50761604309082" lon="13.363473415374756">
        <ele>625.33984375</ele>
      </trkpt>
      <trkpt lat="46.507852077484131" lon="13.36313009262085">
        <ele>627.86328125</ele>
      </trkpt>
      <trkpt lat="46.508002281188965" lon="13.362808227539063">
        <ele>628.33203125</ele>
      </trkpt>
      <trkpt lat="46.50813102722168" lon="13.362443447113037">
        <ele>627.5390625</ele>
      </trkpt>
      <trkpt lat="46.50836706161499" lon="13.361542224884033">
        <ele>622.90625</ele>
      </trkpt>
      <trkpt lat="46.508581638336182" lon="13.360898494720459">
        <ele>623.9296875</ele>
      </trkpt>
      <trkpt lat="46.508731842041016" lon="13.3603835105896">
        <ele>624.16015625</ele>
      </trkpt>
      <trkpt lat="46.50886058807373" lon="13.359997272491455">
        <ele>623.875</ele>
      </trkpt>
      <trkpt lat="46.509397029876709" lon="13.358838558197021">
        <ele>626.13671875</ele>
      </trkpt>
      <trkpt lat="46.509525775909424" lon="13.358473777770996">
        <ele>626.79296875</ele>
      </trkpt>
      <trkpt lat="46.509675979614258" lon="13.357958793640137">
        <ele>627.01171875</ele>
      </trkpt>
      <trkpt lat="46.509783267974854" lon="13.357422351837158">
        <ele>625.53125</ele>
      </trkpt>
      <trkpt lat="46.509826183319092" lon="13.357079029083252">
        <ele>624.11328125</ele>
      </trkpt>
      <trkpt lat="46.509847640991211" lon="13.356692790985107">
        <ele>621.6875</ele>
      </trkpt>
      <trkpt lat="46.509933471679688" lon="13.356091976165771">
        <ele>617.9609375</ele>
      </trkpt>
      <trkpt lat="46.510319709777832" lon="13.354611396789551">
        <ele>630.84765625</ele>
      </trkpt>
      <trkpt lat="46.51087760925293" lon="13.351714611053467">
        <ele>618.83203125</ele>
      </trkpt>
      <trkpt lat="46.51087760925293" lon="13.351564407348633">
        <ele>617.98046875</ele>
      </trkpt>
      <trkpt lat="46.510941982269287" lon="13.350770473480225">
        <ele>616.40234375</ele>
      </trkpt>
      <trkpt lat="46.511049270629883" lon="13.350040912628174">
        <ele>616.65234375</ele>
      </trkpt>
      <trkpt lat="46.511070728302002" lon="13.349826335906982">
        <ele>615.953125</ele>
      </trkpt>
      <trkpt lat="46.511220932006836" lon="13.348946571350098">
        <ele>614.80078125</ele>
      </trkpt>
      <trkpt lat="46.511340960860252" lon="13.348098490387201">
        <ele>612.08203125</ele>
      </trkpt>
      <trkpt lat="46.511542797088623" lon="13.346672058105469">
        <ele>614.73046875</ele>
      </trkpt>
      <trkpt lat="46.511671543121338" lon="13.345363140106201">
        <ele>610.16796875</ele>
      </trkpt>
      <trkpt lat="46.511735916137695" lon="13.343474864959717">
        <ele>598.55859375</ele>
      </trkpt>
      <trkpt lat="46.511821746826172" lon="13.343367576599121">
        <ele>602.453125</ele>
      </trkpt>
      <trkpt lat="46.511907577514648" lon="13.342981338500977">
        <ele>605.46875</ele>
      </trkpt>
      <trkpt lat="46.511950492858887" lon="13.342552185058594">
        <ele>606.171875</ele>
      </trkpt>
      <trkpt lat="46.511950492858887" lon="13.34190845489502">
        <ele>604.859375</ele>
      </trkpt>
      <trkpt lat="46.511907577514648" lon="13.341329097747803">
        <ele>602.921875</ele>
      </trkpt>
      <trkpt lat="46.511907577514648" lon="13.341178894042969">
        <ele>602.84765625</ele>
      </trkpt>
      <trkpt lat="46.511907577514648" lon="13.341050148010254">
        <ele>602.78515625</ele>
      </trkpt>
      <trkpt lat="46.511971950531006" lon="13.340578079223633">
        <ele>604.77734375</ele>
      </trkpt>
      <trkpt lat="46.512207984924316" lon="13.339033126831055">
        <ele>603.94140625</ele>
      </trkpt>
      <trkpt lat="46.512315273284912" lon="13.338196277618408">
        <ele>599.9375</ele>
      </trkpt>
      <trkpt lat="46.51237964630127" lon="13.337574005126953">
        <ele>597.51171875</ele>
      </trkpt>
      <trkpt lat="46.512444019317627" lon="13.336565494537354">
        <ele>595.5078125</ele>
      </trkpt>
      <trkpt lat="46.512444019317627" lon="13.335964679718018">
        <ele>594.5390625</ele>
      </trkpt>
      <trkpt lat="46.512315273284912" lon="13.334183692932129">
        <ele>592</ele>
      </trkpt>
      <trkpt lat="46.512293815612793" lon="13.33366870880127">
        <ele>591.640625</ele>
      </trkpt>
      <trkpt lat="46.512508392333984" lon="13.332273960113525">
        <ele>601.85546875</ele>
      </trkpt>
      <trkpt lat="46.512526161968708" lon="13.332025436684489">
        <ele>602.9765625</ele>
      </trkpt>
      <trkpt lat="46.512529850006104" lon="13.331973552703857">
        <ele>603.22265625</ele>
      </trkpt>
      <trkpt lat="46.512508392333984" lon="13.331758975982666">
        <ele>601.08203125</ele>
      </trkpt>
      <trkpt lat="46.51237964630127" lon="13.331072330474854">
        <ele>592.4375</ele>
      </trkpt>
      <trkpt lat="46.512165069580078" lon="13.330428600311279">
        <ele>584.87109375</ele>
      </trkpt>
      <trkpt lat="46.511907577514648" lon="13.329784870147705">
        <ele>581.4921875</ele>
      </trkpt>
      <trkpt lat="46.511886119842529" lon="13.329591751098633">
        <ele>582.03515625</ele>
      </trkpt>
      <trkpt lat="46.511821746826172" lon="13.328368663787842">
        <ele>588.3515625</ele>
      </trkpt>
      <trkpt lat="46.511735916137695" lon="13.327896595001221">
        <ele>591.16796875</ele>
      </trkpt>
      <trkpt lat="46.511521339416504" lon="13.327231407165527">
        <ele>592.734375</ele>
      </trkpt>
      <trkpt lat="46.511199474334717" lon="13.326566219329834">
        <ele>590.63671875</ele>
      </trkpt>
      <trkpt lat="46.511006355285645" lon="13.326051235198975">
        <ele>587.93359375</ele>
      </trkpt>
      <trkpt lat="46.510899066925049" lon="13.32542896270752">
        <ele>584.54296875</ele>
      </trkpt>
      <trkpt lat="46.510834693908691" lon="13.325321674346924">
        <ele>583.45703125</ele>
      </trkpt>
      <trkpt lat="46.510684490203857" lon="13.325214385986328">
        <ele>581.79296875</ele>
      </trkpt>
      <trkpt lat="46.51036262512207" lon="13.325214385986328">
        <ele>579.08984375</ele>
      </trkpt>
      <trkpt lat="46.509482860565186" lon="13.32517147064209">
        <ele>571.7265625</ele>
      </trkpt>
      <trkpt lat="46.509332656860352" lon="13.324999809265137">
        <ele>570.63671875</ele>
      </trkpt>
      <trkpt lat="46.509311199188232" lon="13.324935436248779">
        <ele>570.52734375</ele>
      </trkpt>
      <trkpt lat="46.509160995483398" lon="13.323819637298584">
        <ele>572.0234375</ele>
      </trkpt>
      <trkpt lat="46.509160995483398" lon="13.323647975921631">
        <ele>572.63671875</ele>
      </trkpt>
      <trkpt lat="46.509182453155518" lon="13.323583602905273">
        <ele>572.99609375</ele>
      </trkpt>
      <trkpt lat="46.509225368499756" lon="13.323497772216797">
        <ele>573.328125</ele>
      </trkpt>
      <trkpt lat="46.509354114532471" lon="13.323347568511963">
        <ele>574.01953125</ele>
      </trkpt>
      <trkpt lat="46.50937557220459" lon="13.323240280151367">
        <ele>574.09765625</ele>
      </trkpt>
      <trkpt lat="46.509075164794922" lon="13.322832584381104">
        <ele>571.54296875</ele>
      </trkpt>
      <trkpt lat="46.509053707122803" lon="13.32266092300415">
        <ele>571.0859375</ele>
      </trkpt>
      <trkpt lat="46.508989334106445" lon="13.321866989135742">
        <ele>568.734375</ele>
      </trkpt>
      <trkpt lat="46.508560180664062" lon="13.317596912384033">
        <ele>562.38671875</ele>
      </trkpt>
      <trkpt lat="46.508560180664062" lon="13.317489624023438">
        <ele>562.38671875</ele>
      </trkpt>
      <trkpt lat="46.508431434631348" lon="13.315601348876953">
        <ele>561.734375</ele>
      </trkpt>
      <trkpt lat="46.508409976959229" lon="13.315258026123047">
        <ele>561.578125</ele>
      </trkpt>
      <trkpt lat="46.508345603942871" lon="13.315129280090332">
        <ele>561.1171875</ele>
      </trkpt>
      <trkpt lat="46.508324146270752" lon="13.314850330352783">
        <ele>560.96875</ele>
      </trkpt>
      <trkpt lat="46.508216857910156" lon="13.313755989074707">
        <ele>560.0546875</ele>
      </trkpt>
      <trkpt lat="46.508195400238037" lon="13.313498497009277">
        <ele>559.953125</ele>
      </trkpt>
      <trkpt lat="46.508109569549561" lon="13.31268310546875">
        <ele>560.44921875</ele>
      </trkpt>
      <trkpt lat="46.508088111877441" lon="13.312468528747559">
        <ele>560.4765625</ele>
      </trkpt>
      <trkpt lat="46.508066654205322" lon="13.312318325042725">
        <ele>560.4375</ele>
      </trkpt>
      <trkpt lat="46.508002281188965" lon="13.311481475830078">
        <ele>560.73828125</ele>
      </trkpt>
      <trkpt lat="46.507916450500488" lon="13.310794830322266">
        <ele>560.99609375</ele>
      </trkpt>
      <trkpt lat="46.507916450500488" lon="13.310730457305908">
        <ele>561.11328125</ele>
      </trkpt>
      <trkpt lat="46.507894992828369" lon="13.310494422912598">
        <ele>561.375</ele>
      </trkpt>
      <trkpt lat="46.50787353515625" lon="13.310365676879883">
        <ele>561.44921875</ele>
      </trkpt>
      <trkpt lat="46.507852077484131" lon="13.309957981109619">
        <ele>562.15234375</ele>
      </trkpt>
      <trkpt lat="46.507809162139893" lon="13.309528827667236">
        <ele>562.7109375</ele>
      </trkpt>
      <trkpt lat="46.507766246795654" lon="13.309271335601807">
        <ele>563.01953125</ele>
      </trkpt>
      <trkpt lat="46.507723331451416" lon="13.309056758880615">
        <ele>563.37890625</ele>
      </trkpt>
      <trkpt lat="46.507680416107178" lon="13.30894947052002">
        <ele>563.35546875</ele>
      </trkpt>
      <trkpt lat="46.50761604309082" lon="13.308799266815186">
        <ele>563.27734375</ele>
      </trkpt>
      <trkpt lat="46.507508754730225" lon="13.308541774749756">
        <ele>563.17578125</ele>
      </trkpt>
      <trkpt lat="46.507465839385986" lon="13.308455944061279">
        <ele>563.109375</ele>
      </trkpt>
      <trkpt lat="46.50738000869751" lon="13.308284282684326">
        <ele>563.00390625</ele>
      </trkpt>
      <trkpt lat="46.507337093353271" lon="13.30819845199585">
        <ele>562.953125</ele>
      </trkpt>
      <trkpt lat="46.507272720336914" lon="13.307983875274658">
        <ele>563.18359375</ele>
      </trkpt>
      <trkpt lat="46.507251262664795" lon="13.307919502258301">
        <ele>563.23828125</ele>
      </trkpt>
      <trkpt lat="46.507229804992676" lon="13.307855129241943">
        <ele>563.2890625</ele>
      </trkpt>
      <trkpt lat="46.507186889648438" lon="13.307726383209229">
        <ele>563.390625</ele>
      </trkpt>
      <trkpt lat="46.507143974304199" lon="13.307597637176514">
        <ele>563.2109375</ele>
      </trkpt>
      <trkpt lat="46.507101058959961" lon="13.307468891143799">
        <ele>562.99609375</ele>
      </trkpt>
      <trkpt lat="46.506950855255127" lon="13.307254314422607">
        <ele>561.80078125</ele>
      </trkpt>
      <trkpt lat="46.506822109222412" lon="13.306996822357178">
        <ele>560.6640625</ele>
      </trkpt>
      <trkpt lat="46.50662899017334" lon="13.306460380554199">
        <ele>558.79296875</ele>
      </trkpt>
      <trkpt lat="46.506586074829102" lon="13.306331634521484">
        <ele>558.56640625</ele>
      </trkpt>
      <trkpt lat="46.506521701812744" lon="13.30620288848877">
        <ele>558.2578125</ele>
      </trkpt>
      <trkpt lat="46.506264209747314" lon="13.305923938751221">
        <ele>557.08203125</ele>
      </trkpt>
      <trkpt lat="46.506071090698242" lon="13.305666446685791">
        <ele>556.15234375</ele>
      </trkpt>
      <trkpt lat="46.506028175354004" lon="13.305602073669434">
        <ele>555.9453125</ele>
      </trkpt>
      <trkpt lat="46.505963802337646" lon="13.305494785308838">
        <ele>555.63671875</ele>
      </trkpt>
      <trkpt lat="46.505749225616455" lon="13.305215835571289">
        <ele>554.953125</ele>
      </trkpt>
      <trkpt lat="46.505663394927979" lon="13.305065631866455">
        <ele>555.5703125</ele>
      </trkpt>
      <trkpt lat="46.50562047958374" lon="13.305022716522217">
        <ele>555.7265625</ele>
      </trkpt>
      <trkpt lat="46.505554681643844" lon="13.304899921640754">
        <ele>556.23828125</ele>
      </trkpt>
      <trkpt lat="46.505450326949358" lon="13.304766733199358">
        <ele>556.75</ele>
      </trkpt>
      <trkpt lat="46.505338763818145" lon="13.304657349362969">
        <ele>557.14453125</ele>
      </trkpt>
      <trkpt lat="46.505174981430173" lon="13.304512426257133">
        <ele>557.640625</ele>
      </trkpt>
      <trkpt lat="46.505034668371081" lon="13.304393570870161">
        <ele>558.046875</ele>
      </trkpt>
      <trkpt lat="46.504936767742038" lon="13.304330203682184">
        <ele>558.44921875</ele>
      </trkpt>
      <trkpt lat="46.50476242415607" lon="13.304271027445793">
        <ele>558.6640625</ele>
      </trkpt>
      <trkpt lat="46.504604257643223" lon="13.304226184263825">
        <ele>558.74609375</ele>
      </trkpt>
      <trkpt lat="46.504426309838891" lon="13.304198104888201">
        <ele>558.63671875</ele>
      </trkpt>
      <trkpt lat="46.504178373143077" lon="13.304184526205063">
        <ele>558.28125</ele>
      </trkpt>
      <trkpt lat="46.503881486132741" lon="13.304226016625762">
        <ele>557.12109375</ele>
      </trkpt>
      <trkpt lat="46.503567080944777" lon="13.304267423227429">
        <ele>555.8203125</ele>
      </trkpt>
      <trkpt lat="46.503306655213237" lon="13.304299106821418">
        <ele>554.65625</ele>
      </trkpt>
      <trkpt lat="46.503068776801229" lon="13.304294664412737">
        <ele>553.4140625</ele>
      </trkpt>
      <trkpt lat="46.502878339961171" lon="13.304257029667497">
        <ele>552.609375</ele>
      </trkpt>
      <trkpt lat="46.502673402428627" lon="13.304181341081858">
        <ele>551.8125</ele>
      </trkpt>
      <trkpt lat="46.50256016291678" lon="13.304143454879522">
        <ele>551.27734375</ele>
      </trkpt>
      <trkpt lat="46.502338964492083" lon="13.304017810150981">
        <ele>550.49609375</ele>
      </trkpt>
      <trkpt lat="46.502144336700439" lon="13.303864002227783">
        <ele>549.9296875</ele>
      </trkpt>
      <trkpt lat="46.501951217651367" lon="13.303670883178711">
        <ele>549.3984375</ele>
      </trkpt>
      <trkpt lat="46.50188684463501" lon="13.303585052490234">
        <ele>549.25390625</ele>
      </trkpt>
      <trkpt lat="46.501736640930176" lon="13.303391933441162">
        <ele>549.12890625</ele>
      </trkpt>
      <trkpt lat="46.501522064208984" lon="13.303091526031494">
        <ele>549.16796875</ele>
      </trkpt>
      <trkpt lat="46.500728130340576" lon="13.302083015441895">
        <ele>551.6484375</ele>
      </trkpt>
      <trkpt lat="46.500599384307861" lon="13.301911354064941">
        <ele>552.34375</ele>
      </trkpt>
      <trkpt lat="46.500492095947266" lon="13.301761150360107">
        <ele>554.2265625</ele>
      </trkpt>
      <trkpt lat="46.500427722930908" lon="13.301675319671631">
        <ele>555.21875</ele>
      </trkpt>
      <trkpt lat="46.500105857849121" lon="13.301246166229248">
        <ele>558.26953125</ele>
      </trkpt>
      <trkpt lat="46.499569416046143" lon="13.300559520721436">
        <ele>559.96875</ele>
      </trkpt>
      <trkpt lat="46.499354839324951" lon="13.300344944000244">
        <ele>558.05859375</ele>
      </trkpt>
      <trkpt lat="46.499118804931641" lon="13.30019474029541">
        <ele>555.34375</ele>
      </trkpt>
      <trkpt lat="46.498947143554688" lon="13.300130367279053">
        <ele>555.8125</ele>
      </trkpt>
      <trkpt lat="46.498796939849854" lon="13.300087451934814">
        <ele>556.0625</ele>
      </trkpt>
      <trkpt lat="46.498668193817139" lon="13.300023078918457">
        <ele>556.67578125</ele>
      </trkpt>
      <trkpt lat="46.498603820800781" lon="13.299980163574219">
        <ele>557.140625</ele>
      </trkpt>
      <trkpt lat="46.498517990112305" lon="13.2999587059021">
        <ele>557.26953125</ele>
      </trkpt>
      <trkpt lat="46.498505668714643" lon="13.299924926832318">
        <ele>557.72265625</ele>
      </trkpt>
      <trkpt lat="46.49838924407959" lon="13.299851417541504">
        <ele>558.55078125</ele>
      </trkpt>
      <trkpt lat="46.498324871063232" lon="13.299765586853027">
        <ele>559.6328125</ele>
      </trkpt>
      <trkpt lat="46.498324871063232" lon="13.299765586853027">
        <ele>559.6328125</ele>
      </trkpt>
      <trkpt lat="46.498024463653564" lon="13.299314975738525">
        <ele>564.3359375</ele>
      </trkpt>
      <trkpt lat="46.497809886932373" lon="13.299186229705811">
        <ele>565.328125</ele>
      </trkpt>
      <trkpt lat="46.49763822555542" lon="13.299143314361572">
        <ele>565.38671875</ele>
      </trkpt>
      <trkpt lat="46.497488021850586" lon="13.299143314361572">
        <ele>564.90234375</ele>
      </trkpt>
      <trkpt lat="46.496715545654297" lon="13.299121856689453">
        <ele>567.14453125</ele>
      </trkpt>
      <trkpt lat="46.496007442474365" lon="13.299143314361572">
        <ele>572.28125</ele>
      </trkpt>
      <trkpt lat="46.49578582495451" lon="13.299188073724508">
        <ele>572.6640625</ele>
      </trkpt>
      <trkpt lat="46.494312286376953" lon="13.299486637115479">
        <ele>565.11328125</ele>
      </trkpt>
      <trkpt lat="46.494162082672119" lon="13.299508094787598">
        <ele>563.18359375</ele>
      </trkpt>
      <trkpt lat="46.493625640869141" lon="13.299615383148193">
        <ele>564.6015625</ele>
      </trkpt>
      <trkpt lat="46.492660045623779" lon="13.299400806427002">
        <ele>569.89453125</ele>
      </trkpt>
      <trkpt lat="46.491994857788086" lon="13.299036026000977">
        <ele>565.3515625</ele>
      </trkpt>
      <trkpt lat="46.491544246673584" lon="13.298757076263428">
        <ele>562.6015625</ele>
      </trkpt>
      <trkpt lat="46.491479873657227" lon="13.298714160919189">
        <ele>562.38671875</ele>
      </trkpt>
      <trkpt lat="46.490836143493652" lon="13.298413753509521">
        <ele>555.6328125</ele>
      </trkpt>
      <trkpt lat="46.490578651428223" lon="13.298327922821045">
        <ele>554.6015625</ele>
      </trkpt>
      <trkpt lat="46.49038553237915" lon="13.298285007476807">
        <ele>553.15625</ele>
      </trkpt>
      <trkpt lat="46.490192413330078" lon="13.298263549804688">
        <ele>551.046875</ele>
      </trkpt>
      <trkpt lat="46.490085124969482" lon="13.298263549804688">
        <ele>549.5</ele>
      </trkpt>
      <trkpt lat="46.489806175231934" lon="13.298285007476807">
        <ele>548.59375</ele>
      </trkpt>
      <trkpt lat="46.489570140838623" lon="13.298349380493164">
        <ele>547.6640625</ele>
      </trkpt>
      <trkpt lat="46.48914098739624" lon="13.298521041870117">
        <ele>544.84375</ele>
      </trkpt>
      <trkpt lat="46.48829273879528" lon="13.298974838107824">
        <ele>543.38671875</ele>
      </trkpt>
      <trkpt lat="46.488218307495117" lon="13.299014568328857">
        <ele>543.1328125</ele>
      </trkpt>
      <trkpt lat="46.487810611724854" lon="13.299164772033691">
        <ele>543.328125</ele>
      </trkpt>
      <trkpt lat="46.486523151397705" lon="13.299379348754883">
        <ele>541.95703125</ele>
      </trkpt>
      <trkpt lat="46.485278606414795" lon="13.299529552459717">
        <ele>546.15625</ele>
      </trkpt>
      <trkpt lat="46.484827995300293" lon="13.299572467803955">
        <ele>544.47265625</ele>
      </trkpt>
      <trkpt lat="46.48439884185791" lon="13.299529552459717">
        <ele>540.3125</ele>
      </trkpt>
      <trkpt lat="46.482746601104736" lon="13.299100399017334">
        <ele>529.765625</ele>
      </trkpt>
      <trkpt lat="46.481995582580566" lon="13.298842906951904">
        <ele>530.52734375</ele>
      </trkpt>
      <trkpt lat="46.481566429138184" lon="13.298671245574951">
        <ele>532.5859375</ele>
      </trkpt>
      <trkpt lat="46.48141622543335" lon="13.298606872558594">
        <ele>532.21875</ele>
      </trkpt>
      <trkpt lat="46.481115818023682" lon="13.298392295837402">
        <ele>534.09765625</ele>
      </trkpt>
      <trkpt lat="46.480793952941895" lon="13.298091888427734">
        <ele>537.86328125</ele>
      </trkpt>
      <trkpt lat="46.480300426483154" lon="13.297533988952637">
        <ele>539.59375</ele>
      </trkpt>
      <trkpt lat="46.48015022277832" lon="13.297319412231445">
        <ele>540.05078125</ele>
      </trkpt>
      <trkpt lat="46.479935646057129" lon="13.297040462493896">
        <ele>539.53125</ele>
      </trkpt>
      <trkpt lat="46.479709083214402" lon="13.296813983470201">
        <ele>539.0859375</ele>
      </trkpt>
      <trkpt lat="46.479570865631104" lon="13.296675682067871">
        <ele>538.921875</ele>
      </trkpt>
      <trkpt lat="46.478283405303955" lon="13.295495510101318">
        <ele>536.5625</ele>
      </trkpt>
      <trkpt lat="46.477961540222168" lon="13.29519510269165">
        <ele>531.7734375</ele>
      </trkpt>
      <trkpt lat="46.477854251861572" lon="13.295109272003174">
        <ele>529.36328125</ele>
      </trkpt>
      <trkpt lat="46.477553844451904" lon="13.294851779937744">
        <ele>522.015625</ele>
      </trkpt>
      <trkpt lat="46.47720767185092" lon="13.294530250132084">
        <ele>521.68359375</ele>
      </trkpt>
      <trkpt lat="46.476953029632568" lon="13.294293880462646">
        <ele>523.1875</ele>
      </trkpt>
      <trkpt lat="46.476545333862305" lon="13.29395055770874">
        <ele>528.50390625</ele>
      </trkpt>
      <trkpt lat="46.476287841796875" lon="13.293778896331787">
        <ele>530.9609375</ele>
      </trkpt>
      <trkpt lat="46.475772857666016" lon="13.293414115905762">
        <ele>539.4140625</ele>
      </trkpt>
      <trkpt lat="46.475343704223633" lon="13.293135166168213">
        <ele>543.3828125</ele>
      </trkpt>
      <trkpt lat="46.474442481994629" lon="13.292534351348877">
        <ele>529.9375</ele>
      </trkpt>
      <trkpt lat="46.474359249696136" lon="13.292471906170249">
        <ele>527.16796875</ele>
      </trkpt>
      <trkpt lat="46.474359333515167" lon="13.292471906170249">
        <ele>527.171875</ele>
      </trkpt>
      <trkpt lat="46.474356651306152" lon="13.29246997833252">
        <ele>527.078125</ele>
      </trkpt>
      <trkpt lat="46.474270820617676" lon="13.2924485206604">
        <ele>523.25390625</ele>
      </trkpt>
      <trkpt lat="46.474034786224365" lon="13.292341232299805">
        <ele>521.20703125</ele>
      </trkpt>
      <trkpt lat="46.473884582519531" lon="13.292298316955566">
        <ele>522.19140625</ele>
      </trkpt>
      <trkpt lat="46.473587024956942" lon="13.292298316955566">
        <ele>521.91796875</ele>
      </trkpt>
      <trkpt lat="46.472446918487549" lon="13.2924485206604">
        <ele>522.4765625</ele>
      </trkpt>
      <trkpt lat="46.472017765045166" lon="13.292512893676758">
        <ele>514.2734375</ele>
      </trkpt>
      <trkpt lat="46.471931934356689" lon="13.292534351348877">
        <ele>512.09375</ele>
      </trkpt>
      <trkpt lat="46.471738815307617" lon="13.292577266693115">
        <ele>507.234375</ele>
      </trkpt>
      <trkpt lat="46.471438407897949" lon="13.292663097381592">
        <ele>503.5</ele>
      </trkpt>
      <trkpt lat="46.471288204193115" lon="13.29270601272583">
        <ele>502.01953125</ele>
      </trkpt>
      <trkpt lat="46.470279693603516" lon="13.29296350479126">
        <ele>501.08203125</ele>
      </trkpt>
      <trkpt lat="46.469893455505371" lon="13.293006420135498">
        <ele>503.19140625</ele>
      </trkpt>
      <trkpt lat="46.467361450195312" lon="13.293220996856689">
        <ele>500.5546875</ele>
      </trkpt>
      <trkpt lat="46.466996669769287" lon="13.293285369873047">
        <ele>499.35546875</ele>
      </trkpt>
      <trkpt lat="46.466803550720215" lon="13.293349742889404">
        <ele>496.765625</ele>
      </trkpt>
      <trkpt lat="46.466653347015381" lon="13.29345703125">
        <ele>490.96484375</ele>
      </trkpt>
      <trkpt lat="46.466331481933594" lon="13.293757438659668">
        <ele>482.8359375</ele>
      </trkpt>
      <trkpt lat="46.466031074523926" lon="13.294100761413574">
        <ele>478.578125</ele>
      </trkpt>
      <trkpt lat="46.465494632720947" lon="13.294830322265625">
        <ele>489.73046875</ele>
      </trkpt>
      <trkpt lat="46.465237140655518" lon="13.295130729675293">
        <ele>500.98046875</ele>
      </trkpt>
      <trkpt lat="46.465108394622803" lon="13.295280933380127">
        <ele>509.86328125</ele>
      </trkpt>
      <trkpt lat="46.464722156524658" lon="13.295559883117676">
        <ele>538.30078125</ele>
      </trkpt>
      <trkpt lat="46.46442174911499" lon="13.295731544494629">
        <ele>554.64453125</ele>
      </trkpt>
      <trkpt lat="46.463499069213867" lon="13.296117782592773">
        <ele>576.32421875</ele>
      </trkpt>
      <trkpt lat="46.462855339050293" lon="13.29646110534668">
        <ele>557.29296875</ele>
      </trkpt>
      <trkpt lat="46.462318897247314" lon="13.296804428100586">
        <ele>534.70703125</ele>
      </trkpt>
      <trkpt lat="46.461997032165527" lon="13.297083377838135">
        <ele>514.28125</ele>
      </trkpt>
      <trkpt lat="46.461718082427979" lon="13.297383785247803">
        <ele>505.30859375</ele>
      </trkpt>
      <trkpt lat="46.461353302001953" lon="13.297920227050781">
        <ele>502.04296875</ele>
      </trkpt>
      <trkpt lat="46.461117267608643" lon="13.298392295837402">
        <ele>497.12890625</ele>
      </trkpt>
      <trkpt lat="46.460967063903809" lon="13.298799991607666">
        <ele>497.34375</ele>
      </trkpt>
      <trkpt lat="46.460859775543213" lon="13.299164772033691">
        <ele>499.50390625</ele>
      </trkpt>
      <trkpt lat="46.460709571838379" lon="13.299787044525146">
        <ele>502.2734375</ele>
      </trkpt>
      <trkpt lat="46.460666656494141" lon="13.300237655639648">
        <ele>505.3359375</ele>
      </trkpt>
      <trkpt lat="46.460645198822021" lon="13.300645351409912">
        <ele>504.60546875</ele>
      </trkpt>
      <trkpt lat="46.460645198822021" lon="13.300795555114746">
        <ele>504.734375</ele>
      </trkpt>
      <trkpt lat="46.460645198822021" lon="13.300924301147461">
        <ele>504.84765625</ele>
      </trkpt>
      <trkpt lat="46.460602283477783" lon="13.301589488983154">
        <ele>506.05078125</ele>
      </trkpt>
      <trkpt lat="46.460559368133545" lon="13.301975727081299">
        <ele>506.20703125</ele>
      </trkpt>
      <trkpt lat="46.460473537445068" lon="13.302340507507324">
        <ele>504.72265625</ele>
      </trkpt>
      <trkpt lat="46.460366249084473" lon="13.30270528793335">
        <ele>501.47265625</ele>
      </trkpt>
      <trkpt lat="46.460237503051758" lon="13.303048610687256">
        <ele>499.08984375</ele>
      </trkpt>
      <trkpt lat="46.460151672363281" lon="13.303220272064209">
        <ele>497.11328125</ele>
      </trkpt>
      <trkpt lat="46.459894180297852" lon="13.303713798522949">
        <ele>495.046875</ele>
      </trkpt>
      <trkpt lat="46.459786891937256" lon="13.303885459899902">
        <ele>494.69921875</ele>
      </trkpt>
      <trkpt lat="46.459121704101563" lon="13.30470085144043">
        <ele>488.8203125</ele>
      </trkpt>
      <trkpt lat="46.458842754364014" lon="13.305065631866455">
        <ele>488.546875</ele>
      </trkpt>
      <trkpt lat="46.458714008331299" lon="13.305280208587646">
        <ele>488.96484375</ele>
      </trkpt>
      <trkpt lat="46.458585262298584" lon="13.305537700653076">
        <ele>489.62890625</ele>
      </trkpt>
      <trkpt lat="46.457984447479248" lon="13.306717872619629">
        <ele>478.6640625</ele>
      </trkpt>
      <trkpt lat="46.457662582397461" lon="13.307318687438965">
        <ele>479.10546875</ele>
      </trkpt>
      <trkpt lat="46.457383632659912" lon="13.307855129241943">
        <ele>486.7421875</ele>
      </trkpt>
      <trkpt lat="46.457104682922363" lon="13.308413028717041">
        <ele>489.84765625</ele>
      </trkpt>
      <trkpt lat="46.456868648529053" lon="13.308970928192139">
        <ele>487.92578125</ele>
      </trkpt>
      <trkpt lat="46.456611156463623" lon="13.309829235076904">
        <ele>490.84375</ele>
      </trkpt>
      <trkpt lat="46.456353664398193" lon="13.310644626617432">
        <ele>492.83984375</ele>
      </trkpt>
      <trkpt lat="46.455924510955811" lon="13.311975002288818">
        <ele>485.1875</ele>
      </trkpt>
      <trkpt lat="46.455774307250977" lon="13.312296867370605">
        <ele>483.85546875</ele>
      </trkpt>
      <trkpt lat="46.455581188201904" lon="13.31268310546875">
        <ele>483.98046875</ele>
      </trkpt>
      <trkpt lat="46.455388069152832" lon="13.313026428222656">
        <ele>484.1640625</ele>
      </trkpt>
      <trkpt lat="46.455173492431641" lon="13.313326835632324">
        <ele>481.51171875</ele>
      </trkpt>
      <trkpt lat="46.454379558563232" lon="13.314528465270996">
        <ele>477.19921875</ele>
      </trkpt>
      <trkpt lat="46.453907489776611" lon="13.315258026123047">
        <ele>470.55078125</ele>
      </trkpt>
      <trkpt lat="46.453542709350586" lon="13.315815925598145">
        <ele>468.48828125</ele>
      </trkpt>
      <trkpt lat="46.453285217285156" lon="13.316159248352051">
        <ele>470.15234375</ele>
      </trkpt>
      <trkpt lat="46.453156471252441" lon="13.316309452056885">
        <ele>472.21484375</ele>
      </trkpt>
      <trkpt lat="46.452984809875488" lon="13.316545486450195">
        <ele>475.0625</ele>
      </trkpt>
      <trkpt lat="46.452834606170654" lon="13.316695690155029">
        <ele>474.75390625</ele>
      </trkpt>
      <trkpt lat="46.45268440246582" lon="13.316802978515625">
        <ele>472.5234375</ele>
      </trkpt>
      <trkpt lat="46.452426910400391" lon="13.316996097564697">
        <ele>469.76953125</ele>
      </trkpt>
      <trkpt lat="46.452233791351318" lon="13.317103385925293">
        <ele>469.171875</ele>
      </trkpt>
      <trkpt lat="46.450088024139404" lon="13.318219184875488">
        <ele>470.81640625</ele>
      </trkpt>
      <trkpt lat="46.449830532073975" lon="13.318305015563965">
        <ele>469.1953125</ele>
      </trkpt>
      <trkpt lat="46.449551582336426" lon="13.318390846252441">
        <ele>465.70703125</ele>
      </trkpt>
      <trkpt lat="46.449337005615234" lon="13.31843376159668">
        <ele>461.75390625</ele>
      </trkpt>
      <trkpt lat="46.448671817779541" lon="13.318476676940918">
        <ele>439.41796875</ele>
      </trkpt>
      <trkpt lat="46.44843578338623" lon="13.318455219268799">
        <ele>430.265625</ele>
      </trkpt>
      <trkpt lat="46.447641849517822" lon="13.318262100219727">
        <ele>424.6875</ele>
      </trkpt>
      <trkpt lat="46.447234153747559" lon="13.318154811859131">
        <ele>433.65625</ele>
      </trkpt>
      <trkpt lat="46.447169780731201" lon="13.318111896514893">
        <ele>435.14453125</ele>
      </trkpt>
      <trkpt lat="46.447041034698486" lon="13.318047523498535">
        <ele>437.8828125</ele>
      </trkpt>
      <trkpt lat="46.44646167755127" lon="13.31768274307251">
        <ele>446.1875</ele>
      </trkpt>
      <trkpt lat="46.44594669342041" lon="13.317317962646484">
        <ele>454.17578125</ele>
      </trkpt>
      <trkpt lat="46.445775032043457" lon="13.31716775894165">
        <ele>454.203125</ele>
      </trkpt>
      <trkpt lat="46.445431709289551" lon="13.316867351531982">
        <ele>452.9296875</ele>
      </trkpt>
      <trkpt lat="46.444852352142334" lon="13.3164381980896">
        <ele>451.33203125</ele>
      </trkpt>
      <trkpt lat="46.443800926208496" lon="13.315579891204834">
        <ele>443.26953125</ele>
      </trkpt>
      <trkpt lat="46.443521976470947" lon="13.315258026123047">
        <ele>436.44140625</ele>
      </trkpt>
      <trkpt lat="46.443135738372803" lon="13.314807415008545">
        <ele>438.0078125</ele>
      </trkpt>
      <trkpt lat="46.442191600799561" lon="13.31369161605835">
        <ele>439.97265625</ele>
      </trkpt>
      <trkpt lat="46.440753936767578" lon="13.312017917633057">
        <ele>438.90234375</ele>
      </trkpt>
      <trkpt lat="46.440260410308838" lon="13.311631679534912">
        <ele>445.27734375</ele>
      </trkpt>
      <trkpt lat="46.439895629882813" lon="13.311460018157959">
        <ele>447.53515625</ele>
      </trkpt>
      <trkpt lat="46.439552307128906" lon="13.311395645141602">
        <ele>450.29296875</ele>
      </trkpt>
      <trkpt lat="46.439230442047119" lon="13.311374187469482">
        <ele>454.078125</ele>
      </trkpt>
      <trkpt lat="46.438994407653809" lon="13.311395645141602">
        <ele>454.50390625</ele>
      </trkpt>
      <trkpt lat="46.438779830932617" lon="13.311417102813721">
        <ele>454.453125</ele>
      </trkpt>
      <trkpt lat="46.438543796539307" lon="13.311502933502197">
        <ele>457.8359375</ele>
      </trkpt>
      <trkpt lat="46.438243389129639" lon="13.311653137207031">
        <ele>460.4921875</ele>
      </trkpt>
      <trkpt lat="46.437857151031494" lon="13.311910629272461">
        <ele>455.73828125</ele>
      </trkpt>
      <trkpt lat="46.437535285949707" lon="13.312146663665771">
        <ele>452.26171875</ele>
      </trkpt>
      <trkpt lat="46.437154579907656" lon="13.312400551512837">
        <ele>452.453125</ele>
      </trkpt>
      <trkpt lat="46.437154579907656" lon="13.312400551512837">
        <ele>452.453125</ele>
      </trkpt>
      <trkpt lat="46.437084674835205" lon="13.312447071075439">
        <ele>452.03125</ele>
      </trkpt>
      <trkpt lat="46.436784267425537" lon="13.312597274780273">
        <ele>447.03515625</ele>
      </trkpt>
      <trkpt lat="46.435775756835938" lon="13.31317663192749">
        <ele>446.60546875</ele>
      </trkpt>
      <trkpt lat="46.43571138381958" lon="13.313219547271729">
        <ele>447.0390625</ele>
      </trkpt>
      <trkpt lat="46.435046195983887" lon="13.313562870025635">
        <ele>446.47265625</ele>
      </trkpt>
      <trkpt lat="46.434359550476074" lon="13.31392765045166">
        <ele>445.5546875</ele>
      </trkpt>
      <trkpt lat="46.433522701263428" lon="13.3144211769104">
        <ele>444.03125</ele>
      </trkpt>
      <trkpt lat="46.432685852050781" lon="13.314893245697021">
        <ele>432.45703125</ele>
      </trkpt>
      <trkpt lat="46.432127952575684" lon="13.315215110778809">
        <ele>427.90625</ele>
      </trkpt>
      <trkpt lat="46.43146276473999" lon="13.315579891204834">
        <ele>429.69140625</ele>
      </trkpt>
      <trkpt lat="46.431205272674561" lon="13.315730094909668">
        <ele>431.5625</ele>
      </trkpt>
      <trkpt lat="46.430368423461914" lon="13.316202163696289">
        <ele>442.109375</ele>
      </trkpt>
      <trkpt lat="46.428608894348145" lon="13.31718921661377">
        <ele>457.921875</ele>
      </trkpt>
      <trkpt lat="46.427814960479736" lon="13.317661285400391">
        <ele>447.40625</ele>
      </trkpt>
      <trkpt lat="46.426377296447754" lon="13.318476676940918">
        <ele>444.59375</ele>
      </trkpt>
      <trkpt lat="46.426076889038086" lon="13.318712711334229">
        <ele>447.8125</ele>
      </trkpt>
      <trkpt lat="46.425905227661133" lon="13.318798542022705">
        <ele>446.23046875</ele>
      </trkpt>
      <trkpt lat="46.425819396972656" lon="13.318841457366943">
        <ele>446.3984375</ele>
      </trkpt>
      <trkpt lat="46.42547607421875" lon="13.319034576416016">
        <ele>447.8359375</ele>
      </trkpt>
      <trkpt lat="46.425154209136963" lon="13.319141864776611">
        <ele>441.10546875</ele>
      </trkpt>
      <trkpt lat="46.424746513366699" lon="13.319334983825684">
        <ele>433.25</ele>
      </trkpt>
      <trkpt lat="46.42397403717041" lon="13.31967830657959">
        <ele>435.0859375</ele>
      </trkpt>
      <trkpt lat="46.423308849334717" lon="13.3199143409729">
        <ele>456.38671875</ele>
      </trkpt>
      <trkpt lat="46.422128677368164" lon="13.320450782775879">
        <ele>459.46875</ele>
      </trkpt>
      <trkpt lat="46.421763896942139" lon="13.320579528808594">
        <ele>450.96484375</ele>
      </trkpt>
      <trkpt lat="46.421613693237305" lon="13.320622444152832">
        <ele>448.890625</ele>
      </trkpt>
      <trkpt lat="46.421184539794922" lon="13.32066535949707">
        <ele>438.8671875</ele>
      </trkpt>
      <trkpt lat="46.420905590057373" lon="13.320643901824951">
        <ele>428.75</ele>
      </trkpt>
      <trkpt lat="46.42047643661499" lon="13.320536613464355">
        <ele>427.71875</ele>
      </trkpt>
      <trkpt lat="46.420047283172607" lon="13.320364952087402">
        <ele>421.9296875</ele>
      </trkpt>
      <trkpt lat="46.419768333435059" lon="13.320193290710449">
        <ele>412.62890625</ele>
      </trkpt>
      <trkpt lat="46.419575214385986" lon="13.320043087005615">
        <ele>410.71875</ele>
      </trkpt>
      <trkpt lat="46.419403553009033" lon="13.319871425628662">
        <ele>408.0546875</ele>
      </trkpt>
      <trkpt lat="46.419081687927246" lon="13.319506645202637">
        <ele>405.62109375</ele>
      </trkpt>
      <trkpt lat="46.418695449829102" lon="13.319098949432373">
        <ele>410.4296875</ele>
      </trkpt>
      <trkpt lat="46.418309211730957" lon="13.31866979598999">
        <ele>408.76953125</ele>
      </trkpt>
      <trkpt lat="46.417686939239502" lon="13.317940235137939">
        <ele>409.3828125</ele>
      </trkpt>
      <trkpt lat="46.417043209075928" lon="13.317296504974365">
        <ele>415.75390625</ele>
      </trkpt>
      <trkpt lat="46.415884494781494" lon="13.316137790679932">
        <ele>404.3515625</ele>
      </trkpt>
      <trkpt lat="46.415691375732422" lon="13.315944671630859">
        <ele>403.6171875</ele>
      </trkpt>
      <trkpt lat="46.414532661437988" lon="13.314828872680664">
        <ele>413.484375</ele>
      </trkpt>
      <trkpt lat="46.414124965667725" lon="13.314485549926758">
        <ele>413.3046875</ele>
      </trkpt>
      <trkpt lat="46.413953304290771" lon="13.314399719238281">
        <ele>412.3125</ele>
      </trkpt>
      <trkpt lat="46.413910388946533" lon="13.314378261566162">
        <ele>412.42578125</ele>
      </trkpt>
      <trkpt lat="46.413567066192627" lon="13.314249515533447">
        <ele>414.44921875</ele>
      </trkpt>
      <trkpt lat="46.413416862487793" lon="13.314228057861328">
        <ele>412.78125</ele>
      </trkpt>
      <trkpt lat="46.413202285766602" lon="13.314163684844971">
        <ele>413.3203125</ele>
      </trkpt>
      <trkpt lat="46.412472724914551" lon="13.313884735107422">
        <ele>412.13671875</ele>
      </trkpt>
      <trkpt lat="46.412279605865479" lon="13.31369161605835">
        <ele>413.87890625</ele>
      </trkpt>
      <trkpt lat="46.411678791046143" lon="13.31343412399292">
        <ele>407.8828125</ele>
      </trkpt>
      <trkpt lat="46.411228179931641" lon="13.312983512878418">
        <ele>412.2578125</ele>
      </trkpt>
      <trkpt lat="46.410520076751709" lon="13.312146663665771">
        <ele>408.2265625</ele>
      </trkpt>
      <trkpt lat="46.410069465637207" lon="13.311481475830078">
        <ele>400.16015625</ele>
      </trkpt>
      <trkpt lat="46.409726142883301" lon="13.310966491699219">
        <ele>401.67578125</ele>
      </trkpt>
      <trkpt lat="46.40949010848999" lon="13.310623168945313">
        <ele>401.453125</ele>
      </trkpt>
      <trkpt lat="46.409425735473633" lon="13.310537338256836">
        <ele>400.7578125</ele>
      </trkpt>
      <trkpt lat="46.408910751342773" lon="13.309743404388428">
        <ele>402.71875</ele>
      </trkpt>
      <trkpt lat="46.408545970916748" lon="13.309249877929688">
        <ele>402.91015625</ele>
      </trkpt>
      <trkpt lat="46.408481597900391" lon="13.309099674224854">
        <ele>403.41796875</ele>
      </trkpt>
      <trkpt lat="46.408309936523438" lon="13.308649063110352">
        <ele>404.6484375</ele>
      </trkpt>
      <trkpt lat="46.408212035894394" lon="13.308335663750768">
        <ele>406.296875</ele>
      </trkpt>
      <trkpt lat="46.408095359802246" lon="13.307962417602539">
        <ele>407.58203125</ele>
      </trkpt>
      <trkpt lat="46.408030986785889" lon="13.307576179504395">
        <ele>410.2265625</ele>
      </trkpt>
      <trkpt lat="46.40798807144165" lon="13.307297229766846">
        <ele>412.046875</ele>
      </trkpt>
      <trkpt lat="46.407902240753174" lon="13.306095600128174">
        <ele>419.6171875</ele>
      </trkpt>
      <trkpt lat="46.407859325408936" lon="13.305516242980957">
        <ele>421.3515625</ele>
      </trkpt>
      <trkpt lat="46.407773494720459" lon="13.305044174194336">
        <ele>418.65625</ele>
      </trkpt>
      <trkpt lat="46.407687664031982" lon="13.304636478424072">
        <ele>414.5625</ele>
      </trkpt>
      <trkpt lat="46.407580375671387" lon="13.304228782653809">
        <ele>409.98046875</ele>
      </trkpt>
      <trkpt lat="46.407516002655029" lon="13.304035663604736">
        <ele>409.6328125</ele>
      </trkpt>
      <trkpt lat="46.407430171966553" lon="13.303821086883545">
        <ele>409.83203125</ele>
      </trkpt>
      <trkpt lat="46.40700101852417" lon="13.302619457244873">
        <ele>408.15625</ele>
      </trkpt>
      <trkpt lat="46.406936645507813" lon="13.30244779586792">
        <ele>407.15625</ele>
      </trkpt>
      <trkpt lat="46.406850814819336" lon="13.302147388458252">
        <ele>405.87109375</ele>
      </trkpt>
      <trkpt lat="46.406679153442383" lon="13.301095962524414">
        <ele>406.1875</ele>
      </trkpt>
      <trkpt lat="46.406335830688477" lon="13.299508094787598">
        <ele>405.8984375</ele>
      </trkpt>
      <trkpt lat="46.405906677246094" lon="13.297662734985352">
        <ele>402.79296875</ele>
      </trkpt>
      <trkpt lat="46.405799388885498" lon="13.296933174133301">
        <ele>400.1796875</ele>
      </trkpt>
      <trkpt lat="46.40575647354126" lon="13.296246528625488">
        <ele>391.47265625</ele>
      </trkpt>
      <trkpt lat="46.405735015869141" lon="13.295431137084961">
        <ele>398.6875</ele>
      </trkpt>
      <trkpt lat="46.405735015869141" lon="13.295366764068604">
        <ele>399.671875</ele>
      </trkpt>
      <trkpt lat="46.405735015869141" lon="13.295109272003174">
        <ele>404.32421875</ele>
      </trkpt>
      <trkpt lat="46.405670642852783" lon="13.294572830200195">
        <ele>412.671875</ele>
      </trkpt>
      <trkpt lat="46.405649185180664" lon="13.294422626495361">
        <ele>414.60546875</ele>
      </trkpt>
      <trkpt lat="46.405477523803711" lon="13.292899131774902">
        <ele>422.953125</ele>
      </trkpt>
      <trkpt lat="46.405413150787354" lon="13.2924485206604">
        <ele>424.484375</ele>
      </trkpt>
      <trkpt lat="46.405348777770996" lon="13.29221248626709">
        <ele>423.20703125</ele>
      </trkpt>
      <trkpt lat="46.405284404754639" lon="13.292019367218018">
        <ele>421.00390625</ele>
      </trkpt>
      <trkpt lat="46.405198574066162" lon="13.291804790496826">
        <ele>418.86328125</ele>
      </trkpt>
      <trkpt lat="46.404962539672852" lon="13.291418552398682">
        <ele>415.37109375</ele>
      </trkpt>
      <trkpt lat="46.404833793640137" lon="13.291225433349609">
        <ele>414.859375</ele>
      </trkpt>
      <trkpt lat="46.403889656066895" lon="13.289937973022461">
        <ele>410.12109375</ele>
      </trkpt>
      <trkpt lat="46.403138637542725" lon="13.289015293121338">
        <ele>394.6171875</ele>
      </trkpt>
      <trkpt lat="46.402881145477295" lon="13.288629055023193">
        <ele>392.26953125</ele>
      </trkpt>
      <trkpt lat="46.402838230133057" lon="13.288564682006836">
        <ele>391.46875</ele>
      </trkpt>
      <trkpt lat="46.401658058166504" lon="13.286848068237305">
        <ele>382.921875</ele>
      </trkpt>
      <trkpt lat="46.401572227478027" lon="13.286740779876709">
        <ele>383.23828125</ele>
      </trkpt>
      <trkpt lat="46.401464939117432" lon="13.286569118499756">
        <ele>383.6875</ele>
      </trkpt>
      <trkpt lat="46.401164531707764" lon="13.286011219024658">
        <ele>382.40234375</ele>
      </trkpt>
      <trkpt lat="46.401057243347168" lon="13.285818099975586">
        <ele>382.015625</ele>
      </trkpt>
      <trkpt lat="46.401035785675049" lon="13.285775184631348">
        <ele>381.96875</ele>
      </trkpt>
      <trkpt lat="46.400649547576904" lon="13.285024166107178">
        <ele>383.69140625</ele>
      </trkpt>
      <trkpt lat="46.400113105773926" lon="13.284165859222412">
        <ele>386.98828125</ele>
      </trkpt>
      <trkpt lat="46.3997483253479" lon="13.283758163452148">
        <ele>385.16015625</ele>
      </trkpt>
      <trkpt lat="46.399233341217041" lon="13.283350467681885">
        <ele>385.6796875</ele>
      </trkpt>
      <trkpt lat="46.399083137512207" lon="13.28322172164917">
        <ele>387.84765625</ele>
      </trkpt>
      <trkpt lat="46.398825645446777" lon="13.283050060272217">
        <ele>386.05859375</ele>
      </trkpt>
      <trkpt lat="46.398632526397705" lon="13.282835483551025">
        <ele>385.30859375</ele>
      </trkpt>
      <trkpt lat="46.398332118988037" lon="13.282427787780762">
        <ele>380.0703125</ele>
      </trkpt>
      <trkpt lat="46.397881507873535" lon="13.281612396240234">
        <ele>375.10546875</ele>
      </trkpt>
      <trkpt lat="46.397731304168701" lon="13.281311988830566">
        <ele>372.66796875</ele>
      </trkpt>
      <trkpt lat="46.397366523742676" lon="13.280668258666992">
        <ele>373.9296875</ele>
      </trkpt>
      <trkpt lat="46.397130489349365" lon="13.280324935913086">
        <ele>374.5390625</ele>
      </trkpt>
      <trkpt lat="46.396872997283936" lon="13.27998161315918">
        <ele>372.625</ele>
      </trkpt>
      <trkpt lat="46.396529674530029" lon="13.279402256011963">
        <ele>371.578125</ele>
      </trkpt>
      <trkpt lat="46.396358013153076" lon="13.279016017913818">
        <ele>370.29296875</ele>
      </trkpt>
      <trkpt lat="46.396207809448242" lon="13.278543949127197">
        <ele>368.04296875</ele>
      </trkpt>
      <trkpt lat="46.395928859710693" lon="13.277578353881836">
        <ele>359.25</ele>
      </trkpt>
      <trkpt lat="46.395843029022217" lon="13.277277946472168">
        <ele>359.3359375</ele>
      </trkpt>
      <trkpt lat="46.395628452301025" lon="13.276355266571045">
        <ele>366.68359375</ele>
      </trkpt>
      <trkpt lat="46.395585536956787" lon="13.276033401489258">
        <ele>370.2109375</ele>
      </trkpt>
      <trkpt lat="46.395542621612549" lon="13.275668621063232">
        <ele>379.9296875</ele>
      </trkpt>
      <trkpt lat="46.39552116394043" lon="13.275282382965088">
        <ele>390.36328125</ele>
      </trkpt>
      <trkpt lat="46.395542621612549" lon="13.274445533752441">
        <ele>398.32421875</ele>
      </trkpt>
      <trkpt lat="46.395564079284668" lon="13.27423095703125">
        <ele>393.84375</ele>
      </trkpt>
      <trkpt lat="46.395671367645264" lon="13.273608684539795">
        <ele>375.8359375</ele>
      </trkpt>
      <trkpt lat="46.395778656005859" lon="13.27322244644165">
        <ele>368.28125</ele>
      </trkpt>
      <trkpt lat="46.395928859710693" lon="13.272900581359863">
        <ele>362.76171875</ele>
      </trkpt>
      <trkpt lat="46.396465301513672" lon="13.271441459655762">
        <ele>362.44140625</ele>
      </trkpt>
      <trkpt lat="46.396551132202148" lon="13.271055221557617">
        <ele>359.38671875</ele>
      </trkpt>
      <trkpt lat="46.396594047546387" lon="13.270797729492188">
        <ele>359.74609375</ele>
      </trkpt>
      <trkpt lat="46.396658420562744" lon="13.270282745361328">
        <ele>360.08203125</ele>
      </trkpt>
      <trkpt lat="46.396658420562744" lon="13.269939422607422">
        <ele>358.99609375</ele>
      </trkpt>
      <trkpt lat="46.396636962890625" lon="13.269531726837158">
        <ele>357.375</ele>
      </trkpt>
      <trkpt lat="46.396615505218506" lon="13.269424438476563">
        <ele>356.78515625</ele>
      </trkpt>
      <trkpt lat="46.396164894104004" lon="13.266613483428955">
        <ele>360.6953125</ele>
      </trkpt>
      <trkpt lat="46.396036148071289" lon="13.265712261199951">
        <ele>364.078125</ele>
      </trkpt>
      <trkpt lat="46.395885944366455" lon="13.264961242675781">
        <ele>359.8046875</ele>
      </trkpt>
      <trkpt lat="46.395606994628906" lon="13.263716697692871">
        <ele>353.5546875</ele>
      </trkpt>
      <trkpt lat="46.395478248596191" lon="13.263266086578369">
        <ele>351.09765625</ele>
      </trkpt>
      <trkpt lat="46.395285129547119" lon="13.262600898742676">
        <ele>347.81640625</ele>
      </trkpt>
      <trkpt lat="46.395049095153809" lon="13.261935710906982">
        <ele>347.19921875</ele>
      </trkpt>
      <trkpt lat="46.394126415252686" lon="13.259639739990234">
        <ele>348.22265625</ele>
      </trkpt>
      <trkpt lat="46.393954753875732" lon="13.259146213531494">
        <ele>349.11328125</ele>
      </trkpt>
      <trkpt lat="46.393911838531494" lon="13.259017467498779">
        <ele>349.3203125</ele>
      </trkpt>
      <trkpt lat="46.393826007843018" lon="13.258631229400635">
        <ele>349.48828125</ele>
      </trkpt>
      <trkpt lat="46.393740177154541" lon="13.258116245269775">
        <ele>348.3828125</ele>
      </trkpt>
      <trkpt lat="46.393675804138184" lon="13.257622718811035">
        <ele>347.0703125</ele>
      </trkpt>
      <trkpt lat="46.393654346466064" lon="13.257086277008057">
        <ele>346.02734375</ele>
      </trkpt>
      <trkpt lat="46.393675804138184" lon="13.25650691986084">
        <ele>345.8359375</ele>
      </trkpt>
      <trkpt lat="46.393740177154541" lon="13.255949020385742">
        <ele>346.37109375</ele>
      </trkpt>
      <trkpt lat="46.393804550170898" lon="13.255541324615479">
        <ele>347.5703125</ele>
      </trkpt>
      <trkpt lat="46.393890380859375" lon="13.255176544189453">
        <ele>348.296875</ele>
      </trkpt>
      <trkpt lat="46.394212245941162" lon="13.254082202911377">
        <ele>342.52734375</ele>
      </trkpt>
      <trkpt lat="46.394362449645996" lon="13.253331184387207">
        <ele>339.234375</ele>
      </trkpt>
      <trkpt lat="46.394448280334473" lon="13.252859115600586">
        <ele>337.921875</ele>
      </trkpt>
      <trkpt lat="46.39451265335083" lon="13.252279758453369">
        <ele>336.19140625</ele>
      </trkpt>
      <trkpt lat="46.39451265335083" lon="13.251721858978271">
        <ele>335.4609375</ele>
      </trkpt>
      <trkpt lat="46.394534111022949" lon="13.247430324554443">
        <ele>331.609375</ele>
      </trkpt>
      <trkpt lat="46.394534111022949" lon="13.247237205505371">
        <ele>332.1171875</ele>
      </trkpt>
      <trkpt lat="46.394534111022949" lon="13.246550559997559">
        <ele>332.51171875</ele>
      </trkpt>
      <trkpt lat="46.39451265335083" lon="13.246099948883057">
        <ele>332.30078125</ele>
      </trkpt>
      <trkpt lat="46.394426822662354" lon="13.24552059173584">
        <ele>330.78515625</ele>
      </trkpt>
      <trkpt lat="46.394319534301758" lon="13.245069980621338">
        <ele>329.33203125</ele>
      </trkpt>
      <trkpt lat="46.394126415252686" lon="13.244490623474121">
        <ele>329.21484375</ele>
      </trkpt>
      <trkpt lat="46.393439769744873" lon="13.242902755737305">
        <ele>332.765625</ele>
      </trkpt>
      <trkpt lat="46.393289566040039" lon="13.242537975311279">
        <ele>333.296875</ele>
      </trkpt>
      <trkpt lat="46.393074989318848" lon="13.241851329803467">
        <ele>333.41015625</ele>
      </trkpt>
      <trkpt lat="46.393032073974609" lon="13.241679668426514">
        <ele>333.55078125</ele>
      </trkpt>
      <trkpt lat="46.392924785614014" lon="13.241229057312012">
        <ele>333.30859375</ele>
      </trkpt>
      <trkpt lat="46.39277458190918" lon="13.240435123443604">
        <ele>332.46484375</ele>
      </trkpt>
      <trkpt lat="46.392710208892822" lon="13.239705562591553">
        <ele>331.890625</ele>
      </trkpt>
      <trkpt lat="46.392688751220703" lon="13.239340782165527">
        <ele>331.734375</ele>
      </trkpt>
      <trkpt lat="46.392667293548584" lon="13.238675594329834">
        <ele>331.234375</ele>
      </trkpt>
      <trkpt lat="46.392667293548584" lon="13.238439559936523">
        <ele>331.15625</ele>
      </trkpt>
      <trkpt lat="46.392731666564941" lon="13.234233856201172">
        <ele>334.01171875</ele>
      </trkpt>
      <trkpt lat="46.392838954925537" lon="13.232088088989258">
        <ele>330.625</ele>
      </trkpt>
      <trkpt lat="46.393139362335205" lon="13.227410316467285">
        <ele>324.77734375</ele>
      </trkpt>
      <trkpt lat="46.393139362335205" lon="13.227324485778809">
        <ele>325.03515625</ele>
      </trkpt>
      <trkpt lat="46.393482685089111" lon="13.221917152404785">
        <ele>324</ele>
      </trkpt>
      <trkpt lat="46.393547058105469" lon="13.221359252929688">
        <ele>324</ele>
      </trkpt>
      <trkpt lat="46.393568515777588" lon="13.221230506896973">
        <ele>324</ele>
      </trkpt>
      <trkpt lat="46.393589973449707" lon="13.221015930175781">
        <ele>324</ele>
      </trkpt>
      <trkpt lat="46.393589973449707" lon="13.220887184143066">
        <ele>324</ele>
      </trkpt>
      <trkpt lat="46.393654346466064" lon="13.220500946044922">
        <ele>324</ele>
      </trkpt>
      <trkpt lat="46.393868923187256" lon="13.219063282012939">
        <ele>324</ele>
      </trkpt>
      <trkpt lat="46.393933296203613" lon="13.21854829788208">
        <ele>324</ele>
      </trkpt>
      <trkpt lat="46.393976211547852" lon="13.218376636505127">
        <ele>324</ele>
      </trkpt>
      <trkpt lat="46.394023401662707" lon="13.218027027323842">
        <ele>324</ele>
      </trkpt>
      <trkpt lat="46.394083499908447" lon="13.217582702636719">
        <ele>324.04296875</ele>
      </trkpt>
      <trkpt lat="46.394169330596924" lon="13.217003345489502">
        <ele>324.0703125</ele>
      </trkpt>
      <trkpt lat="46.394362449645996" lon="13.215651512145996">
        <ele>322.9765625</ele>
      </trkpt>
      <trkpt lat="46.394362449645996" lon="13.21530818939209">
        <ele>322.21484375</ele>
      </trkpt>
      <trkpt lat="46.39451265335083" lon="13.214321136474609">
        <ele>322.1796875</ele>
      </trkpt>
      <trkpt lat="46.394555568695068" lon="13.213999271392822">
        <ele>323.42578125</ele>
      </trkpt>
      <trkpt lat="46.395092010498047" lon="13.2110595703125">
        <ele>321.8671875</ele>
      </trkpt>
      <trkpt lat="46.395113468170166" lon="13.210844993591309">
        <ele>321.3828125</ele>
      </trkpt>
      <trkpt lat="46.395134925842285" lon="13.210651874542236">
        <ele>320.9765625</ele>
      </trkpt>
      <trkpt lat="46.395263671875" lon="13.208999633789063">
        <ele>326.89453125</ele>
      </trkpt>
      <trkpt lat="46.395263671875" lon="13.208827972412109">
        <ele>328.46484375</ele>
      </trkpt>
      <trkpt lat="46.395285129547119" lon="13.208613395690918">
        <ele>330.203125</ele>
      </trkpt>
      <trkpt lat="46.395306587219238" lon="13.207046985626221">
        <ele>353.7890625</ele>
      </trkpt>
      <trkpt lat="46.395435333251953" lon="13.204450607299805">
        <ele>360.0234375</ele>
      </trkpt>
      <trkpt lat="46.395564079284668" lon="13.20256233215332">
        <ele>363.890625</ele>
      </trkpt>
      <trkpt lat="46.395993232727051" lon="13.198442459106445">
        <ele>363.8984375</ele>
      </trkpt>
      <trkpt lat="46.396143436431885" lon="13.197391033172607">
        <ele>352.7890625</ele>
      </trkpt>
      <trkpt lat="46.396315097808838" lon="13.196210861206055">
        <ele>346.2109375</ele>
      </trkpt>
      <trkpt lat="46.396572589874268" lon="13.194687366485596">
        <ele>316.60546875</ele>
      </trkpt>
      <trkpt lat="46.396594047546387" lon="13.194558620452881">
        <ele>314.36328125</ele>
      </trkpt>
      <trkpt lat="46.396851539611816" lon="13.193485736846924">
        <ele>325.0234375</ele>
      </trkpt>
      <trkpt lat="46.397151947021484" lon="13.192627429962158">
        <ele>331.93359375</ele>
      </trkpt>
      <trkpt lat="46.397452354431152" lon="13.191876411437988">
        <ele>321.2109375</ele>
      </trkpt>
      <trkpt lat="46.397688388824463" lon="13.191232681274414">
        <ele>321.1640625</ele>
      </trkpt>
      <trkpt lat="46.398031711578369" lon="13.189816474914551">
        <ele>361.9140625</ele>
      </trkpt>
      <trkpt lat="46.398718357086182" lon="13.186640739440918">
        <ele>348.0625</ele>
      </trkpt>
      <trkpt lat="46.39901876449585" lon="13.18533182144165">
        <ele>344.33984375</ele>
      </trkpt>
      <trkpt lat="46.399083137512207" lon="13.184967041015625">
        <ele>339.82421875</ele>
      </trkpt>
      <trkpt lat="46.399147510528564" lon="13.184645175933838">
        <ele>335.84375</ele>
      </trkpt>
      <trkpt lat="46.399168968200684" lon="13.184366226196289">
        <ele>332.0546875</ele>
      </trkpt>
      <trkpt lat="46.399168968200684" lon="13.18408727645874">
        <ele>325.6171875</ele>
      </trkpt>
      <trkpt lat="46.399147510528564" lon="13.183786869049072">
        <ele>319.11328125</ele>
      </trkpt>
      <trkpt lat="46.399104595184326" lon="13.183550834655762">
        <ele>314.93359375</ele>
      </trkpt>
      <trkpt lat="46.398353576660156" lon="13.180825710296631">
        <ele>299.98046875</ele>
      </trkpt>
      <trkpt lat="46.397923417389393" lon="13.179212026298046">
        <ele>301.3125</ele>
      </trkpt>
      <trkpt lat="46.39790078625083" lon="13.179135918617249">
        <ele>301.4296875</ele>
      </trkpt>
      <trkpt lat="46.397662069648504" lon="13.178284568712115">
        <ele>301.52734375</ele>
      </trkpt>
      <trkpt lat="46.397392591461539" lon="13.177239177748561">
        <ele>305.03125</ele>
      </trkpt>
      <trkpt lat="46.396928066387773" lon="13.175524240359664">
        <ele>302.703125</ele>
      </trkpt>
      <trkpt lat="46.396354576572776" lon="13.173257522284985">
        <ele>316.8359375</ele>
      </trkpt>
      <trkpt lat="46.395912347361445" lon="13.171807117760181">
        <ele>304.515625</ele>
      </trkpt>
      <trkpt lat="46.395503645762801" lon="13.170736581087112">
        <ele>311.73828125</ele>
      </trkpt>
      <trkpt lat="46.394334705546498" lon="13.167948089540005">
        <ele>303.33203125</ele>
      </trkpt>
      <trkpt lat="46.393839921802282" lon="13.167071677744389">
        <ele>303.9609375</ele>
      </trkpt>
      <trkpt lat="46.393519146367908" lon="13.166570020839572">
        <ele>302.625</ele>
      </trkpt>
      <trkpt lat="46.392951775342226" lon="13.165792766958475">
        <ele>303.10546875</ele>
      </trkpt>
      <trkpt lat="46.392774917185307" lon="13.165573161095381">
        <ele>302.3515625</ele>
      </trkpt>
      <trkpt lat="46.392296142876148" lon="13.165008220821619">
        <ele>302.15234375</ele>
      </trkpt>
      <trkpt lat="46.391905043274164" lon="13.164665652438998">
        <ele>301.34375</ele>
      </trkpt>
      <trkpt lat="46.391538754105568" lon="13.164374297484756">
        <ele>300.484375</ele>
      </trkpt>
      <trkpt lat="46.390654966235161" lon="13.16386585123837">
        <ele>304.38671875</ele>
      </trkpt>
      <trkpt lat="46.389937559142709" lon="13.163209715858102">
        <ele>304.21484375</ele>
      </trkpt>
      <trkpt lat="46.38879518955946" lon="13.162105232477188">
        <ele>302.86328125</ele>
      </trkpt>
      <trkpt lat="46.387805119156837" lon="13.161136116832495">
        <ele>301.0859375</ele>
      </trkpt>
      <trkpt lat="46.387304132804275" lon="13.160446034744382">
        <ele>302.32421875</ele>
      </trkpt>
      <trkpt lat="46.387038175016642" lon="13.160016881301999">
        <ele>300.4765625</ele>
      </trkpt>
      <trkpt lat="46.386807421222329" lon="13.159007783979177">
        <ele>303.8984375</ele>
      </trkpt>
      <trkpt lat="46.386719914153218" lon="13.158284677192569">
        <ele>318.01171875</ele>
      </trkpt>
      <trkpt lat="46.386700300499797" lon="13.156930664554238">
        <ele>319.83203125</ele>
      </trkpt>
      <trkpt lat="46.38697505928576" lon="13.153612520545721">
        <ele>329.41015625</ele>
      </trkpt>
      <trkpt lat="46.387053932994604" lon="13.152895281091332">
        <ele>326.3984375</ele>
      </trkpt>
      <trkpt lat="46.387031888589263" lon="13.151951730251312">
        <ele>315.08203125</ele>
      </trkpt>
      <trkpt lat="46.386933568865061" lon="13.150855377316475">
        <ele>306.22265625</ele>
      </trkpt>
      <trkpt lat="46.386946057900786" lon="13.150078291073442">
        <ele>303.66015625</ele>
      </trkpt>
      <trkpt lat="46.387099782004952" lon="13.14824391156435">
        <ele>307.21875</ele>
      </trkpt>
      <trkpt lat="46.38721109367907" lon="13.147436650469899">
        <ele>302.07421875</ele>
      </trkpt>
      <trkpt lat="46.387377893552184" lon="13.145775524899364">
        <ele>296.60546875</ele>
      </trkpt>
      <trkpt lat="46.387453665956855" lon="13.14469157718122">
        <ele>294.07421875</ele>
      </trkpt>
      <trkpt lat="46.387329697608948" lon="13.142840769141912">
        <ele>287.5234375</ele>
      </trkpt>
      <trkpt lat="46.387239173054695" lon="13.142415974289179">
        <ele>285.8125</ele>
      </trkpt>
      <trkpt lat="46.387080168351531" lon="13.14161759801209">
        <ele>280.375</ele>
      </trkpt>
      <trkpt lat="46.386650092899799" lon="13.140648398548365">
        <ele>276.70703125</ele>
      </trkpt>
      <trkpt lat="46.38630417175591" lon="13.140157973393798">
        <ele>276.4765625</ele>
      </trkpt>
      <trkpt lat="46.385907959192991" lon="13.139716330915689">
        <ele>274.8671875</ele>
      </trkpt>
      <trkpt lat="46.385387694463134" lon="13.139261109754443">
        <ele>277.74609375</ele>
      </trkpt>
      <trkpt lat="46.384784616529942" lon="13.138805218040943">
        <ele>277.37109375</ele>
      </trkpt>
      <trkpt lat="46.384367868304253" lon="13.138509336858988">
        <ele>275.2265625</ele>
      </trkpt>
      <trkpt lat="46.383982971310616" lon="13.138195015490055">
        <ele>275.12890625</ele>
      </trkpt>
      <trkpt lat="46.383514925837517" lon="13.137818835675716">
        <ele>273.01171875</ele>
      </trkpt>
      <trkpt lat="46.383499670773745" lon="13.137788660824299">
        <ele>273.046875</ele>
      </trkpt>
      <trkpt lat="46.383488271385431" lon="13.13776770606637">
        <ele>273.07421875</ele>
      </trkpt>
      <trkpt lat="46.383254835382104" lon="13.137591267004609">
        <ele>273.234375</ele>
      </trkpt>
      <trkpt lat="46.382069801911712" lon="13.136390559375286">
        <ele>273</ele>
      </trkpt>
      <trkpt lat="46.381574179977179" lon="13.135854201391339">
        <ele>272.62890625</ele>
      </trkpt>
      <trkpt lat="46.380953164771199" lon="13.135274089872837">
        <ele>272</ele>
      </trkpt>
      <trkpt lat="46.380692068487406" lon="13.135104943066835">
        <ele>271.9296875</ele>
      </trkpt>
      <trkpt lat="46.380543541163206" lon="13.135098237544298">
        <ele>271.87890625</ele>
      </trkpt>
      <trkpt lat="46.380331814289093" lon="13.13533091917634">
        <ele>272</ele>
      </trkpt>
      <trkpt lat="46.380250928923488" lon="13.13551758415997">
        <ele>272.2265625</ele>
      </trkpt>
      <trkpt lat="46.379669057205319" lon="13.136480413377285">
        <ele>273</ele>
      </trkpt>
      <trkpt lat="46.379605019465089" lon="13.136505139991641">
        <ele>273</ele>
      </trkpt>
      <trkpt lat="46.379361525177956" lon="13.136106161400676">
        <ele>272.93359375</ele>
      </trkpt>
      <trkpt lat="46.379234623163939" lon="13.13591580837965">
        <ele>272.703125</ele>
      </trkpt>
      <trkpt lat="46.37920050881803" lon="13.135763676837087">
        <ele>272.51953125</ele>
      </trkpt>
      <trkpt lat="46.379312239587307" lon="13.135339301079512">
        <ele>272.01171875</ele>
      </trkpt>
      <trkpt lat="46.379404859617352" lon="13.134966809302568">
        <ele>271.5625</ele>
      </trkpt>
      <trkpt lat="46.379408212378621" lon="13.134708981961012">
        <ele>271.25390625</ele>
      </trkpt>
      <trkpt lat="46.379269072785974" lon="13.134469175711274">
        <ele>270.96875</ele>
      </trkpt>
      <trkpt lat="46.378597179427743" lon="13.134271027520299">
        <ele>270.7265625</ele>
      </trkpt>
      <trkpt lat="46.377963088452816" lon="13.134090984240174">
        <ele>269.9765625</ele>
      </trkpt>
      <trkpt lat="46.377661172300577" lon="13.134002638980746">
        <ele>269.5078125</ele>
      </trkpt>
      <trkpt lat="46.37757676653564" lon="13.134067850187421">
        <ele>269.484375</ele>
      </trkpt>
      <trkpt lat="46.377518260851502" lon="13.134188884869218">
        <ele>269.62890625</ele>
      </trkpt>
      <trkpt lat="46.377401500940323" lon="13.134627845138311">
        <ele>270.15625</ele>
      </trkpt>
      <trkpt lat="46.377276694402099" lon="13.1350636202842">
        <ele>270.6796875</ele>
      </trkpt>
      <trkpt lat="46.37721517123282" lon="13.135174093768001">
        <ele>270.8125</ele>
      </trkpt>
      <trkpt lat="46.377071756869555" lon="13.135342486202717">
        <ele>271.015625</ele>
      </trkpt>
      <trkpt lat="46.376976957544684" lon="13.135373499244452">
        <ele>271.05078125</ele>
      </trkpt>
      <trkpt lat="46.376672191545367" lon="13.135467795655131">
        <ele>271.25</ele>
      </trkpt>
      <trkpt lat="46.376553419977427" lon="13.135464359074831">
        <ele>271.390625</ele>
      </trkpt>
      <trkpt lat="46.375900553539395" lon="13.135333182290196">
        <ele>272.00390625</ele>
      </trkpt>
      <trkpt lat="46.375699639320374" lon="13.135304097086191">
        <ele>271.9453125</ele>
      </trkpt>
      <trkpt lat="46.375505514442921" lon="13.13525321893394">
        <ele>271.859375</ele>
      </trkpt>
      <trkpt lat="46.375479698181152" lon="13.135249614715576">
        <ele>271.85546875</ele>
      </trkpt>
      <trkpt lat="46.37505054473877" lon="13.1351637840271">
        <ele>271.7734375</ele>
      </trkpt>
      <trkpt lat="46.374685764312744" lon="13.135077953338623">
        <ele>271.37109375</ele>
      </trkpt>
      <trkpt lat="46.374385356903076" lon="13.135013580322266">
        <ele>271.10546875</ele>
      </trkpt>
      <trkpt lat="46.373977661132813" lon="13.134927749633789">
        <ele>271.49609375</ele>
      </trkpt>
      <trkpt lat="46.37378454208374" lon="13.134884834289551">
        <ele>271.76953125</ele>
      </trkpt>
      <trkpt lat="46.373419761657715" lon="13.134799003601074">
        <ele>272.078125</ele>
      </trkpt>
      <trkpt lat="46.373183727264404" lon="13.134756088256836">
        <ele>272.015625</ele>
      </trkpt>
      <trkpt lat="46.372604370117188" lon="13.134627342224121">
        <ele>271.62109375</ele>
      </trkpt>
      <trkpt lat="46.372110843658447" lon="13.134520053863525">
        <ele>271.65625</ele>
      </trkpt>
      <trkpt lat="46.37153148651123" lon="13.134369850158691">
        <ele>271.4765625</ele>
      </trkpt>
      <trkpt lat="46.371273994445801" lon="13.134241104125977">
        <ele>270.9921875</ele>
      </trkpt>
      <trkpt lat="46.37103796005249" lon="13.134090900421143">
        <ele>270.58984375</ele>
      </trkpt>
      <trkpt lat="46.37080192565918" lon="13.133983612060547">
        <ele>270.3828125</ele>
      </trkpt>
      <trkpt lat="46.370587348937988" lon="13.13389778137207">
        <ele>270.28125</ele>
      </trkpt>
      <trkpt lat="46.370480060577393" lon="13.133876323699951">
        <ele>270.25390625</ele>
      </trkpt>
      <trkpt lat="46.370437145233154" lon="13.133854866027832">
        <ele>270.23046875</ele>
      </trkpt>
      <trkpt lat="46.370179653167725" lon="13.133769035339355">
        <ele>270.125</ele>
      </trkpt>
      <trkpt lat="46.36979341506958" lon="13.13366174697876">
        <ele>269.9921875</ele>
      </trkpt>
      <trkpt lat="46.369664669036865" lon="13.133640289306641">
        <ele>269.94140625</ele>
      </trkpt>
      <trkpt lat="46.369493007659912" lon="13.133597373962402">
        <ele>269.83984375</ele>
      </trkpt>
      <trkpt lat="46.368892192840576" lon="13.133640289306641">
        <ele>269.94140625</ele>
      </trkpt>
      <trkpt lat="46.368613243103027" lon="13.133704662322998">
        <ele>270.046875</ele>
      </trkpt>
      <trkpt lat="46.368098258972168" lon="13.133769035339355">
        <ele>269.79296875</ele>
      </trkpt>
      <trkpt lat="46.36754035949707" lon="13.133962154388428">
        <ele>269.61328125</ele>
      </trkpt>
      <trkpt lat="46.36704683303833" lon="13.134133815765381">
        <ele>268.84375</ele>
      </trkpt>
      <trkpt lat="46.366767883300781" lon="13.134241104125977">
        <ele>268.4296875</ele>
      </trkpt>
      <trkpt lat="46.366574764251709" lon="13.134305477142334">
        <ele>268.5390625</ele>
      </trkpt>
      <trkpt lat="46.36629581451416" lon="13.13441276550293">
        <ele>268.796875</ele>
      </trkpt>
      <trkpt lat="46.365673542022705" lon="13.134691715240479">
        <ele>267.66015625</ele>
      </trkpt>
      <trkpt lat="46.363248825073242" lon="13.135528564453125">
        <ele>251.6171875</ele>
      </trkpt>
      <trkpt lat="46.363184452056885" lon="13.135550022125244">
        <ele>251.80078125</ele>
      </trkpt>
      <trkpt lat="46.362669467926025" lon="13.135743141174316">
        <ele>252.72265625</ele>
      </trkpt>
      <trkpt lat="46.3623046875" lon="13.135871887207031">
        <ele>252.359375</ele>
      </trkpt>
      <trkpt lat="46.362240314483643" lon="13.13589334487915">
        <ele>252.1875</ele>
      </trkpt>
      <trkpt lat="46.361854076385498" lon="13.136043548583984">
        <ele>250.61328125</ele>
      </trkpt>
      <trkpt lat="46.359601020812988" lon="13.136858940124512">
        <ele>250</ele>
      </trkpt>
      <trkpt lat="46.358978748321533" lon="13.137116432189941">
        <ele>250</ele>
      </trkpt>
      <trkpt lat="46.357970237731934" lon="13.137609958648682">
        <ele>250</ele>
      </trkpt>
      <trkpt lat="46.357412338256836" lon="13.137867450714111">
        <ele>250</ele>
      </trkpt>
      <trkpt lat="46.357026100158691" lon="13.138039112091064">
        <ele>250</ele>
      </trkpt>
      <trkpt lat="46.356918811798096" lon="13.138103485107422">
        <ele>250</ele>
      </trkpt>
      <trkpt lat="46.356103420257568" lon="13.138489723205566">
        <ele>250</ele>
      </trkpt>
      <trkpt lat="46.355009078979492" lon="13.139004707336426">
        <ele>250</ele>
      </trkpt>
      <trkpt lat="46.354708671569824" lon="13.139176368713379">
        <ele>250</ele>
      </trkpt>
      <trkpt lat="46.354215145111084" lon="13.139348030090332">
        <ele>250</ele>
      </trkpt>
      <trkpt lat="46.354022026062012" lon="13.13939094543457">
        <ele>250</ele>
      </trkpt>
      <trkpt lat="46.353871822357178" lon="13.139455318450928">
        <ele>250</ele>
      </trkpt>
      <trkpt lat="46.353292465209961" lon="13.139669895172119">
        <ele>250</ele>
      </trkpt>
      <trkpt lat="46.353099346160889" lon="13.139734268188477">
        <ele>250</ele>
      </trkpt>
      <trkpt lat="46.351211071014404" lon="13.140442371368408">
        <ele>250.140625</ele>
      </trkpt>
      <trkpt lat="46.351146697998047" lon="13.140463829040527">
        <ele>250.1328125</ele>
      </trkpt>
      <trkpt lat="46.351103782653809" lon="13.140485286712646">
        <ele>250.12109375</ele>
      </trkpt>
      <trkpt lat="46.350932121276855" lon="13.140678405761719">
        <ele>250.01171875</ele>
      </trkpt>
      <trkpt lat="46.350867748260498" lon="13.140807151794434">
        <ele>250</ele>
      </trkpt>
      <trkpt lat="46.350417137145996" lon="13.141000270843506">
        <ele>250</ele>
      </trkpt>
      <trkpt lat="46.349430084228516" lon="13.14115047454834">
        <ele>250</ele>
      </trkpt>
      <trkpt lat="46.34932279586792" lon="13.141171932220459">
        <ele>250</ele>
      </trkpt>
      <trkpt lat="46.34831428527832" lon="13.141622543334961">
        <ele>250</ele>
      </trkpt>
      <trkpt lat="46.348013877868652" lon="13.141665458679199">
        <ele>250</ele>
      </trkpt>
      <trkpt lat="46.347906589508057" lon="13.14164400100708">
        <ele>250</ele>
      </trkpt>
      <trkpt lat="46.347756385803223" lon="13.141579627990723">
        <ele>250</ele>
      </trkpt>
      <trkpt lat="46.347627639770508" lon="13.141515254974365">
        <ele>250</ele>
      </trkpt>
      <trkpt lat="46.347413063049316" lon="13.141343593597412">
        <ele>250</ele>
      </trkpt>
      <trkpt lat="46.346619129180908" lon="13.1406569480896">
        <ele>250</ele>
      </trkpt>
      <trkpt lat="46.34631872177124" lon="13.140528202056885">
        <ele>250</ele>
      </trkpt>
      <trkpt lat="46.345889568328857" lon="13.14039945602417">
        <ele>250</ele>
      </trkpt>
      <trkpt lat="46.34556770324707" lon="13.140227794647217">
        <ele>250</ele>
      </trkpt>
      <trkpt lat="46.344902515411377" lon="13.139798641204834">
        <ele>250</ele>
      </trkpt>
      <trkpt lat="46.344602108001709" lon="13.1396484375">
        <ele>250</ele>
      </trkpt>
      <trkpt lat="46.344451904296875" lon="13.139626979827881">
        <ele>250</ele>
      </trkpt>
      <trkpt lat="46.344215869903564" lon="13.139605522155762">
        <ele>250</ele>
      </trkpt>
      <trkpt lat="46.343979835510254" lon="13.139626979827881">
        <ele>250</ele>
      </trkpt>
      <trkpt lat="46.343636512756348" lon="13.139691352844238">
        <ele>250</ele>
      </trkpt>
      <trkpt lat="46.342756748199463" lon="13.139669895172119">
        <ele>250</ele>
      </trkpt>
      <trkpt lat="46.342241764068604" lon="13.139691352844238">
        <ele>250</ele>
      </trkpt>
      <trkpt lat="46.342177391052246" lon="13.139884471893311">
        <ele>250</ele>
      </trkpt>
      <trkpt lat="46.342027187347412" lon="13.140163421630859">
        <ele>250</ele>
      </trkpt>
      <trkpt lat="46.34157657623291" lon="13.140721321105957">
        <ele>250</ele>
      </trkpt>
      <trkpt lat="46.341361999511719" lon="13.14089298248291">
        <ele>250</ele>
      </trkpt>
      <trkpt lat="46.340911388397217" lon="13.141214847564697">
        <ele>250</ele>
      </trkpt>
      <trkpt lat="46.34082555770874" lon="13.141257762908936">
        <ele>250</ele>
      </trkpt>
      <trkpt lat="46.340203285217285" lon="13.141300678253174">
        <ele>250</ele>
      </trkpt>
      <trkpt lat="46.339988708496094" lon="13.14138650894165">
        <ele>250</ele>
      </trkpt>
      <trkpt lat="46.339902877807617" lon="13.141536712646484">
        <ele>250</ele>
      </trkpt>
      <trkpt lat="46.339817047119141" lon="13.141751289367676">
        <ele>250</ele>
      </trkpt>
      <trkpt lat="46.339688301086426" lon="13.142180442810059">
        <ele>251.4609375</ele>
      </trkpt>
      <trkpt lat="46.339688301086426" lon="13.142480850219727">
        <ele>253.796875</ele>
      </trkpt>
      <trkpt lat="46.339688301086426" lon="13.142845630645752">
        <ele>256.90234375</ele>
      </trkpt>
      <trkpt lat="46.339645385742188" lon="13.142974376678467">
        <ele>259.75390625</ele>
      </trkpt>
      <trkpt lat="46.33958101272583" lon="13.143081665039063">
        <ele>262.2109375</ele>
      </trkpt>
      <trkpt lat="46.339516639709473" lon="13.143167495727539">
        <ele>264.19921875</ele>
      </trkpt>
      <trkpt lat="46.339387893676758" lon="13.143231868743896">
        <ele>265.92578125</ele>
      </trkpt>
      <trkpt lat="46.338529586791992" lon="13.142974376678467">
        <ele>259.93359375</ele>
      </trkpt>
      <trkpt lat="46.338465213775635" lon="13.142974376678467">
        <ele>259.8359375</ele>
      </trkpt>
      <trkpt lat="46.338272094726563" lon="13.143060207366943">
        <ele>260.23828125</ele>
      </trkpt>
      <trkpt lat="46.338164806365967" lon="13.143038749694824">
        <ele>259.59375</ele>
      </trkpt>
      <trkpt lat="46.338036060333252" lon="13.143060207366943">
        <ele>259.38671875</ele>
      </trkpt>
      <trkpt lat="46.337928771972656" lon="13.143060207366943">
        <ele>259</ele>
      </trkpt>
      <trkpt lat="46.337885856628418" lon="13.143038749694824">
        <ele>258.58984375</ele>
      </trkpt>
      <trkpt lat="46.337778568267822" lon="13.142952919006348">
        <ele>257.171875</ele>
      </trkpt>
      <trkpt lat="46.33758544921875" lon="13.142738342285156">
        <ele>254.3984375</ele>
      </trkpt>
      <trkpt lat="46.337521076202393" lon="13.142673969268799">
        <ele>253.703125</ele>
      </trkpt>
      <trkpt lat="46.337456703186035" lon="13.142588138580322">
        <ele>252.95703125</ele>
      </trkpt>
      <trkpt lat="46.337370872497559" lon="13.142459392547607">
        <ele>252.03125</ele>
      </trkpt>
      <trkpt lat="46.337134838104248" lon="13.141944408416748">
        <ele>250</ele>
      </trkpt>
      <trkpt lat="46.337113380432129" lon="13.14190149307251">
        <ele>250</ele>
      </trkpt>
      <trkpt lat="46.33709192276001" lon="13.141837120056152">
        <ele>250</ele>
      </trkpt>
      <trkpt lat="46.337006092071533" lon="13.141708374023437">
        <ele>250</ele>
      </trkpt>
      <trkpt lat="46.336963176727295" lon="13.141665458679199">
        <ele>250</ele>
      </trkpt>
      <trkpt lat="46.336920261383057" lon="13.14164400100708">
        <ele>250</ele>
      </trkpt>
      <trkpt lat="46.336770057678223" lon="13.141579627990723">
        <ele>250</ele>
      </trkpt>
      <trkpt lat="46.336727142333984" lon="13.141558170318604">
        <ele>250</ele>
      </trkpt>
      <trkpt lat="46.336319446563721" lon="13.141365051269531">
        <ele>250</ele>
      </trkpt>
      <trkpt lat="46.336405277252197" lon="13.140699863433838">
        <ele>250</ele>
      </trkpt>
      <trkpt lat="46.336405277252197" lon="13.140528202056885">
        <ele>250</ele>
      </trkpt>
      <trkpt lat="46.336426734924316" lon="13.140292167663574">
        <ele>250</ele>
      </trkpt>
      <trkpt lat="46.336383819580078" lon="13.140292167663574">
        <ele>250</ele>
      </trkpt>
      <trkpt lat="46.336147785186768" lon="13.140249252319336">
        <ele>250</ele>
      </trkpt>
      <trkpt lat="46.335946451872587" lon="13.140206756070256">
        <ele>250</ele>
      </trkpt>
      <trkpt lat="46.335740089416504" lon="13.140163421630859">
        <ele>250</ele>
      </trkpt>
      <trkpt lat="46.335504055023193" lon="13.14014196395874">
        <ele>250</ele>
      </trkpt>
      <trkpt lat="46.335289478302002" lon="13.140120506286621">
        <ele>250</ele>
      </trkpt>
      <trkpt lat="46.335053443908691" lon="13.140056133270264">
        <ele>249.80859375</ele>
      </trkpt>
      <trkpt lat="46.334753036499023" lon="13.139991760253906">
        <ele>248.57421875</ele>
      </trkpt>
      <trkpt lat="46.334495544433594" lon="13.13990592956543">
        <ele>247.44921875</ele>
      </trkpt>
      <trkpt lat="46.334066390991211" lon="13.139691352844238">
        <ele>245.5078125</ele>
      </trkpt>
      <trkpt lat="46.333765983581543" lon="13.139498233795166">
        <ele>244.19140625</ele>
      </trkpt>
      <trkpt lat="46.333701610565186" lon="13.139433860778809">
        <ele>243.859375</ele>
      </trkpt>
    <trkpt lat="46.333702" lon="13.139434">
        <ele>230.92045</ele>
        <name>46.333702,13.139434</name>
        <extensions>
          <ns1:mapZoom>10</ns1:mapZoom>
        </extensions>
      </trkpt>
      <trkpt lat="46.333165" lon="13.139026">
        <ele>231.47907</ele>
      </trkpt>
      <trkpt lat="46.332715" lon="13.139327">
        <ele>231.83664</ele>
      </trkpt>
      <trkpt lat="46.332307" lon="13.139327">
        <ele>231.60458</ele>
      </trkpt>
      <trkpt lat="46.331899" lon="13.138747">
        <ele>230.19035</ele>
      </trkpt>
      <trkpt lat="46.331663" lon="13.139091">
        <ele>230.6162</ele>
      </trkpt>
      <trkpt lat="46.331577" lon="13.139648">
        <ele>231.65073</ele>
      </trkpt>
      <trkpt lat="46.330633" lon="13.139606">
        <ele>229.81033</ele>
      </trkpt>
      <trkpt lat="46.330183" lon="13.139284">
        <ele>231.59958</ele>
      </trkpt>
      <trkpt lat="46.330075" lon="13.13879">
        <ele>229.92689</ele>
      </trkpt>
      <trkpt lat="46.329217" lon="13.137159">
        <ele>226.37628</ele>
      </trkpt>
      <trkpt lat="46.328846" lon="13.137522">
        <ele>226.3018</ele>
      </trkpt>
      <trkpt lat="46.327756" lon="13.135617">
        <ele>224.05132</ele>
      </trkpt>
      <trkpt lat="46.328398" lon="13.135289">
        <ele>224.6995</ele>
      </trkpt>
      <trkpt lat="46.329045" lon="13.13379">
        <ele>225.81646</ele>
      </trkpt>
      <trkpt lat="46.329281" lon="13.133554">
        <ele>224.60103</ele>
      </trkpt>
      <trkpt lat="46.329281" lon="13.132396">
        <ele>225.07669</ele>
      </trkpt>
      <trkpt lat="46.326792" lon="13.131237">
        <ele>223.04493</ele>
      </trkpt>
      <trkpt lat="46.325719" lon="13.12995">
        <ele>222.39053</ele>
      </trkpt>
      <trkpt lat="46.323466" lon="13.12834">
        <ele>222.06036</ele>
      </trkpt>
      <trkpt lat="46.321106" lon="13.128297">
        <ele>220.1264</ele>
      </trkpt>
      <trkpt lat="46.320999" lon="13.128598">
        <ele>219.92392</ele>
      </trkpt>
      <trkpt lat="46.321192" lon="13.129177">
        <ele>220.40589</ele>
      </trkpt>
      <trkpt lat="46.32087" lon="13.130379">
        <ele>222.48637</ele>
      </trkpt>
      <trkpt lat="46.319239" lon="13.12995">
        <ele>219.92558</ele>
      </trkpt>
      <trkpt lat="46.314411" lon="13.127611">
        <ele>217.44747</ele>
      </trkpt>
      <trkpt lat="46.313574" lon="13.127482">
        <ele>219.77126</ele>
      </trkpt>
      <trkpt lat="46.310055" lon="13.127761">
        <ele>217.36091</ele>
      </trkpt>
      <trkpt lat="46.309004" lon="13.127697">
        <ele>215.87744</ele>
      </trkpt>
      <trkpt lat="46.308124" lon="13.127353">
        <ele>217.68192</ele>
      </trkpt>
      <trkpt lat="46.307116" lon="13.126624">
        <ele>230.67593</ele>
      </trkpt>
      <trkpt lat="46.306686" lon="13.12613">
        <ele>226.73651</ele>
      </trkpt>
      <trkpt lat="46.304991" lon="13.122954">
        <ele>223.24873</ele>
      </trkpt>
      <trkpt lat="46.30379" lon="13.121753">
        <ele>216.64615</ele>
      </trkpt>
      <trkpt lat="46.30233" lon="13.121088">
        <ele>221.54123</ele>
      </trkpt>
      <trkpt lat="46.299369" lon="13.120551">
        <ele>212.18219</ele>
      </trkpt>
      <trkpt lat="46.299284" lon="13.120658">
        <ele>211.48408</ele>
      </trkpt>
      <trkpt lat="46.299412" lon="13.120937">
        <ele>213.25354</ele>
      </trkpt>
      <trkpt lat="46.299262" lon="13.120766">
        <ele>212.37487</ele>
        <name>46.299262,13.120766</name>
        <extensions>
          <ns1:mapZoom>10</ns1:mapZoom>
        </extensions>
      </trkpt>
      <trkpt lat="46.299047" lon="13.120315">
        <ele>209.68429</ele>
      </trkpt>
      <trkpt lat="46.299112" lon="13.118963">
        <ele>207.87892</ele>
      </trkpt>
      <trkpt lat="46.297867" lon="13.119049">
        <ele>207.78819</ele>
      </trkpt>
      <trkpt lat="46.297674" lon="13.119414">
        <ele>207.58411</ele>
      </trkpt>
      <trkpt lat="46.296408" lon="13.119693">
        <ele>206.45703</ele>
      </trkpt>
      <trkpt lat="46.293131" lon="13.12134">
        <ele>205.19747</ele>
      </trkpt>
      <trkpt lat="46.292883" lon="13.121626">
        <ele>205.14726</ele>
      </trkpt>
      <trkpt lat="46.292296" lon="13.123074">
        <ele>204.21713</ele>
      </trkpt>
      <trkpt lat="46.292031" lon="13.123019">
        <ele>204.29358</ele>
      </trkpt>
      <trkpt lat="46.289972" lon="13.123748">
        <ele>202.54867</ele>
      </trkpt>
      <trkpt lat="46.289649" lon="13.123512">
        <ele>203.57415</ele>
      </trkpt>
      <trkpt lat="46.289284" lon="13.122611">
        <ele>201.69752</ele>
      </trkpt>
      <trkpt lat="46.289177" lon="13.122568">
        <ele>201.62986</ele>
      </trkpt>
      <trkpt lat="46.287847" lon="13.123512">
        <ele>202.06623</ele>
      </trkpt>
      <trkpt lat="46.287031" lon="13.123941">
        <ele>200.6506</ele>
      </trkpt>
      <trkpt lat="46.286387" lon="13.124092">
        <ele>200.49871</ele>
      </trkpt>
      <trkpt lat="46.286538" lon="13.123426">
        <ele>199.98337</ele>
      </trkpt>
      <trkpt lat="46.287353" lon="13.123491">
        <ele>200.885</ele>
        <name>46.287353,13.123491</name>
        <extensions>
          <ns1:mapZoom>10</ns1:mapZoom>
        </extensions>
      </trkpt>
      <trkpt lat="46.287525" lon="13.122997">
        <ele>200.19507</ele>
      </trkpt>
      <trkpt lat="46.28686" lon="13.120465">
        <ele>200.48853</ele>
      </trkpt>
      <trkpt lat="46.286881" lon="13.119006">
        <ele>200.55814</ele>
      </trkpt>
      <trkpt lat="46.286731" lon="13.117933">
        <ele>200.80461</ele>
      </trkpt>
      <trkpt lat="46.286559" lon="13.113191">
        <ele>200.50319</ele>
      </trkpt>
      <trkpt lat="46.286581" lon="13.11244">
        <ele>200.30999</ele>
      </trkpt>
      <trkpt lat="46.286709" lon="13.111989">
        <ele>200.97844</ele>
      </trkpt>
      <trkpt lat="46.28686" lon="13.112097">
        <ele>200.99755</ele>
      </trkpt>
      <trkpt lat="46.287138" lon="13.111067">
        <ele>200.56549</ele>
      </trkpt>
      <trkpt lat="46.28716" lon="13.107591">
        <ele>200.71418</ele>
      </trkpt>
      <trkpt lat="46.286108" lon="13.107526">
        <ele>200.39676</ele>
      </trkpt>
      <trkpt lat="46.286151" lon="13.101819">
        <ele>200.39436</ele>
      </trkpt>
      <trkpt lat="46.28628" lon="13.10154">
        <ele>200.15083</ele>
        <name>46.286280,13.101540</name>
        <extensions>
          <ns1:mapZoom>10</ns1:mapZoom>
        </extensions>
      </trkpt>
      <trkpt lat="46.286345" lon="13.101368">
        <ele>201.25349</ele>
      </trkpt>
      <trkpt lat="46.28598" lon="13.100917">
        <ele>200.31313</ele>
      </trkpt>
      <trkpt lat="46.284328" lon="13.099651">
        <ele>199.47064</ele>
      </trkpt>
      <trkpt lat="46.282568" lon="13.099051">
        <ele>199.43645</ele>
      </trkpt>
      <trkpt lat="46.282589" lon="13.098407">
        <ele>200.03882</ele>
      </trkpt>
      <trkpt lat="46.282203" lon="13.097978">
        <ele>198.74463</ele>
      </trkpt>
      <trkpt lat="46.281345" lon="13.095896">
        <ele>204.41487</ele>
      </trkpt>
      <trkpt lat="46.280529" lon="13.095767">
        <ele>199.65314</ele>
      </trkpt>
      <trkpt lat="46.280422" lon="13.095124">
        <ele>199.66003</ele>
      </trkpt>
      <trkpt lat="46.27995" lon="13.094459">
        <ele>199.82163</ele>
      </trkpt>
      <trkpt lat="46.278727" lon="13.09478">
        <ele>197.72332</ele>
      </trkpt>
      <trkpt lat="46.277075" lon="13.09418">
        <ele>196.24112</ele>
      </trkpt>
      <trkpt lat="46.274071" lon="13.092377">
        <ele>194.69176</ele>
      </trkpt>
      <trkpt lat="46.272418" lon="13.091111">
        <ele>194.64</ele>
      </trkpt>
      <trkpt lat="46.272097" lon="13.091304">
        <ele>194.09128</ele>
      </trkpt>
      <trkpt lat="46.270852" lon="13.094845">
        <ele>193.48553</ele>
      </trkpt>
      <trkpt lat="46.270273" lon="13.094265">
        <ele>193.38149</ele>
      </trkpt>
      <trkpt lat="46.269886" lon="13.091562">
        <ele>191.95003</ele>
      </trkpt>
      <trkpt lat="46.2692" lon="13.090639">
        <ele>191.62171</ele>
      </trkpt>
      <trkpt lat="46.269135" lon="13.090317">
        <ele>191.19898</ele>
      </trkpt>
      <trkpt lat="46.268878" lon="13.088515">
        <ele>190.51029</ele>
      </trkpt>
      <trkpt lat="46.268942" lon="13.087013">
        <ele>191.05985</ele>
      </trkpt>
      <trkpt lat="46.268578" lon="13.086412">
        <ele>190.02411</ele>
      </trkpt>
      <trkpt lat="46.268578" lon="13.086004">
        <ele>190.18488</ele>
      </trkpt>
      <trkpt lat="46.268406" lon="13.085554">
        <ele>190.06556</ele>
      </trkpt>
      <trkpt lat="46.266968" lon="13.083944">
        <ele>189.6311</ele>
      </trkpt>
      <trkpt lat="46.266668" lon="13.083322">
        <ele>190.04887</ele>
      </trkpt>
      <trkpt lat="46.266668" lon="13.082614">
        <ele>189.43884</ele>
      </trkpt>
      <trkpt lat="46.266861" lon="13.081455">
        <ele>188.76388</ele>
      </trkpt>
      <trkpt lat="46.266775" lon="13.081262">
        <ele>188.54656</ele>
      </trkpt>
      <trkpt lat="46.265402" lon="13.079782">
        <ele>188.00323</ele>
      </trkpt>
      <trkpt lat="46.262376" lon="13.077335">
        <ele>187.94179</ele>
      </trkpt>
      <trkpt lat="46.260574" lon="13.07622">
        <ele>183.8529</ele>
      </trkpt>
      <trkpt lat="46.258922" lon="13.076241">
        <ele>182.76244</ele>
      </trkpt>
      <trkpt lat="46.25845" lon="13.075962">
        <ele>182.50305</ele>
      </trkpt>
      <trkpt lat="46.257441" lon="13.07519">
        <ele>181.59486</ele>
      </trkpt>
      <trkpt lat="46.257269" lon="13.074632">
        <ele>181.33067</ele>
      </trkpt>
      <trkpt lat="46.254802" lon="13.072743">
        <ele>179.40323</ele>
      </trkpt>
      <trkpt lat="46.252055" lon="13.070877">
        <ele>177.70535</ele>
      </trkpt>
      <trkpt lat="46.251884" lon="13.069246">
        <ele>177.10168</ele>
      </trkpt>
      <trkpt lat="46.251755" lon="13.068795">
        <ele>176.98385</ele>
      </trkpt>
      <trkpt lat="46.251369" lon="13.068216">
        <ele>177.33639</ele>
      </trkpt>
      <trkpt lat="46.251283" lon="13.066778">
        <ele>177.87156</ele>
      </trkpt>
      <trkpt lat="46.251562" lon="13.064139">
        <ele>176.46397</ele>
      </trkpt>
      <trkpt lat="46.25124" lon="13.061843">
        <ele>176.73957</ele>
      </trkpt>
      <trkpt lat="46.237314" lon="13.051758">
        <ele>167.45839</ele>
      </trkpt>
      <trkpt lat="46.232529" lon="13.050513">
        <ele>164.68626</ele>
      </trkpt>
      <trkpt lat="46.232336" lon="13.050621">
        <ele>164.53444</ele>
      </trkpt>
      <trkpt lat="46.231971" lon="13.05135">
        <ele>164.40121</ele>
      </trkpt>
      <trkpt lat="46.230597" lon="13.054569">
        <ele>164.83568</ele>
      </trkpt>
      <trkpt lat="46.22637" lon="13.050385">
        <ele>161.85641</ele>
      </trkpt>
      <trkpt lat="46.225426" lon="13.049676">
        <ele>161.67905</ele>
      </trkpt>
      <trkpt lat="46.222873" lon="13.048325">
        <ele>160.96097</ele>
      </trkpt>
      <trkpt lat="46.222057" lon="13.047724">
        <ele>159.83833</ele>
      </trkpt>
      <trkpt lat="46.221735" lon="13.047638">
        <ele>158.86777</ele>
      </trkpt>
      <trkpt lat="46.221199" lon="13.047895">
        <ele>159.14089</ele>
        <name>46.221199,13.047895</name>
        <extensions>
          <ns1:mapZoom>10</ns1:mapZoom>
        </extensions>
      </trkpt>
      <trkpt lat="46.221156" lon="13.04841">
        <ele>159.54687</ele>
      </trkpt>
      <trkpt lat="46.221263" lon="13.048689">
        <ele>159.70958</ele>
      </trkpt>
      <trkpt lat="46.221821" lon="13.049355">
        <ele>159.69231</ele>
      </trkpt>
      <trkpt lat="46.222293" lon="13.049698">
        <ele>159.93737</ele>
      </trkpt>
      <trkpt lat="46.222036" lon="13.050942">
        <ele>160.04969</ele>
      </trkpt>
      <trkpt lat="46.221542" lon="13.056564">
        <ele>162.04826</ele>
      </trkpt>
      <trkpt lat="46.221006" lon="13.060706">
        <ele>162.888</ele>
      </trkpt>
      <trkpt lat="46.221006" lon="13.061821">
        <ele>163.4257</ele>
      </trkpt>
      <trkpt lat="46.221993" lon="13.063989">
        <ele>164.32383</ele>
      </trkpt>
      <trkpt lat="46.221049" lon="13.068023">
        <ele>164.67642</ele>
      </trkpt>
      <trkpt lat="46.220663" lon="13.06783">
        <ele>164.63611</ele>
      </trkpt>
      <trkpt lat="46.21989" lon="13.071177">
        <ele>163.80886</ele>
      </trkpt>
      <trkpt lat="46.219697" lon="13.071027">
        <ele>163.5265</ele>
      </trkpt>
      <trkpt lat="46.219654" lon="13.071134">
        <ele>163.67739</ele>
      </trkpt>
      <trkpt lat="46.219697" lon="13.072057">
        <ele>163.82253</ele>
      </trkpt>
      <trkpt lat="46.219568" lon="13.072078">
        <ele>164.32511</ele>
      </trkpt>
      <trkpt lat="46.219697" lon="13.073473">
        <ele>164.14855</ele>
      </trkpt>
      <trkpt lat="46.219504" lon="13.074653">
        <ele>164.70721</ele>
      </trkpt>
      <trkpt lat="46.219611" lon="13.074911">
        <ele>164.61774</ele>
      </trkpt>
      <trkpt lat="46.221178" lon="13.076391">
        <ele>164.09143</ele>
      </trkpt>
      <trkpt lat="46.220512" lon="13.077807">
        <ele>165.62414</ele>
      </trkpt>
      <trkpt lat="46.218152" lon="13.081069">
        <ele>164.89691</ele>
      </trkpt>
      <trkpt lat="46.217787" lon="13.082421">
        <ele>165.05473</ele>
      </trkpt>
      <trkpt lat="46.216242" lon="13.081412">
        <ele>164.54637</ele>
      </trkpt>
      <trkpt lat="46.216199" lon="13.081906">
        <ele>164.25504</ele>
      </trkpt>
      <trkpt lat="46.216371" lon="13.082871">
        <ele>164.23301</ele>
      </trkpt>
      <trkpt lat="46.21635" lon="13.083322">
        <ele>164.2257</ele>
      </trkpt>
      <trkpt lat="46.215341" lon="13.085511">
        <ele>163.83833</ele>
      </trkpt>
      <trkpt lat="46.214976" lon="13.087163">
        <ele>163.45393</ele>
      </trkpt>
      <trkpt lat="46.214612" lon="13.089974">
        <ele>163.45344</ele>
      </trkpt>
      <trkpt lat="46.215041" lon="13.090038">
        <ele>164.62754</ele>
      </trkpt>
      <trkpt lat="46.215577" lon="13.089781">
        <ele>164.10637</ele>
      </trkpt>
      <trkpt lat="46.215856" lon="13.089952">
        <ele>164.86453</ele>
      </trkpt>
      <trkpt lat="46.215599" lon="13.089995">
        <ele>165.85646</ele>
      </trkpt>
      <trkpt lat="46.214955" lon="13.092999">
        <ele>165.63295</ele>
      </trkpt>
      <trkpt lat="46.215084" lon="13.097248">
        <ele>165.59768</ele>
      </trkpt>
      <trkpt lat="46.214976" lon="13.099823">
        <ele>166.21035</ele>
      </trkpt>
      <trkpt lat="46.215062" lon="13.101904">
        <ele>166.97362</ele>
        <name>46.215062,13.101904</name>
        <extensions>
          <ns1:mapZoom>10</ns1:mapZoom>
        </extensions>
      </trkpt>
      <trkpt lat="46.214955" lon="13.102162">
        <ele>167.30609</ele>
      </trkpt>
      <trkpt lat="46.213088" lon="13.101432">
        <ele>165.78829</ele>
      </trkpt>
      <trkpt lat="46.212702" lon="13.101604">
        <ele>166.4019</ele>
      </trkpt>
      <trkpt lat="46.212101" lon="13.102505">
        <ele>165.80112</ele>
      </trkpt>
      <trkpt lat="46.210341" lon="13.101368">
        <ele>165.87608</ele>
      </trkpt>
      <trkpt lat="46.208539" lon="13.105509">
        <ele>164.96239</ele>
      </trkpt>
      <trkpt lat="46.207917" lon="13.105338">
        <ele>163.43425</ele>
      </trkpt>
      <trkpt lat="46.207702" lon="13.105724">
        <ele>164.39739</ele>
      </trkpt>
      <trkpt lat="46.207293" lon="13.105803">
        <ele>166.03047</ele>
      </trkpt>
      <trkpt lat="46.207573" lon="13.107483">
        <ele>171.35016</ele>
      </trkpt>
      <trkpt lat="46.207101" lon="13.107462">
        <ele>171.16656</ele>
      </trkpt>
      <trkpt lat="46.206887" lon="13.108041">
        <ele>174.39723</ele>
      </trkpt>
      <trkpt lat="46.206908" lon="13.108256">
        <ele>174.5646</ele>
      </trkpt>
      <trkpt lat="46.206415" lon="13.10847">
        <ele>175.02148</ele>
      </trkpt>
      <trkpt lat="46.206586" lon="13.109608">
        <ele>178.01612</ele>
      </trkpt>
      <trkpt lat="46.205192" lon="13.109822">
        <ele>175.56751</ele>
      </trkpt>
      <trkpt lat="46.204891" lon="13.109629">
        <ele>174.3355</ele>
      </trkpt>
      <trkpt lat="46.204505" lon="13.109887">
        <ele>174.6004</ele>
      </trkpt>
      <trkpt lat="46.204462" lon="13.110595">
        <ele>176.50808</ele>
      </trkpt>
      <trkpt lat="46.203926" lon="13.112848">
        <ele>176.48875</ele>
      </trkpt>
      <trkpt lat="46.203754" lon="13.116427">
        <ele>177.07244</ele>
      </trkpt>
      <trkpt lat="46.202424" lon="13.116689">
        <ele>175.89733</ele>
      </trkpt>
      <trkpt lat="46.201823" lon="13.117247">
        <ele>175.521</ele>
      </trkpt>
      <trkpt lat="46.201565" lon="13.116968">
        <ele>175.22888</ele>
      </trkpt>
      <trkpt lat="46.201458" lon="13.117203">
        <ele>175.53887</ele>
      </trkpt>
      <trkpt lat="46.201265" lon="13.117182">
        <ele>175.7271</ele>
      </trkpt>
      <trkpt lat="46.2009" lon="13.11744">
        <ele>176.19253</ele>
      </trkpt>
      <trkpt lat="46.200836" lon="13.119628">
        <ele>176.72096</ele>
      </trkpt>
      <trkpt lat="46.202295" lon="13.121345">
        <ele>174.33624</ele>
      </trkpt>
      <trkpt lat="46.204011" lon="13.122439">
        <ele>177.23309</ele>
      </trkpt>
      <trkpt lat="46.203775" lon="13.122783">
        <ele>176.93057</ele>
      </trkpt>
      <trkpt lat="46.203818" lon="13.123834">
        <ele>178.20261</ele>
      </trkpt>
      <trkpt lat="46.203518" lon="13.124585">
        <ele>178.51282</ele>
      </trkpt>
      <trkpt lat="46.203411" lon="13.125336">
        <ele>179.71827</ele>
      </trkpt>
      <trkpt lat="46.202252" lon="13.127053">
        <ele>178.35881</ele>
      </trkpt>
      <trkpt lat="46.201522" lon="13.128748">
        <ele>177.80698</ele>
      </trkpt>
      <trkpt lat="46.200385" lon="13.129628">
        <ele>176.53822</ele>
      </trkpt>
      <trkpt lat="46.197746" lon="13.130422">
        <ele>171.09975</ele>
      </trkpt>
      <trkpt lat="46.197381" lon="13.130786">
        <ele>171.0301</ele>
      </trkpt>
      <trkpt lat="46.19693" lon="13.13261">
        <ele>171.72284</ele>
      </trkpt>
      <trkpt lat="46.196972" lon="13.132486">
        <ele>171.50416</ele>
      </trkpt>
      <trkpt lat="46.195278" lon="13.134563">
        <ele>172.42035</ele>
      </trkpt>
      <trkpt lat="46.194248" lon="13.135121">
        <ele>173.43627</ele>
      </trkpt>
      <trkpt lat="46.193411" lon="13.135271">
        <ele>175.07103</ele>
      </trkpt>
      <trkpt lat="46.191652" lon="13.137138">
        <ele>175.40977</ele>
      </trkpt>
      <trkpt lat="46.190214" lon="13.138189">
        <ele>177.26454</ele>
      </trkpt>
      <trkpt lat="46.189678" lon="13.139026">
        <ele>178.95137</ele>
      </trkpt>
      <trkpt lat="46.188197" lon="13.140013">
        <ele>179.40314</ele>
      </trkpt>
      <trkpt lat="46.187747" lon="13.140013">
        <ele>178.77986</ele>
      </trkpt>
      <trkpt lat="46.18706" lon="13.139713">
        <ele>179.42013</ele>
      </trkpt>
      <trkpt lat="46.186738" lon="13.139799">
        <ele>178.13519</ele>
      </trkpt>
      <trkpt lat="46.186502" lon="13.14055">
        <ele>177.2676</ele>
      </trkpt>
      <trkpt lat="46.186566" lon="13.141558">
        <ele>178.56614</ele>
      </trkpt>
      <trkpt lat="46.186459" lon="13.142717">
        <ele>185.18006</ele>
      </trkpt>
      <trkpt lat="46.185172" lon="13.14321">
        <ele>180.32679</ele>
      </trkpt>
      <trkpt lat="46.181567" lon="13.145914">
        <ele>166.13649</ele>
      </trkpt>
      <trkpt lat="46.181245" lon="13.148167">
        <ele>171.63664</ele>
      </trkpt>
      <trkpt lat="46.180494" lon="13.149519">
        <ele>180.15261</ele>
      </trkpt>
      <trkpt lat="46.180494" lon="13.149991">
        <ele>180.51528</ele>
      </trkpt>
      <trkpt lat="46.180816" lon="13.150034">
        <ele>183.05379</ele>
        <name>46.180816,13.150034</name>
        <extensions>
          <ns1:mapZoom>10</ns1:mapZoom>
        </extensions>
      </trkpt>
      <trkpt lat="46.181159" lon="13.150291">
        <ele>186.95757</ele>
      </trkpt>
      <trkpt lat="46.181695" lon="13.150356">
        <ele>187.48857</ele>
      </trkpt>
      <trkpt lat="46.18221" lon="13.150892">
        <ele>183.11004</ele>
      </trkpt>
      <trkpt lat="46.182361" lon="13.151343">
        <ele>183.35969</ele>
      </trkpt>
      <trkpt lat="46.182425" lon="13.152759">
        <ele>183.74091</ele>
      </trkpt>
      <trkpt lat="46.182339" lon="13.154068">
        <ele>191.12915</ele>
      </trkpt>
      <trkpt lat="46.182725" lon="13.155549">
        <ele>192.92181</ele>
      </trkpt>
      <trkpt lat="46.18176" lon="13.157651">
        <ele>187.32713</ele>
      </trkpt>
      <trkpt lat="46.182489" lon="13.15866">
        <ele>186.63574</ele>
      </trkpt>
      <trkpt lat="46.182833" lon="13.159454">
        <ele>187.23598</ele>
      </trkpt>
      <trkpt lat="46.182897" lon="13.161364">
        <ele>195.65911</ele>
      </trkpt>
      <trkpt lat="46.183112" lon="13.162179">
        <ele>200.4519</ele>
        <name>46.183112,13.162179</name>
        <extensions>
          <ns1:mapZoom>10</ns1:mapZoom>
        </extensions>
      </trkpt>
      <trkpt lat="46.183155" lon="13.16263">
        <ele>201.81944</ele>
      </trkpt>
      <trkpt lat="46.182382" lon="13.162866">
        <ele>196.13869</ele>
      </trkpt>
      <trkpt lat="46.180837" lon="13.162909">
        <ele>187.02164</ele>
      </trkpt>
      <trkpt lat="46.179163" lon="13.163252">
        <ele>178.70718</ele>
      </trkpt>
      <trkpt lat="46.179035" lon="13.164539">
        <ele>177.41632</ele>
      </trkpt>
      <trkpt lat="46.17897" lon="13.164775">
        <ele>176.87831</ele>
      </trkpt>
      <trkpt lat="46.178799" lon="13.164883">
        <ele>176.63701</ele>
      </trkpt>
      <trkpt lat="46.177211" lon="13.164883">
        <ele>175.64635</ele>
      </trkpt>
      <trkpt lat="46.175859" lon="13.165376">
        <ele>173.59933</ele>
      </trkpt>
      <trkpt lat="46.174572" lon="13.165591">
        <ele>171.64637</ele>
      </trkpt>
      <trkpt lat="46.17234" lon="13.165205">
        <ele>162.07271</ele>
      </trkpt>
      <trkpt lat="46.171503" lon="13.165419">
        <ele>160.19367</ele>
      </trkpt>
      <trkpt lat="46.171353" lon="13.165934">
        <ele>160.0222</ele>
      </trkpt>
      <trkpt lat="46.171267" lon="13.167479">
        <ele>159.44374</ele>
      </trkpt>
      <trkpt lat="46.170409" lon="13.169839">
        <ele>156.76085</ele>
      </trkpt>
      <trkpt lat="46.170344" lon="13.170569">
        <ele>156.1619</ele>
      </trkpt>
      <trkpt lat="46.17043" lon="13.173015">
        <ele>158.01888</ele>
      </trkpt>
      <trkpt lat="46.170924" lon="13.175805">
        <ele>159.12183</ele>
      </trkpt>
      <trkpt lat="46.169486" lon="13.175783">
        <ele>158.19732</ele>
      </trkpt>
      <trkpt lat="46.168799" lon="13.175204">
        <ele>158.35421</ele>
      </trkpt>
      <trkpt lat="46.167576" lon="13.173788">
        <ele>156.96584</ele>
      </trkpt>
      <trkpt lat="46.166761" lon="13.173509">
        <ele>162.07983</ele>
      </trkpt>
      <trkpt lat="46.165967" lon="13.173723">
        <ele>163.24804</ele>
      </trkpt>
      <trkpt lat="46.162341" lon="13.175826">
        <ele>183.03338</ele>
      </trkpt>
      <trkpt lat="46.160796" lon="13.178122">
        <ele>184.57142</ele>
      </trkpt>
      <trkpt lat="46.160238" lon="13.178508">
        <ele>187.38728</ele>
      </trkpt>
      <trkpt lat="46.159658" lon="13.178594">
        <ele>189.38132</ele>
      </trkpt>
      <trkpt lat="46.158199" lon="13.180075">
        <ele>198.52646</ele>
      </trkpt>
      <trkpt lat="46.157835" lon="13.18074">
        <ele>200.51266</ele>
      </trkpt>
      <trkpt lat="46.156075" lon="13.18222">
        <ele>196.57276</ele>
      </trkpt>
      <trkpt lat="46.156182" lon="13.182929">
        <ele>196.60742</ele>
      </trkpt>
      <trkpt lat="46.156182" lon="13.184474">
        <ele>195.13122</ele>
      </trkpt>
      <trkpt lat="46.156611" lon="13.185525">
        <ele>190.97748</ele>
      </trkpt>
      <trkpt lat="46.156096" lon="13.186061">
        <ele>190.802</ele>
      </trkpt>
      <trkpt lat="46.155581" lon="13.188143">
        <ele>192.37186</ele>
      </trkpt>
      <trkpt lat="46.155152" lon="13.18913">
        <ele>194.33227</ele>
      </trkpt>
      <trkpt lat="46.154037" lon="13.190868">
        <ele>189.26003</ele>
      </trkpt>
      <trkpt lat="46.152556" lon="13.191082">
        <ele>188.45417</ele>
      </trkpt>
      <trkpt lat="46.151977" lon="13.190975">
        <ele>187.49776</ele>
      </trkpt>
      <trkpt lat="46.151783" lon="13.191104">
        <ele>190.37033</ele>
      </trkpt>
      <trkpt lat="46.151397" lon="13.191769">
        <ele>194.40699</ele>
      </trkpt>
      <trkpt lat="46.150775" lon="13.192306">
        <ele>196.08597</ele>
      </trkpt>
      <trkpt lat="46.150045" lon="13.192241">
        <ele>194.25531</ele>
      </trkpt>
      <trkpt lat="46.148844" lon="13.192413">
        <ele>191.40759</ele>
      </trkpt>
      <trkpt lat="46.147299" lon="13.194215">
        <ele>200.95717</ele>
      </trkpt>
      <trkpt lat="46.147428" lon="13.19546">
        <ele>199.3959</ele>
        <name>46.147428,13.195460</name>
        <extensions>
          <ns1:mapZoom>10</ns1:mapZoom>
        </extensions>
      </trkpt>
      <trkpt lat="46.147578" lon="13.196232">
        <ele>198.55515</ele>
      </trkpt>
      <trkpt lat="46.147707" lon="13.196275">
        <ele>198.60407</ele>
      </trkpt>
      <trkpt lat="46.147578" lon="13.19679">
        <ele>199.45388</ele>
      </trkpt>
      <trkpt lat="46.147535" lon="13.197799">
        <ele>203.90963</ele>
      </trkpt>
      <trkpt lat="46.147256" lon="13.198743">
        <ele>204.68795</ele>
      </trkpt>
      <trkpt lat="46.147428" lon="13.199365">
        <ele>205.46564</ele>
      </trkpt>
      <trkpt lat="46.147749" lon="13.201983">
        <ele>210.10393</ele>
      </trkpt>
      <trkpt lat="46.1482" lon="13.202841">
        <ele>210.82953</ele>
      </trkpt>
      <trkpt lat="46.148951" lon="13.203421">
        <ele>213.82024</ele>
      </trkpt>
      <trkpt lat="46.149509" lon="13.204386">
        <ele>204.45695</ele>
      </trkpt>
      <trkpt lat="46.149509" lon="13.206124">
        <ele>199.04095</ele>
      </trkpt>
      <trkpt lat="46.149616" lon="13.206382">
        <ele>198.18117</ele>
      </trkpt>
      <trkpt lat="46.149509" lon="13.207433">
        <ele>192.40557</ele>
      </trkpt>
      <trkpt lat="46.148844" lon="13.20724">
        <ele>190.60005</ele>
      </trkpt>
      <trkpt lat="46.147771" lon="13.206468">
        <ele>187.34799</ele>
      </trkpt>
      <trkpt lat="46.147041" lon="13.206146">
        <ele>184.94802</ele>
      </trkpt>
      <trkpt lat="46.146934" lon="13.206789">
        <ele>185.879</ele>
      </trkpt>
      <trkpt lat="46.146677" lon="13.207412">
        <ele>187.40502</ele>
      </trkpt>
      <trkpt lat="46.147031" lon="13.20774">
        <ele>187.61669</ele>
      </trkpt>
      <trkpt lat="46.147135" lon="13.208067">
        <ele>187.20247</ele>
      </trkpt>
      <trkpt lat="46.146959" lon="13.209182">
        <ele>188.11287</ele>
      </trkpt>
      <trkpt lat="46.147094" lon="13.209384">
        <ele>187.78074</ele>
      </trkpt>
      <trkpt lat="46.148293" lon="13.209957">
        <ele>191.03279</ele>
      </trkpt>
      <trkpt lat="46.14899" lon="13.210535">
        <ele>189.86635</ele>
      </trkpt>
      <trkpt lat="46.150156" lon="13.210791">
        <ele>190.53107</ele>
      </trkpt>
      <trkpt lat="46.152321" lon="13.210916">
        <ele>193.21673</ele>
      </trkpt>
      <trkpt lat="46.152384" lon="13.214579">
        <ele>184.48673</ele>
        <name>46.152384,13.214579</name>
        <extensions>
          <ns1:mapZoom>10</ns1:mapZoom>
        </extensions>
      </trkpt>
      <trkpt lat="46.152406" lon="13.215115">
        <ele>183.51146</ele>
      </trkpt>
      <trkpt lat="46.152148" lon="13.215394">
        <ele>183.80844</ele>
      </trkpt>
      <trkpt lat="46.149209" lon="13.215437">
        <ele>181.04189</ele>
      </trkpt>
      <trkpt lat="46.149595" lon="13.215437">
        <ele>182.41584</ele>
      </trkpt>
      <trkpt lat="46.146376" lon="13.215137">
        <ele>177.10608</ele>
      </trkpt>
      <trkpt lat="46.142428" lon="13.215137">
        <ele>169.6796</ele>
      </trkpt>
      <trkpt lat="46.139832" lon="13.215673">
        <ele>165.91683</ele>
      </trkpt>
      <trkpt lat="46.138716" lon="13.215694">
        <ele>165.62048</ele>
      </trkpt>
      <trkpt lat="46.138158" lon="13.216338">
        <ele>165.60455</ele>
      </trkpt>
      <trkpt lat="46.137235" lon="13.216681">
        <ele>163.9225</ele>
      </trkpt>
      <trkpt lat="46.131291" lon="13.215845">
        <ele>158.8755</ele>
      </trkpt>
      <trkpt lat="46.129403" lon="13.214965">
        <ele>155.05309</ele>
      </trkpt>
      <trkpt lat="46.129253" lon="13.211532">
        <ele>161.00716</ele>
      </trkpt>
      <trkpt lat="46.128631" lon="13.210952">
        <ele>159.03654</ele>
      </trkpt>
      <trkpt lat="46.128287" lon="13.210845">
        <ele>157.35842</ele>
      </trkpt>
      <trkpt lat="46.128073" lon="13.210845">
        <ele>154.77277</ele>
      </trkpt>
      <trkpt lat="46.127622" lon="13.211274">
        <ele>153.33223</ele>
      </trkpt>
      <trkpt lat="46.126678" lon="13.209729">
        <ele>154.16459</ele>
      </trkpt>
      <trkpt lat="46.125777" lon="13.208549">
        <ele>153.22552</ele>
      </trkpt>
      <trkpt lat="46.123674" lon="13.209128">
        <ele>150.85063</ele>
      </trkpt>
      <trkpt lat="46.122022" lon="13.210995">
        <ele>148.77298</ele>
      </trkpt>
      <trkpt lat="46.120412" lon="13.211424">
        <ele>144.44624</ele>
      </trkpt>
      <trkpt lat="46.120412" lon="13.211639">
        <ele>146.00224</ele>
      </trkpt>
      <trkpt lat="46.12067" lon="13.212111">
        <ele>147.00494</ele>
      </trkpt>
      <trkpt lat="46.120542" lon="13.212284">
        <ele>146.43375</ele>
      </trkpt>
      <trkpt lat="46.119618" lon="13.21151">
        <ele>143.65878</ele>
      </trkpt>
      <trkpt lat="46.117902" lon="13.210888">
        <ele>140.29914</ele>
      </trkpt>
      <trkpt lat="46.113503" lon="13.211167">
        <ele>139.04503</ele>
      </trkpt>
      <trkpt lat="46.112623" lon="13.211832">
        <ele>138.63972</ele>
      </trkpt>
      <trkpt lat="46.11243" lon="13.212326">
        <ele>138.86209</ele>
      </trkpt>
      <trkpt lat="46.112237" lon="13.21209">
        <ele>138.44545</ele>
      </trkpt>
      <trkpt lat="46.111851" lon="13.212411">
        <ele>139.8481</ele>
      </trkpt>
      <trkpt lat="46.111143" lon="13.21254">
        <ele>137.62104</ele>
      </trkpt>
      <trkpt lat="46.10908" lon="13.213518">
        <ele>136.17651</ele>
      </trkpt>
      <trkpt lat="46.10904" lon="13.213377">
        <ele>136.23788</ele>
      </trkpt>
      <trkpt lat="46.108932" lon="13.21342">
        <ele>136.04589</ele>
      </trkpt>
      <trkpt lat="46.108932" lon="13.213549">
        <ele>136.1192</ele>
      </trkpt>
      <trkpt lat="46.104319" lon="13.216102">
        <ele>131.79359</ele>
      </trkpt>
      <trkpt lat="46.101573" lon="13.218033">
        <ele>129.84737</ele>
      </trkpt>
      <trkpt lat="46.101058" lon="13.216231">
        <ele>129.41017</ele>
      </trkpt>
      <trkpt lat="46.101079" lon="13.214579">
        <ele>129.77209</ele>
      </trkpt>
      <trkpt lat="46.101165" lon="13.214257">
        <ele>129.63364</ele>
      </trkpt>
      <trkpt lat="46.101079" lon="13.210716">
        <ele>130.37879</ele>
        <name>46.101079,13.210716</name>
        <extensions>
          <ns1:mapZoom>10</ns1:mapZoom>
        </extensions>
      </trkpt>
      <trkpt lat="46.101143" lon="13.21033">
        <ele>130.55918</ele>
      </trkpt>
      <trkpt lat="46.101058" lon="13.209214">
        <ele>130.17846</ele>
      </trkpt>
      <trkpt lat="46.101143" lon="13.209107">
        <ele>130.13147</ele>
      </trkpt>
      <trkpt lat="46.101251" lon="13.205953">
        <ele>126.90437</ele>
      </trkpt>
      <trkpt lat="46.101444" lon="13.20533">
        <ele>126.91684</ele>
      </trkpt>
      <trkpt lat="46.10183" lon="13.204966">
        <ele>127.22462</ele>
      </trkpt>
      <trkpt lat="46.101551" lon="13.204365">
        <ele>127.46377</ele>
      </trkpt>
      <trkpt lat="46.101766" lon="13.202906">
        <ele>126.83228</ele>
      </trkpt>
      <trkpt lat="46.100414" lon="13.202648">
        <ele>126.05229</ele>
      </trkpt>
      <trkpt lat="46.099706" lon="13.202798">
        <ele>125.0651</ele>
      </trkpt>
      <trkpt lat="46.098547" lon="13.202434">
        <ele>125.33752</ele>
      </trkpt>
      <trkpt lat="46.09756" lon="13.201554">
        <ele>125.13881</ele>
      </trkpt>
      <trkpt lat="46.096551" lon="13.201447">
        <ele>124.73074</ele>
      </trkpt>
      <trkpt lat="46.096337" lon="13.201103">
        <ele>124.6936</ele>
      </trkpt>
      <trkpt lat="46.095586" lon="13.200717">
        <ele>124.30162</ele>
      </trkpt>
      <trkpt lat="46.095414" lon="13.200331">
        <ele>123.93753</ele>
      </trkpt>
      <trkpt lat="46.09359" lon="13.199794">
        <ele>123.85556</ele>
      </trkpt>
      <trkpt lat="46.093462" lon="13.199451">
        <ele>122.93939</ele>
      </trkpt>
      <trkpt lat="46.093719" lon="13.198764">
        <ele>122.3376</ele>
      </trkpt>
      <trkpt lat="46.093805" lon="13.197005">
        <ele>123.58147</ele>
      </trkpt>
      <trkpt lat="46.091444" lon="13.195932">
        <ele>121.1736</ele>
      </trkpt>
      <trkpt lat="46.091123" lon="13.195975">
        <ele>120.1867</ele>
      </trkpt>
      <trkpt lat="46.091509" lon="13.194408">
        <ele>118.26664</ele>
      </trkpt>
      <trkpt lat="46.091766" lon="13.193915">
        <ele>117.75118</ele>
        <name>46.091766,13.193915</name>
        <extensions>
          <ns1:mapZoom>10</ns1:mapZoom>
        </extensions>
      </trkpt>
      <trkpt lat="46.091938" lon="13.193808">
        <ele>117.62264</ele>
      </trkpt>
      <trkpt lat="46.091938" lon="13.193572">
        <ele>117.9661</ele>
      </trkpt>
      <trkpt lat="46.090007" lon="13.192542">
        <ele>118.95418</ele>
      </trkpt>
      <trkpt lat="46.089771" lon="13.192563">
        <ele>118.78903</ele>
      </trkpt>
      <trkpt lat="46.089728" lon="13.192863">
        <ele>118.97093</ele>
      </trkpt>
      <trkpt lat="46.088312" lon="13.191168">
        <ele>113.53237</ele>
      </trkpt>
      <trkpt lat="46.087904" lon="13.191233">
        <ele>115.08608</ele>
      </trkpt>
      <trkpt lat="46.087432" lon="13.190954">
        <ele>117.76386</ele>
      </trkpt>
      <trkpt lat="46.086617" lon="13.190053">
        <ele>117.33812</ele>
      </trkpt>
      <trkpt lat="46.086509" lon="13.189516">
        <ele>116.75167</ele>
      </trkpt>
      <trkpt lat="46.085479" lon="13.188229">
        <ele>111.80818</ele>
        <name>46.085479,13.188229</name>
        <extensions>
          <ns1:mapZoom>10</ns1:mapZoom>
        </extensions>
      </trkpt>
      <trkpt lat="46.085136" lon="13.188272">
        <ele>112.32884</ele>
      </trkpt>
      <trkpt lat="46.084385" lon="13.189366">
        <ele>115.40561</ele>
      </trkpt>
      <trkpt lat="46.083269" lon="13.189323">
        <ele>114.38055</ele>
      </trkpt>
      <trkpt lat="46.083033" lon="13.192134">
        <ele>113.9742</ele>
      </trkpt>
      <trkpt lat="46.083827" lon="13.192391">
        <ele>117.10743</ele>
      </trkpt>
      <trkpt lat="46.084063" lon="13.192713">
        <ele>117.10164</ele>
      </trkpt>
      <trkpt lat="46.08357" lon="13.194237">
        <ele>116.13778</ele>
      </trkpt>
      <trkpt lat="46.083527" lon="13.195202">
        <ele>115.78823</ele>
      </trkpt>
      <trkpt lat="46.083312" lon="13.195524">
        <ele>115.12791</ele>
      </trkpt>
      <trkpt lat="46.08314" lon="13.196168">
        <ele>115.04234</ele>
      </trkpt>
      <trkpt lat="46.083248" lon="13.197327">
        <ele>114.66985</ele>
      </trkpt>
      <trkpt lat="46.083591" lon="13.197756">
        <ele>113.71079</ele>
      </trkpt>
      <trkpt lat="46.083548" lon="13.200331">
        <ele>117.12622</ele>
      </trkpt>
      <trkpt lat="46.083806" lon="13.201962">
        <ele>118.08942</ele>
      </trkpt>
      <trkpt lat="46.083763" lon="13.203356">
        <ele>118.08849</ele>
      </trkpt>
      <trkpt lat="46.083934" lon="13.203592">
        <ele>117.95763</ele>
      </trkpt>
      <trkpt lat="46.083419" lon="13.204322">
        <ele>118.30687</ele>
      </trkpt>
      <trkpt lat="46.082518" lon="13.204987">
        <ele>118.02764</ele>
      </trkpt>
      <trkpt lat="46.082089" lon="13.205094">
        <ele>117.07254</ele>
      </trkpt>
      <trkpt lat="46.08166" lon="13.204966">
        <ele>117.43814</ele>
      </trkpt>
      <trkpt lat="46.080737" lon="13.205588">
        <ele>117.12125</ele>
      </trkpt>
      <trkpt lat="46.080801" lon="13.20591">
        <ele>117.00451</ele>
      </trkpt>
      <trkpt lat="46.079085" lon="13.209064">
        <ele>115.81275</ele>
      </trkpt>
      <trkpt lat="46.078956" lon="13.209085">
        <ele>115.63324</ele>
      </trkpt>
      <trkpt lat="46.077777" lon="13.207774">
        <ele>115.60653</ele>
      </trkpt>
      <trkpt lat="46.076639" lon="13.209879">
        <ele>114.84971</ele>
      </trkpt>
      <trkpt lat="46.076467" lon="13.209665">
        <ele>114.80729</ele>
      </trkpt>
      <trkpt lat="46.07548" lon="13.210781">
        <ele>113.90197</ele>
      </trkpt>
      <trkpt lat="46.073699" lon="13.214514">
        <ele>113.35198</ele>
      </trkpt>
      <trkpt lat="46.073034" lon="13.214879">
        <ele>112.83413</ele>
      </trkpt>
      <trkpt lat="46.07254" lon="13.21593">
        <ele>111.82147</ele>
      </trkpt>
      <trkpt lat="46.072583" lon="13.216209">
        <ele>112.51926</ele>
      </trkpt>
      <trkpt lat="46.072304" lon="13.21681">
        <ele>112.81881</ele>
      </trkpt>
      <trkpt lat="46.072605" lon="13.217154">
        <ele>112.92049</ele>
      </trkpt>
      <trkpt lat="46.07254" lon="13.217432">
        <ele>112.88648</ele>
      </trkpt>
      <trkpt lat="46.070781" lon="13.221188">
        <ele>112.60578</ele>
      </trkpt>
      <trkpt lat="46.071618" lon="13.222003">
        <ele>113.42957</ele>
      </trkpt>
      <trkpt lat="46.072712" lon="13.224127">
        <ele>113.81334</ele>
      </trkpt>
      <trkpt lat="46.072347" lon="13.225029">
        <ele>113.29107</ele>
      </trkpt>
      <trkpt lat="46.070931" lon="13.227432">
        <ele>112.15682</ele>
      </trkpt>
      <trkpt lat="46.070545" lon="13.227968">
        <ele>111.96252</ele>
      </trkpt>
      <trkpt lat="46.070244" lon="13.228076">
        <ele>112.76605</ele>
      </trkpt>
      <trkpt lat="46.069965" lon="13.228612">
        <ele>112.65848</ele>
      </trkpt>
      <trkpt lat="46.070008" lon="13.228869">
        <ele>112.33502</ele>
      </trkpt>
      <trkpt lat="46.069558" lon="13.229277">
        <ele>111.80581</ele>
      </trkpt>
      <trkpt lat="46.067433" lon="13.230371">
        <ele>110.88261</ele>
      </trkpt>
      <trkpt lat="46.066449" lon="13.231291">
        <ele>110.4677</ele>
      </trkpt>
      <trkpt lat="46.064142" lon="13.232161">
        <ele>109.75618</ele>
      </trkpt>
      <trkpt lat="46.062547" lon="13.232258">
        <ele>108.49979</ele>
      </trkpt>
      <trkpt lat="46.061794" lon="13.232684">
        <ele>108.64415</ele>
      </trkpt>
      <trkpt lat="46.061726" lon="13.232968">
        <ele>108.61773</ele>
      </trkpt>
      <trkpt lat="46.061833" lon="13.233826">
        <ele>109.36209</ele>
      </trkpt>
      <trkpt lat="46.06297" lon="13.235629">
        <ele>109.69043</ele>
      </trkpt>
      <trkpt lat="46.063271" lon="13.235886">
        <ele>110.57814</ele>
        <name>46.063271,13.235886</name>
        <extensions>
          <ns1:mapZoom>10</ns1:mapZoom>
        </extensions>
      </trkpt>
    <trkpt lat="46.063271" lon="13.235886">
        <ele>110.57814</ele>
        <name>46.063271,13.235886</name>
        <extensions>
          <ns1:mapZoom>10</ns1:mapZoom>
        </extensions>
      </trkpt>
      <trkpt lat="46.063249" lon="13.236358">
        <ele>109.84803</ele>
      </trkpt>
      <trkpt lat="46.062841" lon="13.237431">
        <ele>109.11189</ele>
      </trkpt>
      <trkpt lat="46.062047" lon="13.23889">
        <ele>109.05706</ele>
      </trkpt>
      <trkpt lat="46.060781" lon="13.240886">
        <ele>106.77153</ele>
      </trkpt>
      <trkpt lat="46.058249" lon="13.244233">
        <ele>107.08583</ele>
      </trkpt>
      <trkpt lat="46.057971" lon="13.244941">
        <ele>108.06439</ele>
      </trkpt>
      <trkpt lat="46.057606" lon="13.245285">
        <ele>109.02299</ele>
      </trkpt>
      <trkpt lat="46.057498" lon="13.245006">
        <ele>107.66114</ele>
      </trkpt>
      <trkpt lat="46.057348" lon="13.245349">
        <ele>107.49608</ele>
      </trkpt>
      <trkpt lat="46.057069" lon="13.245263">
        <ele>106.87887</ele>
      </trkpt>
      <trkpt lat="46.056018" lon="13.245735">
        <ele>106.08591</ele>
      </trkpt>
      <trkpt lat="46.056318" lon="13.247087">
        <ele>105.18665</ele>
      </trkpt>
      <trkpt lat="46.056232" lon="13.24713">
        <ele>104.94854</ele>
      </trkpt>
      <trkpt lat="46.056275" lon="13.247259">
        <ele>104.97541</ele>
      </trkpt>
      <trkpt lat="46.054323" lon="13.250027">
        <ele>104.09092</ele>
      </trkpt>
      <trkpt lat="46.052907" lon="13.25243">
        <ele>103.28323</ele>
      </trkpt>
      <trkpt lat="46.052761" lon="13.252576">
        <ele>103.29322</ele>
      </trkpt>
      <trkpt lat="46.052657" lon="13.252431">
        <ele>102.75703</ele>
      </trkpt>
      <trkpt lat="46.05261" lon="13.252602">
        <ele>103.03204</ele>
      </trkpt>
      <trkpt lat="46.051705" lon="13.253396">
        <ele>102.0573</ele>
      </trkpt>
      <trkpt lat="46.046169" lon="13.256829">
        <ele>97.8918</ele>
      </trkpt>
      <trkpt lat="46.044946" lon="13.257902">
        <ele>97.11368</ele>
      </trkpt>
      <trkpt lat="46.042972" lon="13.260348">
        <ele>96.08844</ele>
      </trkpt>
      <trkpt lat="46.042135" lon="13.260756">
        <ele>95.7273</ele>
        <name>46.042135,13.260756</name>
        <extensions>
          <ns1:mapZoom>10</ns1:mapZoom>
        </extensions>
      </trkpt>
      <trkpt lat="46.041641" lon="13.26097">
        <ele>95.44314</ele>
      </trkpt>
      <trkpt lat="46.041641" lon="13.261528">
        <ele>95.42004</ele>
      </trkpt>
      <trkpt lat="46.042392" lon="13.264017">
        <ele>95.9645</ele>
      </trkpt>
      <trkpt lat="46.041985" lon="13.266571">
        <ele>95.77658</ele>
      </trkpt>
      <trkpt lat="46.04147" lon="13.268008">
        <ele>95.41268</ele>
      </trkpt>
      <trkpt lat="46.041877" lon="13.268673">
        <ele>95.5762</ele>
      </trkpt>
      <trkpt lat="46.042328" lon="13.270175">
        <ele>95.19428</ele>
      </trkpt>
      <trkpt lat="46.042929" lon="13.271527">
        <ele>95.71548</ele>
      </trkpt>
      <trkpt lat="46.043701" lon="13.27245">
        <ele>97.19466</ele>
      </trkpt>
      <trkpt lat="46.045804" lon="13.277428">
        <ele>95.97562</ele>
      </trkpt>
      <trkpt lat="46.045139" lon="13.27893">
        <ele>95.54416</ele>
      </trkpt>
      <trkpt lat="46.043615" lon="13.283093">
        <ele>94.53023</ele>
      </trkpt>
      <trkpt lat="46.041512" lon="13.287578">
        <ele>92.04424</ele>
      </trkpt>
      <trkpt lat="46.03735" lon="13.292685">
        <ele>90.75985</ele>
      </trkpt>
      <trkpt lat="46.036749" lon="13.292706">
        <ele>90.45089</ele>
        <name>46.036749,13.292706</name>
        <extensions>
          <ns1:mapZoom>10</ns1:mapZoom>
        </extensions>
      </trkpt>
      <trkpt lat="46.036556" lon="13.292534">
        <ele>90.01876</ele>
      </trkpt>
      <trkpt lat="46.03647" lon="13.292663">
        <ele>89.79138</ele>
      </trkpt>
      <trkpt lat="46.036599" lon="13.292878">
        <ele>90.62258</ele>
      </trkpt>
      <trkpt lat="46.036556" lon="13.293629">
        <ele>90.71132</ele>
      </trkpt>
      <trkpt lat="46.035397" lon="13.295238">
        <ele>89.75265</ele>
      </trkpt>
      <trkpt lat="46.035054" lon="13.294959">
        <ele>88.83802</ele>
      </trkpt>
      <trkpt lat="46.033809" lon="13.294873">
        <ele>88.44245</ele>
      </trkpt>
      <trkpt lat="46.032929" lon="13.29644">
        <ele>87.50227</ele>
      </trkpt>
      <trkpt lat="46.032565" lon="13.296826">
        <ele>87.49057</ele>
      </trkpt>
      <trkpt lat="46.031363" lon="13.297405">
        <ele>85.9442</ele>
      </trkpt>
      <trkpt lat="46.03014" lon="13.297148">
        <ele>85.28274</ele>
      </trkpt>
      <trkpt lat="46.029539" lon="13.297276">
        <ele>85.09037</ele>
      </trkpt>
      <trkpt lat="46.028788" lon="13.298414">
        <ele>84.72293</ele>
      </trkpt>
      <trkpt lat="46.026921" lon="13.299251">
        <ele>82.65149</ele>
      </trkpt>
      <trkpt lat="46.026299" lon="13.300002">
        <ele>82.25714</ele>
      </trkpt>
      <trkpt lat="46.025398" lon="13.300731">
        <ele>81.61911</ele>
      </trkpt>
      <trkpt lat="46.024153" lon="13.301246">
        <ele>81.41567</ele>
      </trkpt>
      <trkpt lat="46.023209" lon="13.302491">
        <ele>81.40594</ele>
      </trkpt>
      <trkpt lat="46.022308" lon="13.302898">
        <ele>80.77712</ele>
      </trkpt>
      <trkpt lat="46.021965" lon="13.303328">
        <ele>80.44719</ele>
      </trkpt>
      <trkpt lat="46.021192" lon="13.304744">
        <ele>79.73168</ele>
      </trkpt>
      <trkpt lat="46.020441" lon="13.306718">
        <ele>77.83303</ele>
      </trkpt>
      <trkpt lat="46.019111" lon="13.305945">
        <ele>76.41338</ele>
      </trkpt>
      <trkpt lat="46.017694" lon="13.304894">
        <ele>76.17471</ele>
      </trkpt>
      <trkpt lat="46.017437" lon="13.30498">
        <ele>76.19412</ele>
      </trkpt>
      <trkpt lat="46.017222" lon="13.305237">
        <ele>75.56054</ele>
      </trkpt>
      <trkpt lat="46.017244" lon="13.306289">
        <ele>75.73247</ele>
      </trkpt>
      <trkpt lat="46.016815" lon="13.308735">
        <ele>76.38913</ele>
      </trkpt>
      <trkpt lat="46.015205" lon="13.308585">
        <ele>74.90829</ele>
      </trkpt>
      <trkpt lat="46.014004" lon="13.308971">
        <ele>73.64075</ele>
      </trkpt>
      <trkpt lat="46.010742" lon="13.309357">
        <ele>72.58663</ele>
      </trkpt>
      <trkpt lat="46.008811" lon="13.309078">
        <ele>72.46821</ele>
      </trkpt>
      <trkpt lat="46.008103" lon="13.309507">
        <ele>71.95643</ele>
      </trkpt>
      <trkpt lat="46.006558" lon="13.309679">
        <ele>71.25915</ele>
      </trkpt>
      <trkpt lat="46.002932" lon="13.310881">
        <ele>69.68931</ele>
      </trkpt>
      <trkpt lat="46.002567" lon="13.310795">
        <ele>69.29846</ele>
      </trkpt>
      <trkpt lat="46.001902" lon="13.310022">
        <ele>69.12679</ele>
      </trkpt>
      <trkpt lat="46.001151" lon="13.309872">
        <ele>68.85019</ele>
      </trkpt>
      <trkpt lat="46.000099" lon="13.309121">
        <ele>68.46199</ele>
      </trkpt>
      <trkpt lat="45.999005" lon="13.309293">
        <ele>68.10361</ele>
      </trkpt>
      <trkpt lat="45.997932" lon="13.308456">
        <ele>66.96301</ele>
      </trkpt>
      <trkpt lat="45.997095" lon="13.308692">
        <ele>66.61321</ele>
      </trkpt>
      <trkpt lat="45.996773" lon="13.309293">
        <ele>66.52218</ele>
      </trkpt>
      <trkpt lat="45.995808" lon="13.309872">
        <ele>67.06256</ele>
      </trkpt>
      <trkpt lat="45.99407" lon="13.309743">
        <ele>66.2015</ele>
        <name>45.994070,13.309743</name>
        <extensions>
          <ns1:mapZoom>10</ns1:mapZoom>
        </extensions>
      </trkpt>
      <trkpt lat="45.993683" lon="13.310044">
        <ele>66.04084</ele>
      </trkpt>
      <trkpt lat="45.993576" lon="13.309207">
        <ele>65.50232</ele>
      </trkpt>
      <trkpt lat="45.993083" lon="13.308263">
        <ele>65.24158</ele>
      </trkpt>
      <trkpt lat="45.993018" lon="13.307469">
        <ele>65.05014</ele>
      </trkpt>
      <trkpt lat="45.992203" lon="13.306439">
        <ele>64.36228</ele>
      </trkpt>
      <trkpt lat="45.991323" lon="13.304615">
        <ele>63.66642</ele>
      </trkpt>
      <trkpt lat="45.990722" lon="13.304465">
        <ele>63.28241</ele>
      </trkpt>
      <trkpt lat="45.989993" lon="13.303006">
        <ele>63.0542</ele>
      </trkpt>
      <trkpt lat="45.989156" lon="13.302534">
        <ele>62.73534</ele>
      </trkpt>
      <trkpt lat="45.988469" lon="13.301547">
        <ele>62.22527</ele>
      </trkpt>
      <trkpt lat="45.988083" lon="13.301482">
        <ele>62.45912</ele>
      </trkpt>
      <trkpt lat="45.986538" lon="13.301954">
        <ele>62.18881</ele>
      </trkpt>
      <trkpt lat="45.986044" lon="13.301461">
        <ele>62.30122</ele>
      </trkpt>
      <trkpt lat="45.983899" lon="13.303564">
        <ele>60.83881</ele>
      </trkpt>
      <trkpt lat="45.983727" lon="13.303263">
        <ele>60.78265</ele>
      </trkpt>
      <trkpt lat="45.983126" lon="13.303757">
        <ele>60.56133</ele>
      </trkpt>
      <trkpt lat="45.98156" lon="13.294401">
        <ele>59.8395</ele>
      </trkpt>
      <trkpt lat="45.980337" lon="13.291805">
        <ele>59.28349</ele>
      </trkpt>
      <trkpt lat="45.9798" lon="13.29026">
        <ele>58.68102</ele>
      </trkpt>
      <trkpt lat="45.978599" lon="13.289208">
        <ele>58.28638</ele>
      </trkpt>
      <trkpt lat="45.978384" lon="13.288693">
        <ele>58.04556</ele>
      </trkpt>
      <trkpt lat="45.978298" lon="13.288929">
        <ele>57.82743</ele>
        <name>45.978298,13.288929</name>
        <extensions>
          <ns1:mapZoom>10</ns1:mapZoom>
        </extensions>
      </trkpt>
      <trkpt lat="45.977654" lon="13.290131">
        <ele>57.8166</ele>
      </trkpt>
      <trkpt lat="45.975938" lon="13.290668">
        <ele>57.26486</ele>
      </trkpt>
      <trkpt lat="45.97508" lon="13.291247">
        <ele>56.37496</ele>
      </trkpt>
      <trkpt lat="45.973513" lon="13.291655">
        <ele>55.69795</ele>
      </trkpt>
      <trkpt lat="45.97317" lon="13.292341">
        <ele>55.56309</ele>
      </trkpt>
      <trkpt lat="45.970638" lon="13.293886">
        <ele>54.60737</ele>
      </trkpt>
      <trkpt lat="45.969951" lon="13.293951">
        <ele>54.28777</ele>
      </trkpt>
      <trkpt lat="45.966969" lon="13.295839">
        <ele>53.40427</ele>
      </trkpt>
      <trkpt lat="45.966797" lon="13.296075">
        <ele>53.22855</ele>
      </trkpt>
      <trkpt lat="45.965488" lon="13.29644">
        <ele>52.86287</ele>
      </trkpt>
      <trkpt lat="45.965273" lon="13.296032">
        <ele>52.55842</ele>
      </trkpt>
      <trkpt lat="45.965402" lon="13.297663">
        <ele>52.82624</ele>
      </trkpt>
      <trkpt lat="45.965831" lon="13.298757">
        <ele>52.49777</ele>
      </trkpt>
      <trkpt lat="45.965617" lon="13.299401">
        <ele>52.52357</ele>
      </trkpt>
      <trkpt lat="45.964351" lon="13.299508">
        <ele>52.05427</ele>
      </trkpt>
      <trkpt lat="45.963643" lon="13.300238">
        <ele>51.77818</ele>
      </trkpt>
      <trkpt lat="45.962613" lon="13.301697">
        <ele>50.73989</ele>
      </trkpt>
      <trkpt lat="45.961003" lon="13.302984">
        <ele>50.31452</ele>
      </trkpt>
      <trkpt lat="45.957935" lon="13.304894">
        <ele>49.25477</ele>
      </trkpt>
      <trkpt lat="45.956862" lon="13.306053">
        <ele>48.73878</ele>
      </trkpt>
      <trkpt lat="45.954008" lon="13.307598">
        <ele>47.44025</ele>
      </trkpt>
      <trkpt lat="45.953107" lon="13.30792">
        <ele>46.90468</ele>
      </trkpt>
      <trkpt lat="45.952849" lon="13.30631">
        <ele>47.22209</ele>
      </trkpt>
      <trkpt lat="45.952635" lon="13.303864">
        <ele>46.84237</ele>
      </trkpt>
      <trkpt lat="45.952442" lon="13.303177">
        <ele>46.41673</ele>
      </trkpt>
      <trkpt lat="45.952141" lon="13.302727">
        <ele>46.45948</ele>
        <name>45.952141,13.302727</name>
        <extensions>
          <ns1:mapZoom>10</ns1:mapZoom>
        </extensions>
      </trkpt>
      <trkpt lat="45.95197" lon="13.301525">
        <ele>46.43444</ele>
      </trkpt>
      <trkpt lat="45.952249" lon="13.298779">
        <ele>46.51558</ele>
      </trkpt>
      <trkpt lat="45.953407" lon="13.295689">
        <ele>47.38378</ele>
      </trkpt>
      <trkpt lat="45.954008" lon="13.293414">
        <ele>47.26889</ele>
      </trkpt>
      <trkpt lat="45.954416" lon="13.291075">
        <ele>47.46327</ele>
      </trkpt>
      <trkpt lat="45.954266" lon="13.289659">
        <ele>47.09351</ele>
      </trkpt>
      <trkpt lat="45.954266" lon="13.288414">
        <ele>47.24162</ele>
      </trkpt>
      <trkpt lat="45.955038" lon="13.285775">
        <ele>47.73081</ele>
      </trkpt>
      <trkpt lat="45.954952" lon="13.28423">
        <ele>47.61469</ele>
      </trkpt>
      <trkpt lat="45.954566" lon="13.282878">
        <ele>47.34123</ele>
      </trkpt>
      <trkpt lat="45.95448" lon="13.282857">
        <ele>47.25847</ele>
      </trkpt>
      <trkpt lat="45.954673" lon="13.280797">
        <ele>47.61697</ele>
      </trkpt>
      <trkpt lat="45.954201" lon="13.276548">
        <ele>46.94461</ele>
      </trkpt>
      <trkpt lat="45.953343" lon="13.273544">
        <ele>46.31181</ele>
      </trkpt>
      <trkpt lat="45.953643" lon="13.271914">
        <ele>45.96274</ele>
      </trkpt>
      <trkpt lat="45.953622" lon="13.269489">
        <ele>45.7191</ele>
      </trkpt>
      <trkpt lat="45.954759" lon="13.267858">
        <ele>45.99785</ele>
        <name>45.954759,13.267858</name>
        <extensions>
          <ns1:mapZoom>10</ns1:mapZoom>
        </extensions>
      </trkpt>
      <trkpt lat="45.95521" lon="13.267407">
        <ele>46.20364</ele>
      </trkpt>
      <trkpt lat="45.954351" lon="13.266549">
        <ele>45.30862</ele>
      </trkpt>
      <trkpt lat="45.953021" lon="13.267558">
        <ele>45.22071</ele>
      </trkpt>
      <trkpt lat="45.952463" lon="13.26818">
        <ele>45.10178</ele>
      </trkpt>
      <trkpt lat="45.950854" lon="13.270755">
        <ele>44.85112</ele>
      </trkpt>
      <trkpt lat="45.949695" lon="13.271592">
        <ele>44.34728</ele>
      </trkpt>
      <trkpt lat="45.948493" lon="13.272729">
        <ele>43.71523</ele>
      </trkpt>
      <trkpt lat="45.944524" lon="13.275476">
        <ele>42.08409</ele>
      </trkpt>
      <trkpt lat="45.943365" lon="13.276484">
        <ele>41.43132</ele>
      </trkpt>
      <trkpt lat="45.940447" lon="13.278286">
        <ele>40.00627</ele>
      </trkpt>
      <trkpt lat="45.939074" lon="13.278973">
        <ele>39.43234</ele>
      </trkpt>
      <trkpt lat="45.938129" lon="13.279252">
        <ele>38.97874</ele>
      </trkpt>
      <trkpt lat="45.933559" lon="13.28202">
        <ele>37.11041</ele>
      </trkpt>
      <trkpt lat="45.932851" lon="13.282278">
        <ele>36.43051</ele>
      </trkpt>
      <trkpt lat="45.932529" lon="13.282106">
        <ele>36.24512</ele>
      </trkpt>
      <trkpt lat="45.933001" lon="13.28805">
        <ele>37.51316</ele>
      </trkpt>
      <trkpt lat="45.93019" lon="13.289165">
        <ele>36.60608</ele>
      </trkpt>
      <trkpt lat="45.929954" lon="13.289402">
        <ele>36.62824</ele>
      </trkpt>
      <trkpt lat="45.929739" lon="13.290045">
        <ele>36.78952</ele>
      </trkpt>
      <trkpt lat="45.929997" lon="13.292363">
        <ele>36.84172</ele>
      </trkpt>
      <trkpt lat="45.929911" lon="13.29262">
        <ele>36.52256</ele>
      </trkpt>
      <trkpt lat="45.928388" lon="13.292899">
        <ele>35.82263</ele>
      </trkpt>
      <trkpt lat="45.92695" lon="13.29365">
        <ele>34.72657</ele>
      </trkpt>
      <trkpt lat="45.926156" lon="13.293886">
        <ele>34.85802</ele>
      </trkpt>
      <trkpt lat="45.925405" lon="13.294487">
        <ele>34.28649</ele>
      </trkpt>
      <trkpt lat="45.924826" lon="13.294744">
        <ele>33.78449</ele>
      </trkpt>
      <trkpt lat="45.923603" lon="13.293564">
        <ele>33.08949</ele>
      </trkpt>
      <trkpt lat="45.923259" lon="13.293393">
        <ele>32.88754</ele>
      </trkpt>
      <trkpt lat="45.92268" lon="13.293371">
        <ele>32.16054</ele>
      </trkpt>
      <trkpt lat="45.922701" lon="13.293972">
        <ele>32.65964</ele>
      </trkpt>
      <trkpt lat="45.922551" lon="13.295131">
        <ele>32.48464</ele>
      </trkpt>
      <trkpt lat="45.922444" lon="13.295088">
        <ele>32.48723</ele>
      </trkpt>
      <trkpt lat="45.922465" lon="13.29556">
        <ele>32.462</ele>
      </trkpt>
      <trkpt lat="45.921972" lon="13.295689">
        <ele>31.9944</ele>
      </trkpt>
      <trkpt lat="45.916951" lon="13.298821">
        <ele>29.86494</ele>
      </trkpt>
      <trkpt lat="45.916007" lon="13.299229">
        <ele>28.92708</ele>
      </trkpt>
      <trkpt lat="45.914977" lon="13.299036">
        <ele>28.92356</ele>
      </trkpt>
      <trkpt lat="45.913517" lon="13.299294">
        <ele>28.58539</ele>
      </trkpt>
      <trkpt lat="45.912509" lon="13.299294">
        <ele>28.11812</ele>
      </trkpt>
      <trkpt lat="45.91193" lon="13.298779">
        <ele>28.37646</ele>
      </trkpt>
      <trkpt lat="45.912337" lon="13.301504">
        <ele>28.75578</ele>
      </trkpt>
      <trkpt lat="45.912015" lon="13.302813">
        <ele>28.52983</ele>
      </trkpt>
      <trkpt lat="45.910342" lon="13.302748">
        <ele>28.30134</ele>
      </trkpt>
      <trkpt lat="45.909247" lon="13.302362">
        <ele>28.43038</ele>
      </trkpt>
      <trkpt lat="45.909341" lon="13.301243">
        <ele>28.13152</ele>
      </trkpt>
      <trkpt lat="45.908137" lon="13.301927">
        <ele>28.22054</ele>
      </trkpt>
      <trkpt lat="45.90847" lon="13.302973">
        <ele>27.23554</ele>
      </trkpt>
      <trkpt lat="45.905676" lon="13.309206">
        <ele>25.99268</ele>
      </trkpt>
      <trkpt lat="45.905368" lon="13.308964">
        <ele>25.84229</ele>
      </trkpt>
      <trkpt lat="45.904809" lon="13.309339">
        <ele>25.67352</ele>
      </trkpt>
      <trkpt lat="45.904746" lon="13.309882">
        <ele>25.79878</ele>
      </trkpt>
      <trkpt lat="45.900427" lon="13.309519">
        <ele>24.53601</ele>
      </trkpt>
      <trkpt lat="45.9003" lon="13.310151">
        <ele>23.16413</ele>
        <name>45.900300,13.310151</name>
        <extensions>
          <ns1:mapZoom>10</ns1:mapZoom>
        </extensions>
      </trkpt>
      <trkpt lat="45.899785" lon="13.311009">
        <ele>25.70096</ele>
      </trkpt>
      <trkpt lat="45.899699" lon="13.310494">
        <ele>25.3544</ele>
      </trkpt>
      <trkpt lat="45.899205" lon="13.309722">
        <ele>26.23756</ele>
      </trkpt>
      <trkpt lat="45.899055" lon="13.309872">
        <ele>25.68247</ele>
      </trkpt>
      <trkpt lat="45.898604" lon="13.309636">
        <ele>25.11429</ele>
      </trkpt>
      <trkpt lat="45.897918" lon="13.309722">
        <ele>25.24948</ele>
      </trkpt>
      <trkpt lat="45.897703" lon="13.310215">
        <ele>22.03743</ele>
      </trkpt>
      <trkpt lat="45.892403" lon="13.309937">
        <ele>21.70235</ele>
      </trkpt>
      <trkpt lat="45.891781" lon="13.312576">
        <ele>22.1647</ele>
      </trkpt>
      <trkpt lat="45.891867" lon="13.312984">
        <ele>20.39297</ele>
      </trkpt>
      <trkpt lat="45.891652" lon="13.313305">
        <ele>20.49985</ele>
      </trkpt>
      <trkpt lat="45.891159" lon="13.31322">
        <ele>20.61508</ele>
      </trkpt>
      <trkpt lat="45.890751" lon="13.315001">
        <ele>21.81528</ele>
      </trkpt>
      <trkpt lat="45.889721" lon="13.316267">
        <ele>19.41211</ele>
      </trkpt>
      <trkpt lat="45.889292" lon="13.316524">
        <ele>19.36548</ele>
      </trkpt>
      <trkpt lat="45.887768" lon="13.316782">
        <ele>18.83698</ele>
      </trkpt>
      <trkpt lat="45.886889" lon="13.317211">
        <ele>18.33845</ele>
      </trkpt>
      <trkpt lat="45.885429" lon="13.318541">
        <ele>18.1329</ele>
      </trkpt>
      <trkpt lat="45.885086" lon="13.319786">
        <ele>17.97238</ele>
      </trkpt>
      <trkpt lat="45.885258" lon="13.321717">
        <ele>17.48463</ele>
      </trkpt>
      <trkpt lat="45.884957" lon="13.321974">
        <ele>17.0986</ele>
      </trkpt>
      <trkpt lat="45.883541" lon="13.322425">
        <ele>16.64994</ele>
      </trkpt>
      <trkpt lat="45.882597" lon="13.322961">
        <ele>16.64594</ele>
      </trkpt>
      <trkpt lat="45.879636" lon="13.323519">
        <ele>15.26942</ele>
      </trkpt>
      <trkpt lat="45.874078" lon="13.322296">
        <ele>13.32915</ele>
      </trkpt>
      <trkpt lat="45.872984" lon="13.322446">
        <ele>13.42797</ele>
      </trkpt>
      <trkpt lat="45.867448" lon="13.322597">
        <ele>11.29648</ele>
      </trkpt>
      <trkpt lat="45.865667" lon="13.323326">
        <ele>10.46802</ele>
      </trkpt>
      <trkpt lat="45.862341" lon="13.323283">
        <ele>8.54652</ele>
      </trkpt>
      <trkpt lat="45.861676" lon="13.323219">
        <ele>8.85333</ele>
      </trkpt>
      <trkpt lat="45.861611" lon="13.322489">
        <ele>7.84174</ele>
      </trkpt>
      <trkpt lat="45.860882" lon="13.322275">
        <ele>8.74565</ele>
      </trkpt>
      <trkpt lat="45.860174" lon="13.321781">
        <ele>8.5679</ele>
      </trkpt>
      <trkpt lat="45.855281" lon="13.322039">
        <ele>8.50928</ele>
      </trkpt>
      <trkpt lat="45.852256" lon="13.321095">
        <ele>7.23706</ele>
      </trkpt>
      <trkpt lat="45.847278" lon="13.32397">
        <ele>6.64073</ele>
      </trkpt>
      <trkpt lat="45.847213" lon="13.324163">
        <ele>6.55271</ele>
      </trkpt>
      <trkpt lat="45.84698" lon="13.324113">
        <ele>6.88633</ele>
      </trkpt>
      <trkpt lat="45.839081" lon="13.328583">
        <ele>4.41213</ele>
      </trkpt>
      <trkpt lat="45.838974" lon="13.329163">
        <ele>4.41697</ele>
      </trkpt>
      <trkpt lat="45.838673" lon="13.328862">
        <ele>4.40021</ele>
      </trkpt>
      <trkpt lat="45.836592" lon="13.330021">
        <ele>3.25757</ele>
      </trkpt>
      <trkpt lat="45.83627" lon="13.330064">
        <ele>4.12502</ele>
      </trkpt>
      <trkpt lat="45.831699" lon="13.332939">
        <ele>3.66928</ele>
      </trkpt>
      <trkpt lat="45.830176" lon="13.333046">
        <ele>3.7425</ele>
      </trkpt>
      <trkpt lat="45.829682" lon="13.332832">
        <ele>3.94861</ele>
        <name>45.829682,13.332832</name>
        <extensions>
          <ns1:mapZoom>10</ns1:mapZoom>
        </extensions>
      </trkpt>
      <trkpt lat="45.829446" lon="13.333218">
        <ele>3.94542</ele>
      </trkpt>
      <trkpt lat="45.829039" lon="13.333304">
        <ele>3.8882</ele>
      </trkpt>
      <trkpt lat="45.828774" lon="13.332285">
        <ele>3.7401</ele>
      </trkpt>
      <trkpt lat="45.826979" lon="13.332617">
        <ele>3.443</ele>
      </trkpt>
      <trkpt lat="45.825993" lon="13.332467">
        <ele>3.14386</ele>
      </trkpt>
      <trkpt lat="45.825973" lon="13.332226">
        <ele>3.01361</ele>
      </trkpt>
      <trkpt lat="45.825576" lon="13.332192">
        <ele>2.31506</ele>
      </trkpt>
      <trkpt lat="45.825463" lon="13.332223">
        <ele>2.15051</ele>
      </trkpt>
      <trkpt lat="45.825693" lon="13.333356">
        <ele>3.04711</ele>
      </trkpt>
      <trkpt lat="45.825667" lon="13.333928">
        <ele>2.54331</ele>
      </trkpt>
      <trkpt lat="45.824382" lon="13.334055">
        <ele>2.84391</ele>
      </trkpt>
      <trkpt lat="45.823138" lon="13.333368">
        <ele>2.38082</ele>
      </trkpt>
      <trkpt lat="45.822666" lon="13.333261">
        <ele>2.37438</ele>
      </trkpt>
      <trkpt lat="45.822065" lon="13.332274">
        <ele>1.95314</ele>
      </trkpt>
      <trkpt lat="45.821829" lon="13.332317">
        <ele>2.08215</ele>
      </trkpt>
      <trkpt lat="45.818396" lon="13.337638">
        <ele>2.9765</ele>
      </trkpt>
      <trkpt lat="45.81758" lon="13.338411">
        <ele>3.4178</ele>
      </trkpt>
      <trkpt lat="45.810156" lon="13.342681">
        <ele>3.90763</ele>
      </trkpt>
      <trkpt lat="45.809705" lon="13.343174">
        <ele>4.2204</ele>
      </trkpt>
      <trkpt lat="45.808911" lon="13.343089">
        <ele>3.57169</ele>
      </trkpt>
      <trkpt lat="45.806551" lon="13.343818">
        <ele>3.80498</ele>
      </trkpt>
      <trkpt lat="45.806465" lon="13.343647">
        <ele>3.86421</ele>
      </trkpt>
      <trkpt lat="45.806229" lon="13.343689">
        <ele>3.60574</ele>
      </trkpt>
      <trkpt lat="45.805521" lon="13.343925">
        <ele>3.07858</ele>
      </trkpt>
      <trkpt lat="45.804513" lon="13.344569">
        <ele>3.23705</ele>
      </trkpt>
      <trkpt lat="45.803182" lon="13.345792">
        <ele>2.41937</ele>
      </trkpt>
      <trkpt lat="45.799706" lon="13.350105">
        <ele>0.86306</ele>
      </trkpt>
      <trkpt lat="45.798805" lon="13.350363">
        <ele>2.06458</ele>
      </trkpt>
      <trkpt lat="45.798826" lon="13.350706">
        <ele>1.79645</ele>
      </trkpt>
      <trkpt lat="45.798376" lon="13.351007">
        <ele>1.42874</ele>
      </trkpt>
      <trkpt lat="45.797925" lon="13.351607">
        <ele>1.19364</ele>
      </trkpt>
      <trkpt lat="45.797174" lon="13.352079">
        <ele>1.63181</ele>
      </trkpt>
      <trkpt lat="45.797281" lon="13.352594">
        <ele>1.83986</ele>
      </trkpt>
      <trkpt lat="45.796831" lon="13.352959">
        <ele>1.87896</ele>
      </trkpt>
      <trkpt lat="45.777411" lon="13.363881">
        <ele>2.98964</ele>
      </trkpt>
      <trkpt lat="45.774944" lon="13.365984">
        <ele>3.19105</ele>
      </trkpt>
      <trkpt lat="45.77297" lon="13.3671">
        <ele>2.88546</ele>
      </trkpt>
      <trkpt lat="45.772519" lon="13.367765">
        <ele>3.16501</ele>
      </trkpt>
      <trkpt lat="45.770438" lon="13.371949">
        <ele>1.3291</ele>
      </trkpt>
      <trkpt lat="45.769858" lon="13.372529">
        <ele>1.80678</ele>
      </trkpt>
      <trkpt lat="45.769365" lon="13.372743">
        <ele>1.42558</ele>
      </trkpt>
      <trkpt lat="45.768764" lon="13.372722">
        <ele>1.28949</ele>
      </trkpt>
      <trkpt lat="45.768034" lon="13.37225">
        <ele>2.05948</ele>
      </trkpt>
      <trkpt lat="45.767047" lon="13.371177">
        <ele>1.05635</ele>
      </trkpt>
      <trkpt lat="45.766339" lon="13.370898">
        <ele>0.97059</ele>
      </trkpt>
      <trkpt lat="45.765824" lon="13.370962">
        <ele>1.34819</ele>
      </trkpt>
      <trkpt lat="45.762005" lon="13.372765">
        <ele>0.60319</ele>
      </trkpt>
      <trkpt lat="45.754709" lon="13.377078">
        <ele>0.73216</ele>
      </trkpt>
      <trkpt lat="45.732329" lon="13.388622">
        <ele>2.60733</ele>
      </trkpt>
      <trkpt lat="45.73175" lon="13.388901">
        <ele>2.55028</ele>
      </trkpt>
      <trkpt lat="45.731277" lon="13.388901">
        <ele>3.04085</ele>
        <name>45.731277,13.388901</name>
        <extensions>
          <ns1:mapZoom>10</ns1:mapZoom>
        </extensions>
      </trkpt>
      <trkpt lat="45.728424" lon="13.388064">
        <ele>2.63075</ele>
      </trkpt>
      <trkpt lat="45.72557" lon="13.386347">
        <ele>1.91975</ele>
      </trkpt>
      <trkpt lat="45.717824" lon="13.385274">
        <ele>0.12528</ele>
      </trkpt>
      <trkpt lat="45.714755" lon="13.384652">
        <ele>0.62326</ele>
      </trkpt>
      <trkpt lat="45.707824" lon="13.382871">
        <ele>1.04698</ele>
      </trkpt>
      <trkpt lat="45.706108" lon="13.382699">
        <ele>0.09632</ele>
      </trkpt>
      <trkpt lat="45.704477" lon="13.382742">
        <ele>0.77953</ele>
      </trkpt>
      <trkpt lat="45.686903" lon="13.38506">
        <ele>1.09186</ele>
      </trkpt>
      <trkpt lat="45.686646" lon="13.385103">
        <ele>1.35367</ele>
      </trkpt>
      <trkpt lat="45.685551" lon="13.38609">
        <ele>1.20881</ele>
      </trkpt>
      <trkpt lat="45.681796" lon="13.386583">
        <ele>1.45282</ele>
      </trkpt>
      <trkpt lat="45.68126" lon="13.38639">
        <ele>1.13356</ele>
      </trkpt>
      <trkpt lat="45.681088" lon="13.386691">
        <ele>1.13641</ele>
      </trkpt>
      <trkpt lat="45.679994" lon="13.386819">
        <ele>0.92047</ele>
      </trkpt>
      <trkpt lat="45.679564" lon="13.386562">
        <ele>1.08407</ele>
      </trkpt>
      <trkpt lat="45.679587" lon="13.38682">
        <ele>1.55613</ele>
        <name>45.679587,13.386820</name>
        <extensions>
          <ns1:mapZoom>10</ns1:mapZoom>
        </extensions>
      </trkpt>
    </trkseg></trk></gpx>