<?xml version='1.0' encoding='UTF-8' standalone='yes' ?>
<gpx version="1.1" creator="Locus Map web planner" xsi:schemaLocation="http://www.topografix.com/GPX/1/1 http://www.topografix.com/GPX/1/1/gpx.xsd" xmlns="http://www.topografix.com/GPX/1/1" xmlns:xsi="http://www.w3.org/2001/XMLSchema-instance" xmlns:locus="http://www.locusmap.eu" xmlns:gpxx="http://www.garmin.com/xmlschemas/GpxExtensions/v3" xmlns:gpxtrkx="http://www.garmin.com/xmlschemas/TrackStatsExtension/v1" xmlns:gpxtpx="http://www.garmin.com/xmlschemas/TrackPointExtension/v2">
  <metadata>
    <desc>File with points/tracks from LocusWorld/</desc>
    <time>2026-07-31T10:15:25.479Z</time>
  </metadata>
  <wpt lat="46.7458220" lon="12.4630830">
    <time>2026-07-31T10:15:25.478Z</time>
    <name>Camping Lienzer Dolomiten</name>
    <extensions>
      <locus:rtePointAction>pass_place</locus:rtePointAction>
    </extensions>
  </wpt>
  <trk>
    <name>Camping Alla Baita-Camping Lienzer Dolomiten</name>
    <extensions>
      <locus:activity>cycling</locus:activity>
    </extensions>
    <trkseg>
      <trkpt lat="46.5872640" lon="12.2578580">
        <ele>1757.25</ele>
      </trkpt>
      <trkpt lat="46.5874200" lon="12.2580660">
        <ele>1757.25</ele>
      </trkpt>
      <trkpt lat="46.5874880" lon="12.2581180">
        <ele>1756.75</ele>
      </trkpt>
      <trkpt lat="46.5877110" lon="12.2581640">
        <ele>1757.25</ele>
      </trkpt>
      <trkpt lat="46.5878600" lon="12.2581540">
        <ele>1758.00</ele>
      </trkpt>
      <trkpt lat="46.5879600" lon="12.2581220">
        <ele>1758.50</ele>
      </trkpt>
      <trkpt lat="46.5880700" lon="12.2580460">
        <ele>1759.00</ele>
      </trkpt>
      <trkpt lat="46.5882630" lon="12.2578900">
        <ele>1758.50</ele>
      </trkpt>
      <trkpt lat="46.5884110" lon="12.2578290">
        <ele>1758.75</ele>
      </trkpt>
      <trkpt lat="46.5884310" lon="12.2576260">
        <ele>1757.25</ele>
      </trkpt>
      <trkpt lat="46.5884840" lon="12.2576320">
        <ele>1757.25</ele>
      </trkpt>
      <trkpt lat="46.5885300" lon="12.2575940">
        <ele>1757.25</ele>
      </trkpt>
      <trkpt lat="46.5885540" lon="12.2575130">
        <ele>1756.75</ele>
      </trkpt>
      <trkpt lat="46.5885380" lon="12.2574280">
        <ele>1756.00</ele>
      </trkpt>
      <trkpt lat="46.5884880" lon="12.2573770">
        <ele>1755.50</ele>
      </trkpt>
      <trkpt lat="46.5884280" lon="12.2573820">
        <ele>1755.25</ele>
      </trkpt>
      <trkpt lat="46.5884020" lon="12.2572900">
        <ele>1754.50</ele>
      </trkpt>
      <trkpt lat="46.5883710" lon="12.2571240">
        <ele>1753.75</ele>
      </trkpt>
      <trkpt lat="46.5883410" lon="12.2567490">
        <ele>1753.50</ele>
      </trkpt>
      <trkpt lat="46.5883310" lon="12.2566030">
        <ele>1754.25</ele>
      </trkpt>
      <trkpt lat="46.5883250" lon="12.2565050">
        <ele>1755.00</ele>
      </trkpt>
      <trkpt lat="46.5883110" lon="12.2563000">
        <ele>1756.25</ele>
      </trkpt>
      <trkpt lat="46.5882970" lon="12.2558440">
        <ele>1759.00</ele>
      </trkpt>
      <trkpt lat="46.5882540" lon="12.2556800">
        <ele>1760.25</ele>
      </trkpt>
      <trkpt lat="46.5881780" lon="12.2555690">
        <ele>1761.50</ele>
      </trkpt>
      <trkpt lat="46.5879650" lon="12.2553850">
        <ele>1762.00</ele>
      </trkpt>
      <trkpt lat="46.5873720" lon="12.2548750">
        <ele>1761.75</ele>
      </trkpt>
      <trkpt lat="46.5868210" lon="12.2544000">
        <ele>1761.50</ele>
      </trkpt>
      <trkpt lat="46.5866540" lon="12.2543100">
        <ele>1761.50</ele>
      </trkpt>
      <trkpt lat="46.5865380" lon="12.2542650">
        <ele>1760.75</ele>
      </trkpt>
      <trkpt lat="46.5863440" lon="12.2542330">
        <ele>1759.75</ele>
      </trkpt>
      <trkpt lat="46.5861930" lon="12.2541830">
        <ele>1757.75</ele>
      </trkpt>
      <trkpt lat="46.5861490" lon="12.2541610">
        <ele>1757.00</ele>
      </trkpt>
      <trkpt lat="46.5861280" lon="12.2541280">
        <ele>1757.00</ele>
      </trkpt>
      <trkpt lat="46.5861180" lon="12.2540670">
        <ele>1756.75</ele>
      </trkpt>
      <trkpt lat="46.5863790" lon="12.2539860">
        <ele>1755.25</ele>
      </trkpt>
      <trkpt lat="46.5872890" lon="12.2537060">
        <ele>1757.75</ele>
      </trkpt>
      <trkpt lat="46.5874640" lon="12.2536670">
        <ele>1757.50</ele>
      </trkpt>
      <trkpt lat="46.5876390" lon="12.2536370">
        <ele>1757.75</ele>
      </trkpt>
      <trkpt lat="46.5887240" lon="12.2536670">
        <ele>1756.75</ele>
      </trkpt>
      <trkpt lat="46.5888960" lon="12.2536400">
        <ele>1756.50</ele>
      </trkpt>
      <trkpt lat="46.5894500" lon="12.2534260">
        <ele>1755.50</ele>
      </trkpt>
      <trkpt lat="46.5896530" lon="12.2533910">
        <ele>1753.75</ele>
      </trkpt>
      <trkpt lat="46.5898490" lon="12.2534100">
        <ele>1752.75</ele>
      </trkpt>
      <trkpt lat="46.5902460" lon="12.2535010">
        <ele>1752.00</ele>
      </trkpt>
      <trkpt lat="46.5908650" lon="12.2535780">
        <ele>1751.25</ele>
      </trkpt>
      <trkpt lat="46.5910700" lon="12.2535670">
        <ele>1751.25</ele>
      </trkpt>
      <trkpt lat="46.5912360" lon="12.2535320">
        <ele>1750.75</ele>
      </trkpt>
      <trkpt lat="46.5914700" lon="12.2534120">
        <ele>1749.50</ele>
      </trkpt>
      <trkpt lat="46.5919420" lon="12.2530800">
        <ele>1747.75</ele>
      </trkpt>
      <trkpt lat="46.5923220" lon="12.2528850">
        <ele>1745.75</ele>
      </trkpt>
      <trkpt lat="46.5927140" lon="12.2527400">
        <ele>1743.75</ele>
      </trkpt>
      <trkpt lat="46.5935180" lon="12.2525230">
        <ele>1741.75</ele>
      </trkpt>
      <trkpt lat="46.5938160" lon="12.2524210">
        <ele>1741.00</ele>
      </trkpt>
      <trkpt lat="46.5944870" lon="12.2520680">
        <ele>1737.75</ele>
      </trkpt>
      <trkpt lat="46.5948660" lon="12.2519500">
        <ele>1737.25</ele>
      </trkpt>
      <trkpt lat="46.5951670" lon="12.2519120">
        <ele>1737.00</ele>
      </trkpt>
      <trkpt lat="46.5956550" lon="12.2519270">
        <ele>1737.00</ele>
      </trkpt>
      <trkpt lat="46.5958140" lon="12.2519480">
        <ele>1737.75</ele>
      </trkpt>
      <trkpt lat="46.5959210" lon="12.2519740">
        <ele>1738.50</ele>
      </trkpt>
      <trkpt lat="46.5960290" lon="12.2520490">
        <ele>1738.50</ele>
      </trkpt>
      <trkpt lat="46.5964280" lon="12.2524330">
        <ele>1737.25</ele>
      </trkpt>
      <trkpt lat="46.5965350" lon="12.2524870">
        <ele>1736.25</ele>
      </trkpt>
      <trkpt lat="46.5966740" lon="12.2524950">
        <ele>1737.00</ele>
      </trkpt>
      <trkpt lat="46.5967860" lon="12.2524780">
        <ele>1736.00</ele>
      </trkpt>
      <trkpt lat="46.5982090" lon="12.2520230">
        <ele>1733.50</ele>
      </trkpt>
      <trkpt lat="46.5982620" lon="12.2519920">
        <ele>1733.25</ele>
      </trkpt>
      <trkpt lat="46.5983690" lon="12.2519020">
        <ele>1732.25</ele>
      </trkpt>
      <trkpt lat="46.5984250" lon="12.2518040">
        <ele>1731.50</ele>
      </trkpt>
      <trkpt lat="46.5984470" lon="12.2516550">
        <ele>1732.50</ele>
      </trkpt>
      <trkpt lat="46.5984190" lon="12.2513320">
        <ele>1733.25</ele>
      </trkpt>
      <trkpt lat="46.5984300" lon="12.2511100">
        <ele>1732.00</ele>
      </trkpt>
      <trkpt lat="46.5989760" lon="12.2485160">
        <ele>1714.00</ele>
      </trkpt>
      <trkpt lat="46.5992010" lon="12.2479500">
        <ele>1709.00</ele>
      </trkpt>
      <trkpt lat="46.5994200" lon="12.2474860">
        <ele>1704.50</ele>
      </trkpt>
      <trkpt lat="46.5996980" lon="12.2469700">
        <ele>1697.25</ele>
      </trkpt>
      <trkpt lat="46.5997530" lon="12.2468130">
        <ele>1694.00</ele>
      </trkpt>
      <trkpt lat="46.5997690" lon="12.2462540">
        <ele>1689.50</ele>
      </trkpt>
      <trkpt lat="46.5997450" lon="12.2461430">
        <ele>1689.00</ele>
      </trkpt>
      <trkpt lat="46.5992620" lon="12.2452230">
        <ele>1687.75</ele>
      </trkpt>
      <trkpt lat="46.5989750" lon="12.2443300">
        <ele>1675.75</ele>
      </trkpt>
      <trkpt lat="46.5988120" lon="12.2440640">
        <ele>1673.75</ele>
      </trkpt>
      <trkpt lat="46.5984450" lon="12.2436250">
        <ele>1673.25</ele>
      </trkpt>
      <trkpt lat="46.5982180" lon="12.2431640">
        <ele>1666.75</ele>
      </trkpt>
      <trkpt lat="46.5978820" lon="12.2427240">
        <ele>1664.75</ele>
      </trkpt>
      <trkpt lat="46.5976200" lon="12.2423050">
        <ele>1661.25</ele>
      </trkpt>
      <trkpt lat="46.5975860" lon="12.2422520">
        <ele>1660.75</ele>
      </trkpt>
      <trkpt lat="46.5975630" lon="12.2421830">
        <ele>1660.25</ele>
      </trkpt>
      <trkpt lat="46.5975590" lon="12.2420960">
        <ele>1659.75</ele>
      </trkpt>
      <trkpt lat="46.5975940" lon="12.2420080">
        <ele>1659.25</ele>
      </trkpt>
      <trkpt lat="46.5976350" lon="12.2419690">
        <ele>1659.25</ele>
      </trkpt>
      <trkpt lat="46.5976990" lon="12.2419420">
        <ele>1658.50</ele>
      </trkpt>
      <trkpt lat="46.5979080" lon="12.2419150">
        <ele>1657.75</ele>
      </trkpt>
      <trkpt lat="46.5980810" lon="12.2419520">
        <ele>1655.75</ele>
      </trkpt>
      <trkpt lat="46.5990610" lon="12.2423070">
        <ele>1645.25</ele>
      </trkpt>
      <trkpt lat="46.6000600" lon="12.2424510">
        <ele>1633.50</ele>
      </trkpt>
      <trkpt lat="46.6010280" lon="12.2424360">
        <ele>1622.50</ele>
      </trkpt>
      <trkpt lat="46.6011370" lon="12.2424490">
        <ele>1621.50</ele>
      </trkpt>
      <trkpt lat="46.6012550" lon="12.2425030">
        <ele>1620.75</ele>
      </trkpt>
      <trkpt lat="46.6015770" lon="12.2427290">
        <ele>1618.50</ele>
      </trkpt>
      <trkpt lat="46.6018060" lon="12.2429130">
        <ele>1616.25</ele>
      </trkpt>
      <trkpt lat="46.6020480" lon="12.2431060">
        <ele>1614.75</ele>
      </trkpt>
      <trkpt lat="46.6022370" lon="12.2431540">
        <ele>1613.00</ele>
      </trkpt>
      <trkpt lat="46.6024150" lon="12.2431150">
        <ele>1612.50</ele>
      </trkpt>
      <trkpt lat="46.6025210" lon="12.2430620">
        <ele>1611.75</ele>
      </trkpt>
      <trkpt lat="46.6027050" lon="12.2429390">
        <ele>1610.25</ele>
      </trkpt>
      <trkpt lat="46.6028610" lon="12.2428110">
        <ele>1609.50</ele>
      </trkpt>
      <trkpt lat="46.6030360" lon="12.2426260">
        <ele>1608.75</ele>
      </trkpt>
      <trkpt lat="46.6038610" lon="12.2416100">
        <ele>1603.25</ele>
      </trkpt>
      <trkpt lat="46.6040510" lon="12.2413060">
        <ele>1600.50</ele>
      </trkpt>
      <trkpt lat="46.6041990" lon="12.2410110">
        <ele>1599.75</ele>
      </trkpt>
      <trkpt lat="46.6045680" lon="12.2399910">
        <ele>1597.75</ele>
      </trkpt>
      <trkpt lat="46.6046820" lon="12.2397000">
        <ele>1595.75</ele>
      </trkpt>
      <trkpt lat="46.6048200" lon="12.2394860">
        <ele>1594.75</ele>
      </trkpt>
      <trkpt lat="46.6049080" lon="12.2393990">
        <ele>1594.00</ele>
      </trkpt>
      <trkpt lat="46.6055550" lon="12.2388630">
        <ele>1587.75</ele>
      </trkpt>
      <trkpt lat="46.6066730" lon="12.2378210">
        <ele>1578.00</ele>
      </trkpt>
      <trkpt lat="46.6070440" lon="12.2374470">
        <ele>1575.25</ele>
      </trkpt>
      <trkpt lat="46.6073950" lon="12.2370120">
        <ele>1572.75</ele>
      </trkpt>
      <trkpt lat="46.6083980" lon="12.2356720">
        <ele>1565.50</ele>
      </trkpt>
      <trkpt lat="46.6088610" lon="12.2349250">
        <ele>1560.00</ele>
      </trkpt>
      <trkpt lat="46.6102390" lon="12.2326170">
        <ele>1545.00</ele>
      </trkpt>
      <trkpt lat="46.6103380" lon="12.2323680">
        <ele>1544.25</ele>
      </trkpt>
      <trkpt lat="46.6104110" lon="12.2320680">
        <ele>1541.00</ele>
      </trkpt>
      <trkpt lat="46.6104460" lon="12.2319090">
        <ele>1539.50</ele>
      </trkpt>
      <trkpt lat="46.6105140" lon="12.2316010">
        <ele>1537.00</ele>
      </trkpt>
      <trkpt lat="46.6105740" lon="12.2313940">
        <ele>1536.50</ele>
      </trkpt>
      <trkpt lat="46.6110490" lon="12.2307980">
        <ele>1532.50</ele>
      </trkpt>
      <trkpt lat="46.6112090" lon="12.2305100">
        <ele>1529.00</ele>
      </trkpt>
      <trkpt lat="46.6112910" lon="12.2303070">
        <ele>1527.75</ele>
      </trkpt>
      <trkpt lat="46.6113280" lon="12.2300890">
        <ele>1526.50</ele>
      </trkpt>
      <trkpt lat="46.6113700" lon="12.2295340">
        <ele>1523.25</ele>
      </trkpt>
      <trkpt lat="46.6114200" lon="12.2292900">
        <ele>1521.50</ele>
      </trkpt>
      <trkpt lat="46.6114970" lon="12.2291020">
        <ele>1519.75</ele>
      </trkpt>
      <trkpt lat="46.6121480" lon="12.2283220">
        <ele>1516.50</ele>
      </trkpt>
      <trkpt lat="46.6121800" lon="12.2282060">
        <ele>1515.50</ele>
      </trkpt>
      <trkpt lat="46.6121450" lon="12.2280850">
        <ele>1513.75</ele>
      </trkpt>
      <trkpt lat="46.6120880" lon="12.2280350">
        <ele>1512.25</ele>
      </trkpt>
      <trkpt lat="46.6120150" lon="12.2280370">
        <ele>1511.75</ele>
      </trkpt>
      <trkpt lat="46.6119450" lon="12.2281080">
        <ele>1512.00</ele>
      </trkpt>
      <trkpt lat="46.6117180" lon="12.2285780">
        <ele>1511.50</ele>
      </trkpt>
      <trkpt lat="46.6115030" lon="12.2288660">
        <ele>1511.50</ele>
      </trkpt>
      <trkpt lat="46.6113970" lon="12.2289780">
        <ele>1511.50</ele>
      </trkpt>
      <trkpt lat="46.6111010" lon="12.2291720">
        <ele>1506.75</ele>
      </trkpt>
      <trkpt lat="46.6109250" lon="12.2294060">
        <ele>1506.50</ele>
      </trkpt>
      <trkpt lat="46.6108530" lon="12.2296000">
        <ele>1505.25</ele>
      </trkpt>
      <trkpt lat="46.6108080" lon="12.2298870">
        <ele>1505.00</ele>
      </trkpt>
      <trkpt lat="46.6107730" lon="12.2300210">
        <ele>1505.75</ele>
      </trkpt>
      <trkpt lat="46.6107110" lon="12.2300810">
        <ele>1506.50</ele>
      </trkpt>
      <trkpt lat="46.6106450" lon="12.2300670">
        <ele>1505.25</ele>
      </trkpt>
      <trkpt lat="46.6105890" lon="12.2300100">
        <ele>1503.50</ele>
      </trkpt>
      <trkpt lat="46.6105640" lon="12.2299240">
        <ele>1502.00</ele>
      </trkpt>
      <trkpt lat="46.6105930" lon="12.2297610">
        <ele>1500.25</ele>
      </trkpt>
      <trkpt lat="46.6109890" lon="12.2289330">
        <ele>1496.75</ele>
      </trkpt>
      <trkpt lat="46.6112490" lon="12.2285040">
        <ele>1493.75</ele>
      </trkpt>
      <trkpt lat="46.6117330" lon="12.2275120">
        <ele>1486.75</ele>
      </trkpt>
      <trkpt lat="46.6120190" lon="12.2271800">
        <ele>1483.50</ele>
      </trkpt>
      <trkpt lat="46.6126160" lon="12.2266350">
        <ele>1474.75</ele>
      </trkpt>
      <trkpt lat="46.6127430" lon="12.2265030">
        <ele>1473.50</ele>
      </trkpt>
      <trkpt lat="46.6129100" lon="12.2262950">
        <ele>1472.75</ele>
      </trkpt>
      <trkpt lat="46.6130460" lon="12.2261250">
        <ele>1473.75</ele>
      </trkpt>
      <trkpt lat="46.6150420" lon="12.2236070">
        <ele>1465.50</ele>
      </trkpt>
      <trkpt lat="46.6165100" lon="12.2217460">
        <ele>1457.00</ele>
      </trkpt>
      <trkpt lat="46.6173880" lon="12.2206560">
        <ele>1451.50</ele>
      </trkpt>
      <trkpt lat="46.6176260" lon="12.2204280">
        <ele>1449.50</ele>
      </trkpt>
      <trkpt lat="46.6179180" lon="12.2202710">
        <ele>1447.00</ele>
      </trkpt>
      <trkpt lat="46.6179780" lon="12.2202470">
        <ele>1446.50</ele>
      </trkpt>
      <trkpt lat="46.6180830" lon="12.2202070">
        <ele>1445.75</ele>
      </trkpt>
      <trkpt lat="46.6180730" lon="12.2206470">
        <ele>1445.75</ele>
      </trkpt>
      <trkpt lat="46.6182650" lon="12.2211000">
        <ele>1444.25</ele>
      </trkpt>
      <trkpt lat="46.6183900" lon="12.2213640">
        <ele>1443.25</ele>
      </trkpt>
      <trkpt lat="46.6185140" lon="12.2215870">
        <ele>1441.75</ele>
      </trkpt>
      <trkpt lat="46.6186660" lon="12.2218240">
        <ele>1440.50</ele>
      </trkpt>
      <trkpt lat="46.6190130" lon="12.2221950">
        <ele>1439.50</ele>
      </trkpt>
      <trkpt lat="46.6192090" lon="12.2223560">
        <ele>1438.75</ele>
      </trkpt>
      <trkpt lat="46.6199370" lon="12.2227400">
        <ele>1435.75</ele>
      </trkpt>
      <trkpt lat="46.6209340" lon="12.2231340">
        <ele>1432.75</ele>
      </trkpt>
      <trkpt lat="46.6217680" lon="12.2235460">
        <ele>1429.50</ele>
      </trkpt>
      <trkpt lat="46.6220400" lon="12.2237080">
        <ele>1428.25</ele>
      </trkpt>
      <trkpt lat="46.6223140" lon="12.2238690">
        <ele>1427.00</ele>
      </trkpt>
      <trkpt lat="46.6232090" lon="12.2245520">
        <ele>1423.50</ele>
      </trkpt>
      <trkpt lat="46.6233440" lon="12.2246540">
        <ele>1422.75</ele>
      </trkpt>
      <trkpt lat="46.6237840" lon="12.2250520">
        <ele>1422.00</ele>
      </trkpt>
      <trkpt lat="46.6249680" lon="12.2259830">
        <ele>1417.25</ele>
      </trkpt>
      <trkpt lat="46.6275780" lon="12.2281500">
        <ele>1408.50</ele>
      </trkpt>
      <trkpt lat="46.6276030" lon="12.2281700">
        <ele>1408.50</ele>
      </trkpt>
      <trkpt lat="46.6276540" lon="12.2282100">
        <ele>1408.25</ele>
      </trkpt>
      <trkpt lat="46.6283770" lon="12.2288060">
        <ele>1407.00</ele>
      </trkpt>
      <trkpt lat="46.6285350" lon="12.2288960">
        <ele>1407.00</ele>
      </trkpt>
      <trkpt lat="46.6288300" lon="12.2289430">
        <ele>1406.75</ele>
      </trkpt>
      <trkpt lat="46.6300050" lon="12.2290100">
        <ele>1406.00</ele>
      </trkpt>
      <trkpt lat="46.6303680" lon="12.2290180">
        <ele>1406.00</ele>
      </trkpt>
      <trkpt lat="46.6306290" lon="12.2290440">
        <ele>1405.75</ele>
      </trkpt>
      <trkpt lat="46.6309730" lon="12.2291310">
        <ele>1406.00</ele>
      </trkpt>
      <trkpt lat="46.6319380" lon="12.2294840">
        <ele>1405.50</ele>
      </trkpt>
      <trkpt lat="46.6322110" lon="12.2296300">
        <ele>1406.25</ele>
      </trkpt>
      <trkpt lat="46.6322910" lon="12.2296900">
        <ele>1406.75</ele>
      </trkpt>
      <trkpt lat="46.6325000" lon="12.2298420">
        <ele>1406.75</ele>
      </trkpt>
      <trkpt lat="46.6331370" lon="12.2303780">
        <ele>1407.00</ele>
      </trkpt>
      <trkpt lat="46.6333450" lon="12.2305710">
        <ele>1406.75</ele>
      </trkpt>
      <trkpt lat="46.6337190" lon="12.2309440">
        <ele>1406.50</ele>
      </trkpt>
      <trkpt lat="46.6340310" lon="12.2310370">
        <ele>1407.75</ele>
      </trkpt>
      <trkpt lat="46.6341460" lon="12.2310930">
        <ele>1408.00</ele>
      </trkpt>
      <trkpt lat="46.6343020" lon="12.2312150">
        <ele>1407.50</ele>
      </trkpt>
      <trkpt lat="46.6345510" lon="12.2313720">
        <ele>1407.50</ele>
      </trkpt>
      <trkpt lat="46.6346140" lon="12.2314550">
        <ele>1407.00</ele>
      </trkpt>
      <trkpt lat="46.6346680" lon="12.2315270">
        <ele>1406.75</ele>
      </trkpt>
      <trkpt lat="46.6349880" lon="12.2317790">
        <ele>1406.75</ele>
      </trkpt>
      <trkpt lat="46.6351410" lon="12.2318840">
        <ele>1406.75</ele>
      </trkpt>
      <trkpt lat="46.6353040" lon="12.2319300">
        <ele>1406.75</ele>
      </trkpt>
      <trkpt lat="46.6356910" lon="12.2319810">
        <ele>1407.00</ele>
      </trkpt>
      <trkpt lat="46.6357770" lon="12.2319780">
        <ele>1407.00</ele>
      </trkpt>
      <trkpt lat="46.6373860" lon="12.2319440">
        <ele>1406.75</ele>
      </trkpt>
      <trkpt lat="46.6374510" lon="12.2319140">
        <ele>1406.75</ele>
      </trkpt>
      <trkpt lat="46.6375130" lon="12.2318480">
        <ele>1406.50</ele>
      </trkpt>
      <trkpt lat="46.6375830" lon="12.2318050">
        <ele>1406.50</ele>
      </trkpt>
      <trkpt lat="46.6386770" lon="12.2317920">
        <ele>1406.25</ele>
      </trkpt>
      <trkpt lat="46.6387430" lon="12.2318190">
        <ele>1406.25</ele>
      </trkpt>
      <trkpt lat="46.6388020" lon="12.2318830">
        <ele>1406.00</ele>
      </trkpt>
      <trkpt lat="46.6388750" lon="12.2319990">
        <ele>1406.00</ele>
      </trkpt>
      <trkpt lat="46.6389950" lon="12.2323680">
        <ele>1406.50</ele>
      </trkpt>
      <trkpt lat="46.6390110" lon="12.2323970">
        <ele>1406.50</ele>
      </trkpt>
      <trkpt lat="46.6390570" lon="12.2324450">
        <ele>1406.25</ele>
      </trkpt>
      <trkpt lat="46.6394930" lon="12.2325790">
        <ele>1406.00</ele>
      </trkpt>
      <trkpt lat="46.6398870" lon="12.2327020">
        <ele>1405.50</ele>
      </trkpt>
      <trkpt lat="46.6405690" lon="12.2329070">
        <ele>1404.75</ele>
      </trkpt>
      <trkpt lat="46.6409610" lon="12.2330090">
        <ele>1404.25</ele>
      </trkpt>
      <trkpt lat="46.6416390" lon="12.2330940">
        <ele>1403.00</ele>
      </trkpt>
      <trkpt lat="46.6424150" lon="12.2331650">
        <ele>1401.25</ele>
      </trkpt>
      <trkpt lat="46.6426350" lon="12.2331300">
        <ele>1400.50</ele>
      </trkpt>
      <trkpt lat="46.6428860" lon="12.2330300">
        <ele>1399.50</ele>
      </trkpt>
      <trkpt lat="46.6436450" lon="12.2326090">
        <ele>1397.75</ele>
      </trkpt>
      <trkpt lat="46.6438490" lon="12.2325590">
        <ele>1397.25</ele>
      </trkpt>
      <trkpt lat="46.6439400" lon="12.2325480">
        <ele>1397.00</ele>
      </trkpt>
      <trkpt lat="46.6441230" lon="12.2325460">
        <ele>1397.25</ele>
      </trkpt>
      <trkpt lat="46.6450580" lon="12.2327440">
        <ele>1394.00</ele>
      </trkpt>
      <trkpt lat="46.6452190" lon="12.2327540">
        <ele>1394.00</ele>
      </trkpt>
      <trkpt lat="46.6454340" lon="12.2327320">
        <ele>1393.25</ele>
      </trkpt>
      <trkpt lat="46.6454940" lon="12.2327050">
        <ele>1393.00</ele>
      </trkpt>
      <trkpt lat="46.6455220" lon="12.2326840">
        <ele>1393.00</ele>
      </trkpt>
      <trkpt lat="46.6455790" lon="12.2326130">
        <ele>1392.75</ele>
      </trkpt>
      <trkpt lat="46.6456440" lon="12.2325000">
        <ele>1392.75</ele>
      </trkpt>
      <trkpt lat="46.6457460" lon="12.2323500">
        <ele>1392.50</ele>
      </trkpt>
      <trkpt lat="46.6458460" lon="12.2322430">
        <ele>1392.00</ele>
      </trkpt>
      <trkpt lat="46.6475930" lon="12.2311630">
        <ele>1386.50</ele>
      </trkpt>
      <trkpt lat="46.6482500" lon="12.2306930">
        <ele>1384.00</ele>
      </trkpt>
      <trkpt lat="46.6488700" lon="12.2302100">
        <ele>1382.25</ele>
      </trkpt>
      <trkpt lat="46.6489980" lon="12.2300820">
        <ele>1382.50</ele>
      </trkpt>
      <trkpt lat="46.6491450" lon="12.2298910">
        <ele>1382.50</ele>
      </trkpt>
      <trkpt lat="46.6492800" lon="12.2296170">
        <ele>1381.75</ele>
      </trkpt>
      <trkpt lat="46.6493960" lon="12.2293610">
        <ele>1381.75</ele>
      </trkpt>
      <trkpt lat="46.6496820" lon="12.2288370">
        <ele>1380.25</ele>
      </trkpt>
      <trkpt lat="46.6498330" lon="12.2286510">
        <ele>1380.75</ele>
      </trkpt>
      <trkpt lat="46.6500130" lon="12.2285050">
        <ele>1381.25</ele>
      </trkpt>
      <trkpt lat="46.6501960" lon="12.2284370">
        <ele>1381.50</ele>
      </trkpt>
      <trkpt lat="46.6505370" lon="12.2283550">
        <ele>1380.25</ele>
      </trkpt>
      <trkpt lat="46.6509140" lon="12.2281550">
        <ele>1377.75</ele>
      </trkpt>
      <trkpt lat="46.6509770" lon="12.2280940">
        <ele>1376.25</ele>
      </trkpt>
      <trkpt lat="46.6510030" lon="12.2280540">
        <ele>1375.50</ele>
      </trkpt>
      <trkpt lat="46.6510310" lon="12.2279960">
        <ele>1375.25</ele>
      </trkpt>
      <trkpt lat="46.6510510" lon="12.2279240">
        <ele>1375.00</ele>
      </trkpt>
      <trkpt lat="46.6510550" lon="12.2278990">
        <ele>1375.25</ele>
      </trkpt>
      <trkpt lat="46.6510780" lon="12.2277620">
        <ele>1375.75</ele>
      </trkpt>
      <trkpt lat="46.6510930" lon="12.2277080">
        <ele>1376.75</ele>
      </trkpt>
      <trkpt lat="46.6511350" lon="12.2276430">
        <ele>1378.00</ele>
      </trkpt>
      <trkpt lat="46.6513240" lon="12.2275290">
        <ele>1376.25</ele>
      </trkpt>
      <trkpt lat="46.6515290" lon="12.2273770">
        <ele>1375.00</ele>
      </trkpt>
      <trkpt lat="46.6516610" lon="12.2273120">
        <ele>1373.75</ele>
      </trkpt>
      <trkpt lat="46.6523550" lon="12.2271380">
        <ele>1372.00</ele>
      </trkpt>
      <trkpt lat="46.6533470" lon="12.2268710">
        <ele>1369.75</ele>
      </trkpt>
      <trkpt lat="46.6538290" lon="12.2266360">
        <ele>1369.75</ele>
      </trkpt>
      <trkpt lat="46.6547550" lon="12.2261840">
        <ele>1365.75</ele>
      </trkpt>
      <trkpt lat="46.6555950" lon="12.2257590">
        <ele>1363.25</ele>
      </trkpt>
      <trkpt lat="46.6557640" lon="12.2256820">
        <ele>1362.25</ele>
      </trkpt>
      <trkpt lat="46.6559170" lon="12.2256460">
        <ele>1362.00</ele>
      </trkpt>
      <trkpt lat="46.6560310" lon="12.2257020">
        <ele>1361.75</ele>
      </trkpt>
      <trkpt lat="46.6561930" lon="12.2258120">
        <ele>1361.75</ele>
      </trkpt>
      <trkpt lat="46.6563900" lon="12.2259240">
        <ele>1363.00</ele>
      </trkpt>
      <trkpt lat="46.6564680" lon="12.2259280">
        <ele>1362.25</ele>
      </trkpt>
      <trkpt lat="46.6565370" lon="12.2259160">
        <ele>1361.75</ele>
      </trkpt>
      <trkpt lat="46.6566460" lon="12.2258200">
        <ele>1361.25</ele>
      </trkpt>
      <trkpt lat="46.6569790" lon="12.2257450">
        <ele>1363.00</ele>
      </trkpt>
      <trkpt lat="46.6582220" lon="12.2260770">
        <ele>1360.50</ele>
      </trkpt>
      <trkpt lat="46.6584100" lon="12.2260880">
        <ele>1360.00</ele>
      </trkpt>
      <trkpt lat="46.6586780" lon="12.2260400">
        <ele>1360.25</ele>
      </trkpt>
      <trkpt lat="46.6589780" lon="12.2259330">
        <ele>1359.50</ele>
      </trkpt>
      <trkpt lat="46.6592900" lon="12.2256780">
        <ele>1358.50</ele>
      </trkpt>
      <trkpt lat="46.6596870" lon="12.2252860">
        <ele>1358.00</ele>
      </trkpt>
      <trkpt lat="46.6608040" lon="12.2240870">
        <ele>1351.50</ele>
      </trkpt>
      <trkpt lat="46.6608810" lon="12.2240120">
        <ele>1351.25</ele>
      </trkpt>
      <trkpt lat="46.6609700" lon="12.2239380">
        <ele>1351.25</ele>
      </trkpt>
      <trkpt lat="46.6610940" lon="12.2238560">
        <ele>1351.00</ele>
      </trkpt>
      <trkpt lat="46.6612510" lon="12.2237880">
        <ele>1350.50</ele>
      </trkpt>
      <trkpt lat="46.6626530" lon="12.2234840">
        <ele>1346.25</ele>
      </trkpt>
      <trkpt lat="46.6631500" lon="12.2233900">
        <ele>1345.75</ele>
      </trkpt>
      <trkpt lat="46.6639910" lon="12.2232020">
        <ele>1343.75</ele>
      </trkpt>
      <trkpt lat="46.6642400" lon="12.2232070">
        <ele>1343.75</ele>
      </trkpt>
      <trkpt lat="46.6643990" lon="12.2232480">
        <ele>1343.25</ele>
      </trkpt>
      <trkpt lat="46.6649270" lon="12.2236100">
        <ele>1341.50</ele>
      </trkpt>
      <trkpt lat="46.6650510" lon="12.2236800">
        <ele>1341.25</ele>
      </trkpt>
      <trkpt lat="46.6651600" lon="12.2237310">
        <ele>1341.00</ele>
      </trkpt>
      <trkpt lat="46.6654900" lon="12.2238560">
        <ele>1340.00</ele>
      </trkpt>
      <trkpt lat="46.6657150" lon="12.2239320">
        <ele>1340.00</ele>
      </trkpt>
      <trkpt lat="46.6657960" lon="12.2239680">
        <ele>1340.00</ele>
      </trkpt>
      <trkpt lat="46.6660900" lon="12.2241530">
        <ele>1339.00</ele>
      </trkpt>
      <trkpt lat="46.6661410" lon="12.2241670">
        <ele>1338.75</ele>
      </trkpt>
      <trkpt lat="46.6662310" lon="12.2241530">
        <ele>1338.50</ele>
      </trkpt>
      <trkpt lat="46.6665830" lon="12.2240020">
        <ele>1337.50</ele>
      </trkpt>
      <trkpt lat="46.6668270" lon="12.2239240">
        <ele>1337.00</ele>
      </trkpt>
      <trkpt lat="46.6669430" lon="12.2238780">
        <ele>1337.00</ele>
      </trkpt>
      <trkpt lat="46.6672650" lon="12.2237400">
        <ele>1335.75</ele>
      </trkpt>
      <trkpt lat="46.6674490" lon="12.2236430">
        <ele>1335.00</ele>
      </trkpt>
      <trkpt lat="46.6675710" lon="12.2235590">
        <ele>1334.75</ele>
      </trkpt>
      <trkpt lat="46.6681130" lon="12.2230480">
        <ele>1333.50</ele>
      </trkpt>
      <trkpt lat="46.6681890" lon="12.2229870">
        <ele>1333.00</ele>
      </trkpt>
      <trkpt lat="46.6683350" lon="12.2229190">
        <ele>1332.25</ele>
      </trkpt>
      <trkpt lat="46.6685460" lon="12.2228460">
        <ele>1332.00</ele>
      </trkpt>
      <trkpt lat="46.6686100" lon="12.2228170">
        <ele>1332.00</ele>
      </trkpt>
      <trkpt lat="46.6686600" lon="12.2227810">
        <ele>1331.75</ele>
      </trkpt>
      <trkpt lat="46.6688960" lon="12.2225820">
        <ele>1331.50</ele>
      </trkpt>
      <trkpt lat="46.6694840" lon="12.2219860">
        <ele>1330.50</ele>
      </trkpt>
      <trkpt lat="46.6696940" lon="12.2218150">
        <ele>1330.50</ele>
      </trkpt>
      <trkpt lat="46.6697680" lon="12.2217810">
        <ele>1330.50</ele>
      </trkpt>
      <trkpt lat="46.6701110" lon="12.2217000">
        <ele>1330.25</ele>
      </trkpt>
      <trkpt lat="46.6704340" lon="12.2216390">
        <ele>1328.75</ele>
      </trkpt>
      <trkpt lat="46.6707210" lon="12.2216130">
        <ele>1328.00</ele>
      </trkpt>
      <trkpt lat="46.6709990" lon="12.2215700">
        <ele>1327.75</ele>
      </trkpt>
      <trkpt lat="46.6712020" lon="12.2215090">
        <ele>1328.00</ele>
      </trkpt>
      <trkpt lat="46.6712840" lon="12.2214630">
        <ele>1328.25</ele>
      </trkpt>
      <trkpt lat="46.6715030" lon="12.2212930">
        <ele>1329.75</ele>
      </trkpt>
      <trkpt lat="46.6715640" lon="12.2212690">
        <ele>1329.75</ele>
      </trkpt>
      <trkpt lat="46.6718140" lon="12.2212970">
        <ele>1329.00</ele>
      </trkpt>
      <trkpt lat="46.6718900" lon="12.2212950">
        <ele>1329.00</ele>
      </trkpt>
      <trkpt lat="46.6719690" lon="12.2212760">
        <ele>1329.00</ele>
      </trkpt>
      <trkpt lat="46.6721250" lon="12.2212320">
        <ele>1329.00</ele>
      </trkpt>
      <trkpt lat="46.6722580" lon="12.2212150">
        <ele>1328.50</ele>
      </trkpt>
      <trkpt lat="46.6727640" lon="12.2212550">
        <ele>1327.75</ele>
      </trkpt>
      <trkpt lat="46.6730420" lon="12.2213350">
        <ele>1325.25</ele>
      </trkpt>
      <trkpt lat="46.6732980" lon="12.2214470">
        <ele>1323.50</ele>
      </trkpt>
      <trkpt lat="46.6734160" lon="12.2215010">
        <ele>1323.25</ele>
      </trkpt>
      <trkpt lat="46.6735560" lon="12.2215480">
        <ele>1323.25</ele>
      </trkpt>
      <trkpt lat="46.6737170" lon="12.2215870">
        <ele>1323.25</ele>
      </trkpt>
      <trkpt lat="46.6739860" lon="12.2215980">
        <ele>1321.50</ele>
      </trkpt>
      <trkpt lat="46.6745290" lon="12.2216420">
        <ele>1318.25</ele>
      </trkpt>
      <trkpt lat="46.6749010" lon="12.2217650">
        <ele>1316.50</ele>
      </trkpt>
      <trkpt lat="46.6758730" lon="12.2220820">
        <ele>1314.25</ele>
      </trkpt>
      <trkpt lat="46.6763160" lon="12.2222150">
        <ele>1313.25</ele>
      </trkpt>
      <trkpt lat="46.6781360" lon="12.2228370">
        <ele>1310.00</ele>
      </trkpt>
      <trkpt lat="46.6800130" lon="12.2234090">
        <ele>1307.75</ele>
      </trkpt>
      <trkpt lat="46.6824910" lon="12.2241420">
        <ele>1304.75</ele>
      </trkpt>
      <trkpt lat="46.6827590" lon="12.2241480">
        <ele>1304.00</ele>
      </trkpt>
      <trkpt lat="46.6830890" lon="12.2242780">
        <ele>1304.75</ele>
      </trkpt>
      <trkpt lat="46.6840310" lon="12.2242910">
        <ele>1305.00</ele>
      </trkpt>
      <trkpt lat="46.6844660" lon="12.2243690">
        <ele>1304.75</ele>
      </trkpt>
      <trkpt lat="46.6854620" lon="12.2243600">
        <ele>1303.25</ele>
      </trkpt>
      <trkpt lat="46.6856360" lon="12.2243330">
        <ele>1303.00</ele>
      </trkpt>
      <trkpt lat="46.6857720" lon="12.2242860">
        <ele>1302.50</ele>
      </trkpt>
      <trkpt lat="46.6860580" lon="12.2241630">
        <ele>1302.50</ele>
      </trkpt>
      <trkpt lat="46.6874390" lon="12.2237020">
        <ele>1298.00</ele>
      </trkpt>
      <trkpt lat="46.6880290" lon="12.2236920">
        <ele>1295.00</ele>
      </trkpt>
      <trkpt lat="46.6881450" lon="12.2236630">
        <ele>1295.00</ele>
      </trkpt>
      <trkpt lat="46.6885520" lon="12.2234600">
        <ele>1294.75</ele>
      </trkpt>
      <trkpt lat="46.6888260" lon="12.2233870">
        <ele>1294.25</ele>
      </trkpt>
      <trkpt lat="46.6900080" lon="12.2235830">
        <ele>1289.25</ele>
      </trkpt>
      <trkpt lat="46.6908460" lon="12.2235570">
        <ele>1285.75</ele>
      </trkpt>
      <trkpt lat="46.6910440" lon="12.2235720">
        <ele>1284.75</ele>
      </trkpt>
      <trkpt lat="46.6911960" lon="12.2236020">
        <ele>1284.25</ele>
      </trkpt>
      <trkpt lat="46.6916470" lon="12.2238270">
        <ele>1283.25</ele>
      </trkpt>
      <trkpt lat="46.6917810" lon="12.2239080">
        <ele>1282.50</ele>
      </trkpt>
      <trkpt lat="46.6919180" lon="12.2239620">
        <ele>1281.25</ele>
      </trkpt>
      <trkpt lat="46.6920460" lon="12.2239750">
        <ele>1280.75</ele>
      </trkpt>
      <trkpt lat="46.6921750" lon="12.2239440">
        <ele>1279.75</ele>
      </trkpt>
      <trkpt lat="46.6923050" lon="12.2239040">
        <ele>1279.75</ele>
      </trkpt>
      <trkpt lat="46.6925410" lon="12.2237030">
        <ele>1278.25</ele>
      </trkpt>
      <trkpt lat="46.6927450" lon="12.2234540">
        <ele>1278.00</ele>
      </trkpt>
      <trkpt lat="46.6929820" lon="12.2231320">
        <ele>1276.25</ele>
      </trkpt>
      <trkpt lat="46.6931310" lon="12.2230000">
        <ele>1275.75</ele>
      </trkpt>
      <trkpt lat="46.6933630" lon="12.2228920">
        <ele>1276.50</ele>
      </trkpt>
      <trkpt lat="46.6940620" lon="12.2225250">
        <ele>1273.75</ele>
      </trkpt>
      <trkpt lat="46.6943590" lon="12.2224680">
        <ele>1273.00</ele>
      </trkpt>
      <trkpt lat="46.6946690" lon="12.2224270">
        <ele>1272.75</ele>
      </trkpt>
      <trkpt lat="46.6949830" lon="12.2224150">
        <ele>1271.75</ele>
      </trkpt>
      <trkpt lat="46.6953090" lon="12.2223250">
        <ele>1271.00</ele>
      </trkpt>
      <trkpt lat="46.6955740" lon="12.2222640">
        <ele>1270.25</ele>
      </trkpt>
      <trkpt lat="46.6957490" lon="12.2221780">
        <ele>1268.50</ele>
      </trkpt>
      <trkpt lat="46.6961360" lon="12.2220150">
        <ele>1268.00</ele>
      </trkpt>
      <trkpt lat="46.6964500" lon="12.2218680">
        <ele>1265.75</ele>
      </trkpt>
      <trkpt lat="46.6965850" lon="12.2217750">
        <ele>1265.00</ele>
      </trkpt>
      <trkpt lat="46.6970670" lon="12.2213700">
        <ele>1263.00</ele>
      </trkpt>
      <trkpt lat="46.6971920" lon="12.2213090">
        <ele>1262.75</ele>
      </trkpt>
      <trkpt lat="46.6974360" lon="12.2212990">
        <ele>1262.00</ele>
      </trkpt>
      <trkpt lat="46.6978040" lon="12.2214120">
        <ele>1261.50</ele>
      </trkpt>
      <trkpt lat="46.6983820" lon="12.2216520">
        <ele>1259.75</ele>
      </trkpt>
      <trkpt lat="46.6996010" lon="12.2220640">
        <ele>1258.50</ele>
      </trkpt>
      <trkpt lat="46.6998300" lon="12.2221210">
        <ele>1258.75</ele>
      </trkpt>
      <trkpt lat="46.7006980" lon="12.2223050">
        <ele>1260.25</ele>
      </trkpt>
      <trkpt lat="46.7008160" lon="12.2223090">
        <ele>1259.75</ele>
      </trkpt>
      <trkpt lat="46.7010770" lon="12.2222390">
        <ele>1259.25</ele>
      </trkpt>
      <trkpt lat="46.7013190" lon="12.2221510">
        <ele>1259.50</ele>
      </trkpt>
      <trkpt lat="46.7014570" lon="12.2220610">
        <ele>1259.50</ele>
      </trkpt>
      <trkpt lat="46.7018940" lon="12.2218220">
        <ele>1259.50</ele>
      </trkpt>
      <trkpt lat="46.7021000" lon="12.2217760">
        <ele>1259.50</ele>
      </trkpt>
      <trkpt lat="46.7022530" lon="12.2217730">
        <ele>1260.00</ele>
      </trkpt>
      <trkpt lat="46.7026540" lon="12.2218110">
        <ele>1259.75</ele>
      </trkpt>
      <trkpt lat="46.7028670" lon="12.2217650">
        <ele>1259.75</ele>
      </trkpt>
      <trkpt lat="46.7030660" lon="12.2216500">
        <ele>1258.00</ele>
      </trkpt>
      <trkpt lat="46.7032590" lon="12.2214930">
        <ele>1259.25</ele>
      </trkpt>
      <trkpt lat="46.7034080" lon="12.2212760">
        <ele>1259.25</ele>
      </trkpt>
      <trkpt lat="46.7042060" lon="12.2201290">
        <ele>1258.50</ele>
      </trkpt>
      <trkpt lat="46.7043750" lon="12.2200250">
        <ele>1258.75</ele>
      </trkpt>
      <trkpt lat="46.7046540" lon="12.2199110">
        <ele>1258.75</ele>
      </trkpt>
      <trkpt lat="46.7050250" lon="12.2198880">
        <ele>1258.50</ele>
      </trkpt>
      <trkpt lat="46.7051260" lon="12.2199240">
        <ele>1258.75</ele>
      </trkpt>
      <trkpt lat="46.7053290" lon="12.2199190">
        <ele>1258.50</ele>
      </trkpt>
      <trkpt lat="46.7054780" lon="12.2198670">
        <ele>1258.25</ele>
      </trkpt>
      <trkpt lat="46.7057590" lon="12.2198100">
        <ele>1258.50</ele>
      </trkpt>
      <trkpt lat="46.7063420" lon="12.2198950">
        <ele>1258.00</ele>
      </trkpt>
      <trkpt lat="46.7066450" lon="12.2199490">
        <ele>1258.25</ele>
      </trkpt>
      <trkpt lat="46.7069150" lon="12.2200130">
        <ele>1258.25</ele>
      </trkpt>
      <trkpt lat="46.7070740" lon="12.2200810">
        <ele>1257.50</ele>
      </trkpt>
      <trkpt lat="46.7076670" lon="12.2204300">
        <ele>1257.25</ele>
      </trkpt>
      <trkpt lat="46.7077580" lon="12.2204800">
        <ele>1257.25</ele>
      </trkpt>
      <trkpt lat="46.7078920" lon="12.2205700">
        <ele>1257.00</ele>
      </trkpt>
      <trkpt lat="46.7080040" lon="12.2206690">
        <ele>1257.50</ele>
      </trkpt>
      <trkpt lat="46.7081500" lon="12.2208270">
        <ele>1258.00</ele>
      </trkpt>
      <trkpt lat="46.7082750" lon="12.2210540">
        <ele>1256.50</ele>
      </trkpt>
      <trkpt lat="46.7084760" lon="12.2215130">
        <ele>1254.75</ele>
      </trkpt>
      <trkpt lat="46.7088780" lon="12.2223910">
        <ele>1251.25</ele>
      </trkpt>
      <trkpt lat="46.7090850" lon="12.2226720">
        <ele>1251.50</ele>
      </trkpt>
      <trkpt lat="46.7093350" lon="12.2228440">
        <ele>1249.50</ele>
      </trkpt>
      <trkpt lat="46.7095340" lon="12.2229260">
        <ele>1248.25</ele>
      </trkpt>
      <trkpt lat="46.7101030" lon="12.2231420">
        <ele>1246.50</ele>
      </trkpt>
      <trkpt lat="46.7105650" lon="12.2233320">
        <ele>1243.75</ele>
      </trkpt>
      <trkpt lat="46.7107510" lon="12.2233930">
        <ele>1243.00</ele>
      </trkpt>
      <trkpt lat="46.7109150" lon="12.2234440">
        <ele>1243.00</ele>
      </trkpt>
      <trkpt lat="46.7111010" lon="12.2234780">
        <ele>1243.00</ele>
      </trkpt>
      <trkpt lat="46.7112880" lon="12.2234900">
        <ele>1243.00</ele>
      </trkpt>
      <trkpt lat="46.7114570" lon="12.2234800">
        <ele>1242.50</ele>
      </trkpt>
      <trkpt lat="46.7116180" lon="12.2234390">
        <ele>1241.50</ele>
      </trkpt>
      <trkpt lat="46.7120010" lon="12.2232710">
        <ele>1238.50</ele>
      </trkpt>
      <trkpt lat="46.7121650" lon="12.2232100">
        <ele>1237.50</ele>
      </trkpt>
      <trkpt lat="46.7123400" lon="12.2231570">
        <ele>1237.00</ele>
      </trkpt>
      <trkpt lat="46.7125440" lon="12.2231450">
        <ele>1237.00</ele>
      </trkpt>
      <trkpt lat="46.7128320" lon="12.2231530">
        <ele>1236.00</ele>
      </trkpt>
      <trkpt lat="46.7130050" lon="12.2231440">
        <ele>1235.50</ele>
      </trkpt>
      <trkpt lat="46.7131650" lon="12.2230870">
        <ele>1235.00</ele>
      </trkpt>
      <trkpt lat="46.7136080" lon="12.2228540">
        <ele>1231.50</ele>
      </trkpt>
      <trkpt lat="46.7137630" lon="12.2228120">
        <ele>1231.00</ele>
      </trkpt>
      <trkpt lat="46.7139630" lon="12.2228060">
        <ele>1230.50</ele>
      </trkpt>
      <trkpt lat="46.7141450" lon="12.2228440">
        <ele>1230.25</ele>
      </trkpt>
      <trkpt lat="46.7144890" lon="12.2230420">
        <ele>1228.50</ele>
      </trkpt>
      <trkpt lat="46.7146430" lon="12.2231000">
        <ele>1229.00</ele>
      </trkpt>
      <trkpt lat="46.7148120" lon="12.2231080">
        <ele>1228.25</ele>
      </trkpt>
      <trkpt lat="46.7149850" lon="12.2230730">
        <ele>1226.50</ele>
      </trkpt>
      <trkpt lat="46.7154560" lon="12.2229130">
        <ele>1224.50</ele>
      </trkpt>
      <trkpt lat="46.7157460" lon="12.2229480">
        <ele>1223.50</ele>
      </trkpt>
      <trkpt lat="46.7158580" lon="12.2229860">
        <ele>1223.25</ele>
      </trkpt>
      <trkpt lat="46.7160080" lon="12.2230500">
        <ele>1222.00</ele>
      </trkpt>
      <trkpt lat="46.7162150" lon="12.2231560">
        <ele>1221.50</ele>
      </trkpt>
      <trkpt lat="46.7164940" lon="12.2232920">
        <ele>1219.75</ele>
      </trkpt>
      <trkpt lat="46.7166420" lon="12.2233740">
        <ele>1218.25</ele>
      </trkpt>
      <trkpt lat="46.7168470" lon="12.2234620">
        <ele>1217.75</ele>
      </trkpt>
      <trkpt lat="46.7171210" lon="12.2235360">
        <ele>1218.00</ele>
      </trkpt>
      <trkpt lat="46.7173320" lon="12.2235490">
        <ele>1217.25</ele>
      </trkpt>
      <trkpt lat="46.7174650" lon="12.2235430">
        <ele>1216.00</ele>
      </trkpt>
      <trkpt lat="46.7175560" lon="12.2235360">
        <ele>1215.50</ele>
      </trkpt>
      <trkpt lat="46.7176260" lon="12.2235510">
        <ele>1215.50</ele>
      </trkpt>
      <trkpt lat="46.7177980" lon="12.2235950">
        <ele>1215.50</ele>
      </trkpt>
      <trkpt lat="46.7179430" lon="12.2236230">
        <ele>1214.75</ele>
      </trkpt>
      <trkpt lat="46.7180680" lon="12.2236390">
        <ele>1214.00</ele>
      </trkpt>
      <trkpt lat="46.7182200" lon="12.2236430">
        <ele>1214.75</ele>
      </trkpt>
      <trkpt lat="46.7183730" lon="12.2236060">
        <ele>1214.75</ele>
      </trkpt>
      <trkpt lat="46.7184900" lon="12.2235510">
        <ele>1214.50</ele>
      </trkpt>
      <trkpt lat="46.7189380" lon="12.2233440">
        <ele>1213.25</ele>
      </trkpt>
      <trkpt lat="46.7189810" lon="12.2233210">
        <ele>1213.50</ele>
      </trkpt>
      <trkpt lat="46.7190030" lon="12.2232980">
        <ele>1213.50</ele>
      </trkpt>
      <trkpt lat="46.7190530" lon="12.2232220">
        <ele>1213.50</ele>
      </trkpt>
      <trkpt lat="46.7191130" lon="12.2231590">
        <ele>1213.50</ele>
      </trkpt>
      <trkpt lat="46.7192760" lon="12.2230350">
        <ele>1213.25</ele>
      </trkpt>
      <trkpt lat="46.7198420" lon="12.2225480">
        <ele>1214.00</ele>
      </trkpt>
      <trkpt lat="46.7198980" lon="12.2225090">
        <ele>1214.00</ele>
      </trkpt>
      <trkpt lat="46.7199610" lon="12.2224460">
        <ele>1213.75</ele>
      </trkpt>
      <trkpt lat="46.7201470" lon="12.2223040">
        <ele>1214.00</ele>
      </trkpt>
      <trkpt lat="46.7206230" lon="12.2218700">
        <ele>1213.00</ele>
      </trkpt>
      <trkpt lat="46.7211530" lon="12.2214120">
        <ele>1212.75</ele>
      </trkpt>
      <trkpt lat="46.7214780" lon="12.2211580">
        <ele>1212.00</ele>
      </trkpt>
      <trkpt lat="46.7216530" lon="12.2210560">
        <ele>1211.75</ele>
      </trkpt>
      <trkpt lat="46.7218750" lon="12.2209780">
        <ele>1212.00</ele>
      </trkpt>
      <trkpt lat="46.7220380" lon="12.2209630">
        <ele>1211.75</ele>
      </trkpt>
      <trkpt lat="46.7222510" lon="12.2209800">
        <ele>1211.50</ele>
      </trkpt>
      <trkpt lat="46.7225390" lon="12.2210400">
        <ele>1211.75</ele>
      </trkpt>
      <trkpt lat="46.7237870" lon="12.2213200">
        <ele>1210.25</ele>
      </trkpt>
      <trkpt lat="46.7241080" lon="12.2213800">
        <ele>1211.50</ele>
      </trkpt>
      <trkpt lat="46.7242280" lon="12.2214100">
        <ele>1212.00</ele>
      </trkpt>
      <trkpt lat="46.7244700" lon="12.2214910">
        <ele>1212.00</ele>
      </trkpt>
      <trkpt lat="46.7245850" lon="12.2215480">
        <ele>1211.00</ele>
      </trkpt>
      <trkpt lat="46.7247120" lon="12.2216410">
        <ele>1209.25</ele>
      </trkpt>
      <trkpt lat="46.7247720" lon="12.2217130">
        <ele>1209.00</ele>
      </trkpt>
      <trkpt lat="46.7248150" lon="12.2217810">
        <ele>1209.00</ele>
      </trkpt>
      <trkpt lat="46.7248650" lon="12.2218730">
        <ele>1209.00</ele>
      </trkpt>
      <trkpt lat="46.7248980" lon="12.2219500">
        <ele>1209.00</ele>
      </trkpt>
      <trkpt lat="46.7249240" lon="12.2220390">
        <ele>1209.00</ele>
      </trkpt>
      <trkpt lat="46.7249480" lon="12.2222280">
        <ele>1209.00</ele>
      </trkpt>
      <trkpt lat="46.7249920" lon="12.2228260">
        <ele>1210.00</ele>
      </trkpt>
      <trkpt lat="46.7249540" lon="12.2228990">
        <ele>1210.00</ele>
      </trkpt>
      <trkpt lat="46.7249300" lon="12.2229700">
        <ele>1210.00</ele>
      </trkpt>
      <trkpt lat="46.7248990" lon="12.2229750">
        <ele>1210.00</ele>
      </trkpt>
      <trkpt lat="46.7248640" lon="12.2231880">
        <ele>1210.00</ele>
      </trkpt>
      <trkpt lat="46.7246090" lon="12.2243610">
        <ele>1209.50</ele>
      </trkpt>
      <trkpt lat="46.7245880" lon="12.2244430">
        <ele>1209.50</ele>
      </trkpt>
      <trkpt lat="46.7245220" lon="12.2246240">
        <ele>1209.50</ele>
      </trkpt>
      <trkpt lat="46.7244530" lon="12.2250130">
        <ele>1210.00</ele>
      </trkpt>
      <trkpt lat="46.7244460" lon="12.2252240">
        <ele>1210.00</ele>
      </trkpt>
      <trkpt lat="46.7244280" lon="12.2253210">
        <ele>1210.00</ele>
      </trkpt>
      <trkpt lat="46.7244090" lon="12.2254260">
        <ele>1210.00</ele>
      </trkpt>
      <trkpt lat="46.7242640" lon="12.2259300">
        <ele>1210.50</ele>
      </trkpt>
      <trkpt lat="46.7242600" lon="12.2260230">
        <ele>1210.50</ele>
      </trkpt>
      <trkpt lat="46.7242810" lon="12.2260910">
        <ele>1210.50</ele>
      </trkpt>
      <trkpt lat="46.7242870" lon="12.2261580">
        <ele>1210.25</ele>
      </trkpt>
      <trkpt lat="46.7242690" lon="12.2262430">
        <ele>1210.00</ele>
      </trkpt>
      <trkpt lat="46.7242490" lon="12.2263590">
        <ele>1209.75</ele>
      </trkpt>
      <trkpt lat="46.7242460" lon="12.2264910">
        <ele>1209.75</ele>
      </trkpt>
      <trkpt lat="46.7240890" lon="12.2276650">
        <ele>1210.00</ele>
      </trkpt>
      <trkpt lat="46.7240750" lon="12.2278470">
        <ele>1210.00</ele>
      </trkpt>
      <trkpt lat="46.7240600" lon="12.2280740">
        <ele>1210.00</ele>
      </trkpt>
      <trkpt lat="46.7238960" lon="12.2291810">
        <ele>1211.75</ele>
      </trkpt>
      <trkpt lat="46.7238300" lon="12.2295150">
        <ele>1211.50</ele>
      </trkpt>
      <trkpt lat="46.7235730" lon="12.2303370">
        <ele>1211.25</ele>
      </trkpt>
      <trkpt lat="46.7235300" lon="12.2305520">
        <ele>1212.50</ele>
      </trkpt>
      <trkpt lat="46.7235260" lon="12.2308060">
        <ele>1212.25</ele>
      </trkpt>
      <trkpt lat="46.7235710" lon="12.2313370">
        <ele>1211.00</ele>
      </trkpt>
      <trkpt lat="46.7237580" lon="12.2326360">
        <ele>1207.25</ele>
      </trkpt>
      <trkpt lat="46.7237620" lon="12.2327630">
        <ele>1206.00</ele>
      </trkpt>
      <trkpt lat="46.7237430" lon="12.2328570">
        <ele>1205.25</ele>
      </trkpt>
      <trkpt lat="46.7236950" lon="12.2329440">
        <ele>1204.75</ele>
      </trkpt>
      <trkpt lat="46.7235530" lon="12.2331240">
        <ele>1203.00</ele>
      </trkpt>
      <trkpt lat="46.7234670" lon="12.2333170">
        <ele>1203.00</ele>
      </trkpt>
      <trkpt lat="46.7231880" lon="12.2341360">
        <ele>1201.50</ele>
      </trkpt>
      <trkpt lat="46.7230430" lon="12.2345420">
        <ele>1201.50</ele>
      </trkpt>
      <trkpt lat="46.7229880" lon="12.2346870">
        <ele>1201.25</ele>
      </trkpt>
      <trkpt lat="46.7227680" lon="12.2352070">
        <ele>1201.50</ele>
      </trkpt>
      <trkpt lat="46.7226700" lon="12.2355870">
        <ele>1202.50</ele>
      </trkpt>
      <trkpt lat="46.7225230" lon="12.2360790">
        <ele>1201.25</ele>
      </trkpt>
      <trkpt lat="46.7225030" lon="12.2363000">
        <ele>1201.50</ele>
      </trkpt>
      <trkpt lat="46.7224700" lon="12.2365730">
        <ele>1202.25</ele>
      </trkpt>
      <trkpt lat="46.7223560" lon="12.2369590">
        <ele>1203.00</ele>
      </trkpt>
      <trkpt lat="46.7223470" lon="12.2370350">
        <ele>1203.00</ele>
      </trkpt>
      <trkpt lat="46.7223940" lon="12.2372500">
        <ele>1203.50</ele>
      </trkpt>
      <trkpt lat="46.7224310" lon="12.2376230">
        <ele>1204.75</ele>
      </trkpt>
      <trkpt lat="46.7223730" lon="12.2378330">
        <ele>1206.00</ele>
      </trkpt>
      <trkpt lat="46.7223590" lon="12.2379810">
        <ele>1206.25</ele>
      </trkpt>
      <trkpt lat="46.7225720" lon="12.2386080">
        <ele>1207.00</ele>
      </trkpt>
      <trkpt lat="46.7226840" lon="12.2389910">
        <ele>1207.25</ele>
      </trkpt>
      <trkpt lat="46.7227850" lon="12.2392200">
        <ele>1207.75</ele>
      </trkpt>
      <trkpt lat="46.7228430" lon="12.2392880">
        <ele>1207.25</ele>
      </trkpt>
      <trkpt lat="46.7230230" lon="12.2393280">
        <ele>1205.75</ele>
      </trkpt>
      <trkpt lat="46.7230620" lon="12.2393700">
        <ele>1205.50</ele>
      </trkpt>
      <trkpt lat="46.7230990" lon="12.2394860">
        <ele>1205.50</ele>
      </trkpt>
      <trkpt lat="46.7231810" lon="12.2398290">
        <ele>1205.00</ele>
      </trkpt>
      <trkpt lat="46.7236120" lon="12.2402550">
        <ele>1201.75</ele>
      </trkpt>
      <trkpt lat="46.7237460" lon="12.2402700">
        <ele>1201.00</ele>
      </trkpt>
      <trkpt lat="46.7238770" lon="12.2402480">
        <ele>1200.00</ele>
      </trkpt>
      <trkpt lat="46.7241640" lon="12.2401780">
        <ele>1199.00</ele>
      </trkpt>
      <trkpt lat="46.7245610" lon="12.2401300">
        <ele>1196.75</ele>
      </trkpt>
      <trkpt lat="46.7245820" lon="12.2401420">
        <ele>1196.75</ele>
      </trkpt>
      <trkpt lat="46.7245890" lon="12.2401730">
        <ele>1196.75</ele>
      </trkpt>
      <trkpt lat="46.7245940" lon="12.2402060">
        <ele>1196.75</ele>
      </trkpt>
      <trkpt lat="46.7246230" lon="12.2402180">
        <ele>1196.50</ele>
      </trkpt>
      <trkpt lat="46.7249230" lon="12.2401630">
        <ele>1195.50</ele>
      </trkpt>
      <trkpt lat="46.7250440" lon="12.2401510">
        <ele>1195.00</ele>
      </trkpt>
      <trkpt lat="46.7251300" lon="12.2401600">
        <ele>1194.75</ele>
      </trkpt>
      <trkpt lat="46.7252070" lon="12.2402170">
        <ele>1194.25</ele>
      </trkpt>
      <trkpt lat="46.7252990" lon="12.2403250">
        <ele>1193.75</ele>
      </trkpt>
      <trkpt lat="46.7254500" lon="12.2404570">
        <ele>1194.00</ele>
      </trkpt>
      <trkpt lat="46.7255280" lon="12.2405580">
        <ele>1194.00</ele>
      </trkpt>
      <trkpt lat="46.7255860" lon="12.2406520">
        <ele>1193.75</ele>
      </trkpt>
      <trkpt lat="46.7256300" lon="12.2407770">
        <ele>1193.75</ele>
      </trkpt>
      <trkpt lat="46.7256750" lon="12.2410140">
        <ele>1193.75</ele>
      </trkpt>
      <trkpt lat="46.7258530" lon="12.2420670">
        <ele>1193.25</ele>
      </trkpt>
      <trkpt lat="46.7260030" lon="12.2430330">
        <ele>1192.75</ele>
      </trkpt>
      <trkpt lat="46.7260890" lon="12.2441050">
        <ele>1191.25</ele>
      </trkpt>
      <trkpt lat="46.7261170" lon="12.2447710">
        <ele>1190.75</ele>
      </trkpt>
      <trkpt lat="46.7261250" lon="12.2487600">
        <ele>1187.75</ele>
      </trkpt>
      <trkpt lat="46.7261380" lon="12.2507650">
        <ele>1186.25</ele>
      </trkpt>
      <trkpt lat="46.7261480" lon="12.2520910">
        <ele>1185.00</ele>
      </trkpt>
      <trkpt lat="46.7261620" lon="12.2525490">
        <ele>1184.75</ele>
      </trkpt>
      <trkpt lat="46.7261830" lon="12.2529620">
        <ele>1184.00</ele>
      </trkpt>
      <trkpt lat="46.7262350" lon="12.2535930">
        <ele>1184.25</ele>
      </trkpt>
      <trkpt lat="46.7262980" lon="12.2540690">
        <ele>1184.50</ele>
      </trkpt>
      <trkpt lat="46.7263970" lon="12.2546790">
        <ele>1183.75</ele>
      </trkpt>
      <trkpt lat="46.7265300" lon="12.2553110">
        <ele>1183.25</ele>
      </trkpt>
      <trkpt lat="46.7267600" lon="12.2562070">
        <ele>1183.00</ele>
      </trkpt>
      <trkpt lat="46.7267610" lon="12.2562970">
        <ele>1183.00</ele>
      </trkpt>
      <trkpt lat="46.7267270" lon="12.2563400">
        <ele>1183.00</ele>
      </trkpt>
      <trkpt lat="46.7265880" lon="12.2564300">
        <ele>1182.75</ele>
      </trkpt>
      <trkpt lat="46.7265160" lon="12.2564570">
        <ele>1182.75</ele>
      </trkpt>
      <trkpt lat="46.7262760" lon="12.2565480">
        <ele>1183.00</ele>
      </trkpt>
      <trkpt lat="46.7256880" lon="12.2566120">
        <ele>1186.00</ele>
      </trkpt>
      <trkpt lat="46.7256310" lon="12.2566390">
        <ele>1186.25</ele>
      </trkpt>
      <trkpt lat="46.7255950" lon="12.2566930">
        <ele>1186.50</ele>
      </trkpt>
      <trkpt lat="46.7255870" lon="12.2568020">
        <ele>1186.75</ele>
      </trkpt>
      <trkpt lat="46.7255880" lon="12.2570330">
        <ele>1186.25</ele>
      </trkpt>
      <trkpt lat="46.7256230" lon="12.2573840">
        <ele>1185.75</ele>
      </trkpt>
      <trkpt lat="46.7256900" lon="12.2578060">
        <ele>1185.00</ele>
      </trkpt>
      <trkpt lat="46.7257870" lon="12.2580970">
        <ele>1184.25</ele>
      </trkpt>
      <trkpt lat="46.7259800" lon="12.2585240">
        <ele>1182.75</ele>
      </trkpt>
      <trkpt lat="46.7260790" lon="12.2588330">
        <ele>1182.75</ele>
      </trkpt>
      <trkpt lat="46.7261960" lon="12.2594100">
        <ele>1182.25</ele>
      </trkpt>
      <trkpt lat="46.7262850" lon="12.2596930">
        <ele>1181.75</ele>
      </trkpt>
      <trkpt lat="46.7264300" lon="12.2600700">
        <ele>1181.75</ele>
      </trkpt>
      <trkpt lat="46.7265830" lon="12.2604220">
        <ele>1181.25</ele>
      </trkpt>
      <trkpt lat="46.7267710" lon="12.2609550">
        <ele>1180.50</ele>
      </trkpt>
      <trkpt lat="46.7269020" lon="12.2612240">
        <ele>1180.25</ele>
      </trkpt>
      <trkpt lat="46.7271020" lon="12.2615660">
        <ele>1180.25</ele>
      </trkpt>
      <trkpt lat="46.7275290" lon="12.2620640">
        <ele>1180.50</ele>
      </trkpt>
      <trkpt lat="46.7277610" lon="12.2624270">
        <ele>1180.50</ele>
      </trkpt>
      <trkpt lat="46.7281630" lon="12.2628880">
        <ele>1180.50</ele>
      </trkpt>
      <trkpt lat="46.7283230" lon="12.2630550">
        <ele>1180.00</ele>
      </trkpt>
      <trkpt lat="46.7287190" lon="12.2634270">
        <ele>1179.50</ele>
      </trkpt>
      <trkpt lat="46.7289190" lon="12.2636290">
        <ele>1178.50</ele>
      </trkpt>
      <trkpt lat="46.7290310" lon="12.2638170">
        <ele>1177.75</ele>
      </trkpt>
      <trkpt lat="46.7291110" lon="12.2640190">
        <ele>1177.75</ele>
      </trkpt>
      <trkpt lat="46.7291840" lon="12.2641070">
        <ele>1177.50</ele>
      </trkpt>
      <trkpt lat="46.7293270" lon="12.2646340">
        <ele>1177.25</ele>
      </trkpt>
      <trkpt lat="46.7294160" lon="12.2650020">
        <ele>1177.00</ele>
      </trkpt>
      <trkpt lat="46.7295310" lon="12.2654590">
        <ele>1177.50</ele>
      </trkpt>
      <trkpt lat="46.7298490" lon="12.2672960">
        <ele>1176.75</ele>
      </trkpt>
      <trkpt lat="46.7298700" lon="12.2674750">
        <ele>1176.50</ele>
      </trkpt>
      <trkpt lat="46.7298900" lon="12.2674990">
        <ele>1176.25</ele>
      </trkpt>
      <trkpt lat="46.7299810" lon="12.2675820">
        <ele>1176.25</ele>
      </trkpt>
      <trkpt lat="46.7300840" lon="12.2676800">
        <ele>1176.75</ele>
      </trkpt>
      <trkpt lat="46.7301810" lon="12.2678930">
        <ele>1176.50</ele>
      </trkpt>
      <trkpt lat="46.7302410" lon="12.2679480">
        <ele>1176.75</ele>
      </trkpt>
      <trkpt lat="46.7303460" lon="12.2679580">
        <ele>1177.00</ele>
      </trkpt>
      <trkpt lat="46.7303910" lon="12.2679970">
        <ele>1177.00</ele>
      </trkpt>
      <trkpt lat="46.7307720" lon="12.2691930">
        <ele>1176.00</ele>
      </trkpt>
      <trkpt lat="46.7309200" lon="12.2696070">
        <ele>1176.00</ele>
      </trkpt>
      <trkpt lat="46.7311810" lon="12.2703050">
        <ele>1176.00</ele>
      </trkpt>
      <trkpt lat="46.7313540" lon="12.2707660">
        <ele>1176.00</ele>
      </trkpt>
      <trkpt lat="46.7315360" lon="12.2711580">
        <ele>1175.75</ele>
      </trkpt>
      <trkpt lat="46.7318550" lon="12.2719040">
        <ele>1175.25</ele>
      </trkpt>
      <trkpt lat="46.7320470" lon="12.2717260">
        <ele>1176.00</ele>
      </trkpt>
      <trkpt lat="46.7320890" lon="12.2716870">
        <ele>1176.00</ele>
      </trkpt>
      <trkpt lat="46.7321770" lon="12.2717930">
        <ele>1176.00</ele>
      </trkpt>
      <trkpt lat="46.7321920" lon="12.2718220">
        <ele>1176.00</ele>
      </trkpt>
      <trkpt lat="46.7323190" lon="12.2720610">
        <ele>1175.25</ele>
      </trkpt>
      <trkpt lat="46.7324650" lon="12.2723790">
        <ele>1175.50</ele>
      </trkpt>
      <trkpt lat="46.7324940" lon="12.2724400">
        <ele>1175.75</ele>
      </trkpt>
      <trkpt lat="46.7325450" lon="12.2725570">
        <ele>1175.50</ele>
      </trkpt>
      <trkpt lat="46.7326080" lon="12.2727080">
        <ele>1175.00</ele>
      </trkpt>
      <trkpt lat="46.7326440" lon="12.2727990">
        <ele>1175.00</ele>
      </trkpt>
      <trkpt lat="46.7328680" lon="12.2733710">
        <ele>1175.50</ele>
      </trkpt>
      <trkpt lat="46.7330340" lon="12.2738480">
        <ele>1175.75</ele>
      </trkpt>
      <trkpt lat="46.7335300" lon="12.2754820">
        <ele>1175.25</ele>
      </trkpt>
      <trkpt lat="46.7336870" lon="12.2760110">
        <ele>1175.50</ele>
      </trkpt>
      <trkpt lat="46.7336940" lon="12.2760720">
        <ele>1175.25</ele>
      </trkpt>
      <trkpt lat="46.7337010" lon="12.2761640">
        <ele>1175.00</ele>
      </trkpt>
      <trkpt lat="46.7337890" lon="12.2762740">
        <ele>1175.25</ele>
      </trkpt>
      <trkpt lat="46.7341970" lon="12.2770930">
        <ele>1175.50</ele>
      </trkpt>
      <trkpt lat="46.7342480" lon="12.2772140">
        <ele>1175.50</ele>
      </trkpt>
      <trkpt lat="46.7342990" lon="12.2773710">
        <ele>1175.50</ele>
      </trkpt>
      <trkpt lat="46.7343230" lon="12.2775150">
        <ele>1175.50</ele>
      </trkpt>
      <trkpt lat="46.7343180" lon="12.2776400">
        <ele>1175.50</ele>
      </trkpt>
      <trkpt lat="46.7342940" lon="12.2777810">
        <ele>1175.25</ele>
      </trkpt>
      <trkpt lat="46.7342520" lon="12.2779210">
        <ele>1174.25</ele>
      </trkpt>
      <trkpt lat="46.7342150" lon="12.2780090">
        <ele>1174.00</ele>
      </trkpt>
      <trkpt lat="46.7341240" lon="12.2782160">
        <ele>1173.75</ele>
      </trkpt>
      <trkpt lat="46.7341150" lon="12.2782380">
        <ele>1173.50</ele>
      </trkpt>
      <trkpt lat="46.7341040" lon="12.2782660">
        <ele>1173.50</ele>
      </trkpt>
      <trkpt lat="46.7340660" lon="12.2783570">
        <ele>1173.00</ele>
      </trkpt>
      <trkpt lat="46.7339660" lon="12.2786200">
        <ele>1173.00</ele>
      </trkpt>
      <trkpt lat="46.7339220" lon="12.2787430">
        <ele>1173.25</ele>
      </trkpt>
      <trkpt lat="46.7338780" lon="12.2788520">
        <ele>1173.75</ele>
      </trkpt>
      <trkpt lat="46.7338790" lon="12.2788970">
        <ele>1173.75</ele>
      </trkpt>
      <trkpt lat="46.7339000" lon="12.2789450">
        <ele>1173.75</ele>
      </trkpt>
      <trkpt lat="46.7339940" lon="12.2790480">
        <ele>1173.00</ele>
      </trkpt>
      <trkpt lat="46.7340950" lon="12.2792080">
        <ele>1172.25</ele>
      </trkpt>
      <trkpt lat="46.7341370" lon="12.2793070">
        <ele>1172.50</ele>
      </trkpt>
      <trkpt lat="46.7343470" lon="12.2798980">
        <ele>1171.75</ele>
      </trkpt>
      <trkpt lat="46.7345250" lon="12.2804090">
        <ele>1172.25</ele>
      </trkpt>
      <trkpt lat="46.7345740" lon="12.2806580">
        <ele>1172.00</ele>
      </trkpt>
      <trkpt lat="46.7346900" lon="12.2811880">
        <ele>1171.25</ele>
      </trkpt>
      <trkpt lat="46.7347090" lon="12.2813200">
        <ele>1171.50</ele>
      </trkpt>
      <trkpt lat="46.7347070" lon="12.2814470">
        <ele>1171.50</ele>
      </trkpt>
      <trkpt lat="46.7346730" lon="12.2815690">
        <ele>1171.00</ele>
      </trkpt>
      <trkpt lat="46.7346270" lon="12.2816490">
        <ele>1170.50</ele>
      </trkpt>
      <trkpt lat="46.7345710" lon="12.2817080">
        <ele>1170.25</ele>
      </trkpt>
      <trkpt lat="46.7344400" lon="12.2818250">
        <ele>1170.50</ele>
      </trkpt>
      <trkpt lat="46.7343950" lon="12.2818650">
        <ele>1170.75</ele>
      </trkpt>
      <trkpt lat="46.7343030" lon="12.2819470">
        <ele>1171.00</ele>
      </trkpt>
      <trkpt lat="46.7342750" lon="12.2820020">
        <ele>1171.00</ele>
      </trkpt>
      <trkpt lat="46.7342580" lon="12.2820620">
        <ele>1171.00</ele>
      </trkpt>
      <trkpt lat="46.7341800" lon="12.2825550">
        <ele>1169.75</ele>
      </trkpt>
      <trkpt lat="46.7341590" lon="12.2826070">
        <ele>1170.00</ele>
      </trkpt>
      <trkpt lat="46.7341070" lon="12.2826370">
        <ele>1170.00</ele>
      </trkpt>
      <trkpt lat="46.7339820" lon="12.2826460">
        <ele>1170.25</ele>
      </trkpt>
      <trkpt lat="46.7339590" lon="12.2826740">
        <ele>1170.25</ele>
      </trkpt>
      <trkpt lat="46.7339510" lon="12.2827390">
        <ele>1170.00</ele>
      </trkpt>
      <trkpt lat="46.7340410" lon="12.2833060">
        <ele>1169.50</ele>
      </trkpt>
      <trkpt lat="46.7341300" lon="12.2837600">
        <ele>1169.00</ele>
      </trkpt>
      <trkpt lat="46.7341800" lon="12.2839780">
        <ele>1169.25</ele>
      </trkpt>
      <trkpt lat="46.7343630" lon="12.2846070">
        <ele>1168.25</ele>
      </trkpt>
      <trkpt lat="46.7346920" lon="12.2854910">
        <ele>1168.50</ele>
      </trkpt>
      <trkpt lat="46.7347070" lon="12.2855300">
        <ele>1168.75</ele>
      </trkpt>
      <trkpt lat="46.7348050" lon="12.2857900">
        <ele>1166.75</ele>
      </trkpt>
      <trkpt lat="46.7348320" lon="12.2858630">
        <ele>1166.75</ele>
      </trkpt>
      <trkpt lat="46.7348440" lon="12.2858980">
        <ele>1167.00</ele>
      </trkpt>
      <trkpt lat="46.7350320" lon="12.2864090">
        <ele>1168.25</ele>
      </trkpt>
      <trkpt lat="46.7351140" lon="12.2866740">
        <ele>1169.00</ele>
      </trkpt>
      <trkpt lat="46.7351360" lon="12.2868010">
        <ele>1169.50</ele>
      </trkpt>
      <trkpt lat="46.7352030" lon="12.2868200">
        <ele>1170.50</ele>
      </trkpt>
      <trkpt lat="46.7353130" lon="12.2868550">
        <ele>1172.00</ele>
      </trkpt>
      <trkpt lat="46.7354810" lon="12.2869290">
        <ele>1173.50</ele>
      </trkpt>
      <trkpt lat="46.7356910" lon="12.2870250">
        <ele>1175.50</ele>
      </trkpt>
      <trkpt lat="46.7357440" lon="12.2870510">
        <ele>1176.00</ele>
      </trkpt>
      <trkpt lat="46.7358050" lon="12.2870840">
        <ele>1176.75</ele>
      </trkpt>
      <trkpt lat="46.7356730" lon="12.2877000">
        <ele>1181.00</ele>
      </trkpt>
      <trkpt lat="46.7356480" lon="12.2878590">
        <ele>1181.50</ele>
      </trkpt>
      <trkpt lat="46.7355830" lon="12.2878720">
        <ele>1180.25</ele>
      </trkpt>
      <trkpt lat="46.7351630" lon="12.2885880">
        <ele>1180.00</ele>
      </trkpt>
      <trkpt lat="46.7344960" lon="12.2897290">
        <ele>1178.75</ele>
      </trkpt>
      <trkpt lat="46.7343250" lon="12.2900790">
        <ele>1178.50</ele>
      </trkpt>
      <trkpt lat="46.7342220" lon="12.2903120">
        <ele>1178.50</ele>
      </trkpt>
      <trkpt lat="46.7341360" lon="12.2905420">
        <ele>1178.00</ele>
      </trkpt>
      <trkpt lat="46.7340360" lon="12.2908670">
        <ele>1176.75</ele>
      </trkpt>
      <trkpt lat="46.7339680" lon="12.2911440">
        <ele>1176.75</ele>
      </trkpt>
      <trkpt lat="46.7338600" lon="12.2916960">
        <ele>1176.50</ele>
      </trkpt>
      <trkpt lat="46.7338110" lon="12.2920640">
        <ele>1176.25</ele>
      </trkpt>
      <trkpt lat="46.7337320" lon="12.2930180">
        <ele>1175.50</ele>
      </trkpt>
      <trkpt lat="46.7337070" lon="12.2934670">
        <ele>1176.00</ele>
      </trkpt>
      <trkpt lat="46.7336210" lon="12.2944540">
        <ele>1176.00</ele>
      </trkpt>
      <trkpt lat="46.7335740" lon="12.2952290">
        <ele>1176.25</ele>
      </trkpt>
      <trkpt lat="46.7335310" lon="12.2957920">
        <ele>1176.50</ele>
      </trkpt>
      <trkpt lat="46.7334620" lon="12.2966620">
        <ele>1175.25</ele>
      </trkpt>
      <trkpt lat="46.7334230" lon="12.2970530">
        <ele>1174.75</ele>
      </trkpt>
      <trkpt lat="46.7333430" lon="12.2976260">
        <ele>1174.00</ele>
      </trkpt>
      <trkpt lat="46.7332350" lon="12.2981900">
        <ele>1173.00</ele>
      </trkpt>
      <trkpt lat="46.7331300" lon="12.2986270">
        <ele>1174.25</ele>
      </trkpt>
      <trkpt lat="46.7330650" lon="12.2988550">
        <ele>1174.00</ele>
      </trkpt>
      <trkpt lat="46.7329840" lon="12.2990910">
        <ele>1173.50</ele>
      </trkpt>
      <trkpt lat="46.7328390" lon="12.2995020">
        <ele>1173.00</ele>
      </trkpt>
      <trkpt lat="46.7327140" lon="12.2998190">
        <ele>1172.75</ele>
      </trkpt>
      <trkpt lat="46.7323580" lon="12.3005740">
        <ele>1171.50</ele>
      </trkpt>
      <trkpt lat="46.7314040" lon="12.3023810">
        <ele>1170.75</ele>
      </trkpt>
      <trkpt lat="46.7312680" lon="12.3026570">
        <ele>1170.00</ele>
      </trkpt>
      <trkpt lat="46.7311790" lon="12.3028580">
        <ele>1169.75</ele>
      </trkpt>
      <trkpt lat="46.7310950" lon="12.3030690">
        <ele>1169.50</ele>
      </trkpt>
      <trkpt lat="46.7309910" lon="12.3033540">
        <ele>1168.75</ele>
      </trkpt>
      <trkpt lat="46.7309050" lon="12.3036100">
        <ele>1168.25</ele>
      </trkpt>
      <trkpt lat="46.7307850" lon="12.3040380">
        <ele>1167.75</ele>
      </trkpt>
      <trkpt lat="46.7306660" lon="12.3045350">
        <ele>1167.50</ele>
      </trkpt>
      <trkpt lat="46.7306300" lon="12.3048800">
        <ele>1167.25</ele>
      </trkpt>
      <trkpt lat="46.7306380" lon="12.3054930">
        <ele>1168.00</ele>
      </trkpt>
      <trkpt lat="46.7306350" lon="12.3056950">
        <ele>1168.00</ele>
      </trkpt>
      <trkpt lat="46.7306170" lon="12.3059300">
        <ele>1167.75</ele>
      </trkpt>
      <trkpt lat="46.7306040" lon="12.3059990">
        <ele>1167.75</ele>
      </trkpt>
      <trkpt lat="46.7305600" lon="12.3060560">
        <ele>1167.00</ele>
      </trkpt>
      <trkpt lat="46.7305190" lon="12.3060790">
        <ele>1166.50</ele>
      </trkpt>
      <trkpt lat="46.7304830" lon="12.3061500">
        <ele>1166.00</ele>
      </trkpt>
      <trkpt lat="46.7304690" lon="12.3062780">
        <ele>1166.00</ele>
      </trkpt>
      <trkpt lat="46.7304540" lon="12.3068630">
        <ele>1165.25</ele>
      </trkpt>
      <trkpt lat="46.7304650" lon="12.3074260">
        <ele>1166.00</ele>
      </trkpt>
      <trkpt lat="46.7304530" lon="12.3079620">
        <ele>1164.25</ele>
      </trkpt>
      <trkpt lat="46.7304850" lon="12.3079990">
        <ele>1164.75</ele>
      </trkpt>
      <trkpt lat="46.7305110" lon="12.3080400">
        <ele>1165.00</ele>
      </trkpt>
      <trkpt lat="46.7304980" lon="12.3084550">
        <ele>1162.50</ele>
      </trkpt>
      <trkpt lat="46.7304910" lon="12.3090620">
        <ele>1160.75</ele>
      </trkpt>
      <trkpt lat="46.7304740" lon="12.3094570">
        <ele>1160.50</ele>
      </trkpt>
      <trkpt lat="46.7304260" lon="12.3102160">
        <ele>1159.75</ele>
      </trkpt>
      <trkpt lat="46.7304120" lon="12.3103560">
        <ele>1159.00</ele>
      </trkpt>
      <trkpt lat="46.7304040" lon="12.3104410">
        <ele>1158.75</ele>
      </trkpt>
      <trkpt lat="46.7303800" lon="12.3107080">
        <ele>1158.00</ele>
      </trkpt>
      <trkpt lat="46.7303310" lon="12.3108720">
        <ele>1157.00</ele>
      </trkpt>
      <trkpt lat="46.7302050" lon="12.3111530">
        <ele>1157.00</ele>
      </trkpt>
      <trkpt lat="46.7301680" lon="12.3112710">
        <ele>1156.75</ele>
      </trkpt>
      <trkpt lat="46.7301350" lon="12.3114570">
        <ele>1156.75</ele>
      </trkpt>
      <trkpt lat="46.7301010" lon="12.3116960">
        <ele>1157.50</ele>
      </trkpt>
      <trkpt lat="46.7300650" lon="12.3120650">
        <ele>1156.75</ele>
      </trkpt>
      <trkpt lat="46.7300510" lon="12.3127340">
        <ele>1156.50</ele>
      </trkpt>
      <trkpt lat="46.7300690" lon="12.3134290">
        <ele>1155.50</ele>
      </trkpt>
      <trkpt lat="46.7300730" lon="12.3143070">
        <ele>1154.25</ele>
      </trkpt>
      <trkpt lat="46.7300510" lon="12.3148110">
        <ele>1153.25</ele>
      </trkpt>
      <trkpt lat="46.7299900" lon="12.3152910">
        <ele>1151.75</ele>
      </trkpt>
      <trkpt lat="46.7297180" lon="12.3167420">
        <ele>1150.00</ele>
      </trkpt>
      <trkpt lat="46.7296510" lon="12.3171750">
        <ele>1149.50</ele>
      </trkpt>
      <trkpt lat="46.7296210" lon="12.3177090">
        <ele>1149.25</ele>
      </trkpt>
      <trkpt lat="46.7296520" lon="12.3182520">
        <ele>1149.00</ele>
      </trkpt>
      <trkpt lat="46.7297310" lon="12.3187560">
        <ele>1146.75</ele>
      </trkpt>
      <trkpt lat="46.7298030" lon="12.3190650">
        <ele>1147.50</ele>
      </trkpt>
      <trkpt lat="46.7298800" lon="12.3193260">
        <ele>1146.50</ele>
      </trkpt>
      <trkpt lat="46.7301630" lon="12.3199550">
        <ele>1146.00</ele>
      </trkpt>
      <trkpt lat="46.7302410" lon="12.3202350">
        <ele>1145.50</ele>
      </trkpt>
      <trkpt lat="46.7302910" lon="12.3203650">
        <ele>1146.00</ele>
      </trkpt>
      <trkpt lat="46.7305200" lon="12.3207820">
        <ele>1150.25</ele>
      </trkpt>
      <trkpt lat="46.7305640" lon="12.3208820">
        <ele>1150.25</ele>
      </trkpt>
      <trkpt lat="46.7306050" lon="12.3210170">
        <ele>1149.25</ele>
      </trkpt>
      <trkpt lat="46.7308060" lon="12.3219440">
        <ele>1146.50</ele>
      </trkpt>
      <trkpt lat="46.7308920" lon="12.3223010">
        <ele>1145.75</ele>
      </trkpt>
      <trkpt lat="46.7310360" lon="12.3228790">
        <ele>1146.50</ele>
      </trkpt>
      <trkpt lat="46.7313750" lon="12.3241430">
        <ele>1147.00</ele>
      </trkpt>
      <trkpt lat="46.7313950" lon="12.3242230">
        <ele>1146.50</ele>
      </trkpt>
      <trkpt lat="46.7316940" lon="12.3251290">
        <ele>1144.75</ele>
      </trkpt>
      <trkpt lat="46.7319130" lon="12.3257130">
        <ele>1142.50</ele>
      </trkpt>
      <trkpt lat="46.7320990" lon="12.3261840">
        <ele>1138.75</ele>
      </trkpt>
      <trkpt lat="46.7321500" lon="12.3263090">
        <ele>1137.50</ele>
      </trkpt>
      <trkpt lat="46.7323610" lon="12.3269250">
        <ele>1139.50</ele>
      </trkpt>
      <trkpt lat="46.7324520" lon="12.3272610">
        <ele>1139.25</ele>
      </trkpt>
      <trkpt lat="46.7325180" lon="12.3275920">
        <ele>1138.75</ele>
      </trkpt>
      <trkpt lat="46.7325420" lon="12.3278400">
        <ele>1138.25</ele>
      </trkpt>
      <trkpt lat="46.7325640" lon="12.3282200">
        <ele>1137.50</ele>
      </trkpt>
      <trkpt lat="46.7325870" lon="12.3294480">
        <ele>1137.50</ele>
      </trkpt>
      <trkpt lat="46.7326480" lon="12.3305990">
        <ele>1136.00</ele>
      </trkpt>
      <trkpt lat="46.7326900" lon="12.3310190">
        <ele>1134.50</ele>
      </trkpt>
      <trkpt lat="46.7328240" lon="12.3318050">
        <ele>1131.75</ele>
      </trkpt>
      <trkpt lat="46.7329740" lon="12.3325710">
        <ele>1130.50</ele>
      </trkpt>
      <trkpt lat="46.7330260" lon="12.3329120">
        <ele>1130.00</ele>
      </trkpt>
      <trkpt lat="46.7330990" lon="12.3336560">
        <ele>1130.00</ele>
      </trkpt>
      <trkpt lat="46.7331590" lon="12.3341380">
        <ele>1130.00</ele>
      </trkpt>
      <trkpt lat="46.7332000" lon="12.3346360">
        <ele>1130.25</ele>
      </trkpt>
      <trkpt lat="46.7332280" lon="12.3350500">
        <ele>1130.25</ele>
      </trkpt>
      <trkpt lat="46.7332790" lon="12.3362150">
        <ele>1129.00</ele>
      </trkpt>
      <trkpt lat="46.7332930" lon="12.3364270">
        <ele>1129.00</ele>
      </trkpt>
      <trkpt lat="46.7333150" lon="12.3365950">
        <ele>1129.00</ele>
      </trkpt>
      <trkpt lat="46.7333540" lon="12.3367670">
        <ele>1128.50</ele>
      </trkpt>
      <trkpt lat="46.7335090" lon="12.3371330">
        <ele>1129.00</ele>
      </trkpt>
      <trkpt lat="46.7336060" lon="12.3373660">
        <ele>1128.75</ele>
      </trkpt>
      <trkpt lat="46.7336700" lon="12.3377040">
        <ele>1128.25</ele>
      </trkpt>
      <trkpt lat="46.7336880" lon="12.3378820">
        <ele>1128.00</ele>
      </trkpt>
      <trkpt lat="46.7339970" lon="12.3397990">
        <ele>1126.50</ele>
      </trkpt>
      <trkpt lat="46.7345710" lon="12.3432390">
        <ele>1125.00</ele>
      </trkpt>
      <trkpt lat="46.7348640" lon="12.3451200">
        <ele>1124.25</ele>
      </trkpt>
      <trkpt lat="46.7349850" lon="12.3457540">
        <ele>1125.25</ele>
      </trkpt>
      <trkpt lat="46.7351490" lon="12.3468050">
        <ele>1123.75</ele>
      </trkpt>
      <trkpt lat="46.7353330" lon="12.3478870">
        <ele>1123.50</ele>
      </trkpt>
      <trkpt lat="46.7354040" lon="12.3481890">
        <ele>1123.25</ele>
      </trkpt>
      <trkpt lat="46.7354900" lon="12.3485240">
        <ele>1123.25</ele>
      </trkpt>
      <trkpt lat="46.7356090" lon="12.3489140">
        <ele>1122.50</ele>
      </trkpt>
      <trkpt lat="46.7357270" lon="12.3492620">
        <ele>1122.25</ele>
      </trkpt>
      <trkpt lat="46.7358530" lon="12.3495780">
        <ele>1122.25</ele>
      </trkpt>
      <trkpt lat="46.7371590" lon="12.3525740">
        <ele>1121.25</ele>
      </trkpt>
      <trkpt lat="46.7375030" lon="12.3535300">
        <ele>1121.50</ele>
      </trkpt>
      <trkpt lat="46.7375780" lon="12.3537970">
        <ele>1121.00</ele>
      </trkpt>
      <trkpt lat="46.7376440" lon="12.3540640">
        <ele>1120.50</ele>
      </trkpt>
      <trkpt lat="46.7377830" lon="12.3547180">
        <ele>1121.75</ele>
      </trkpt>
      <trkpt lat="46.7378260" lon="12.3550450">
        <ele>1120.75</ele>
      </trkpt>
      <trkpt lat="46.7378510" lon="12.3553520">
        <ele>1120.50</ele>
      </trkpt>
      <trkpt lat="46.7378770" lon="12.3557780">
        <ele>1120.00</ele>
      </trkpt>
      <trkpt lat="46.7379070" lon="12.3564350">
        <ele>1120.00</ele>
      </trkpt>
      <trkpt lat="46.7379270" lon="12.3565710">
        <ele>1120.00</ele>
      </trkpt>
      <trkpt lat="46.7379750" lon="12.3566610">
        <ele>1120.00</ele>
      </trkpt>
      <trkpt lat="46.7380320" lon="12.3567440">
        <ele>1120.25</ele>
      </trkpt>
      <trkpt lat="46.7381950" lon="12.3569370">
        <ele>1120.25</ele>
      </trkpt>
      <trkpt lat="46.7383990" lon="12.3571070">
        <ele>1120.00</ele>
      </trkpt>
      <trkpt lat="46.7385980" lon="12.3572620">
        <ele>1120.75</ele>
      </trkpt>
      <trkpt lat="46.7389780" lon="12.3574510">
        <ele>1122.00</ele>
      </trkpt>
      <trkpt lat="46.7390420" lon="12.3574740">
        <ele>1122.25</ele>
      </trkpt>
      <trkpt lat="46.7390760" lon="12.3574930">
        <ele>1122.50</ele>
      </trkpt>
      <trkpt lat="46.7390770" lon="12.3577260">
        <ele>1123.00</ele>
      </trkpt>
      <trkpt lat="46.7390720" lon="12.3578310">
        <ele>1123.25</ele>
      </trkpt>
      <trkpt lat="46.7390640" lon="12.3578760">
        <ele>1123.25</ele>
      </trkpt>
      <trkpt lat="46.7389020" lon="12.3585090">
        <ele>1123.50</ele>
      </trkpt>
      <trkpt lat="46.7387980" lon="12.3588880">
        <ele>1123.25</ele>
      </trkpt>
      <trkpt lat="46.7387380" lon="12.3591480">
        <ele>1123.25</ele>
      </trkpt>
      <trkpt lat="46.7387240" lon="12.3593080">
        <ele>1123.25</ele>
      </trkpt>
      <trkpt lat="46.7387260" lon="12.3596390">
        <ele>1123.25</ele>
      </trkpt>
      <trkpt lat="46.7387220" lon="12.3597690">
        <ele>1123.25</ele>
      </trkpt>
      <trkpt lat="46.7387070" lon="12.3598430">
        <ele>1123.25</ele>
      </trkpt>
      <trkpt lat="46.7387030" lon="12.3598960">
        <ele>1123.50</ele>
      </trkpt>
      <trkpt lat="46.7387070" lon="12.3599770">
        <ele>1123.50</ele>
      </trkpt>
      <trkpt lat="46.7387330" lon="12.3600840">
        <ele>1123.50</ele>
      </trkpt>
      <trkpt lat="46.7387670" lon="12.3601580">
        <ele>1123.50</ele>
      </trkpt>
      <trkpt lat="46.7388160" lon="12.3602210">
        <ele>1123.50</ele>
      </trkpt>
      <trkpt lat="46.7391000" lon="12.3604080">
        <ele>1125.00</ele>
      </trkpt>
      <trkpt lat="46.7394040" lon="12.3605800">
        <ele>1126.75</ele>
      </trkpt>
      <trkpt lat="46.7392450" lon="12.3614030">
        <ele>1124.75</ele>
      </trkpt>
      <trkpt lat="46.7392520" lon="12.3615100">
        <ele>1124.25</ele>
      </trkpt>
      <trkpt lat="46.7392930" lon="12.3615770">
        <ele>1124.25</ele>
      </trkpt>
      <trkpt lat="46.7394970" lon="12.3617450">
        <ele>1125.00</ele>
      </trkpt>
      <trkpt lat="46.7396350" lon="12.3619310">
        <ele>1124.75</ele>
      </trkpt>
      <trkpt lat="46.7396970" lon="12.3620200">
        <ele>1124.50</ele>
      </trkpt>
      <trkpt lat="46.7397310" lon="12.3621000">
        <ele>1124.25</ele>
      </trkpt>
      <trkpt lat="46.7397360" lon="12.3622320">
        <ele>1123.75</ele>
      </trkpt>
      <trkpt lat="46.7395940" lon="12.3626930">
        <ele>1121.25</ele>
      </trkpt>
      <trkpt lat="46.7394050" lon="12.3630020">
        <ele>1119.75</ele>
      </trkpt>
      <trkpt lat="46.7393560" lon="12.3631150">
        <ele>1119.25</ele>
      </trkpt>
      <trkpt lat="46.7393360" lon="12.3632010">
        <ele>1118.75</ele>
      </trkpt>
      <trkpt lat="46.7393390" lon="12.3632640">
        <ele>1118.50</ele>
      </trkpt>
      <trkpt lat="46.7393950" lon="12.3637390">
        <ele>1117.75</ele>
      </trkpt>
      <trkpt lat="46.7394910" lon="12.3645360">
        <ele>1116.50</ele>
      </trkpt>
      <trkpt lat="46.7399380" lon="12.3659700">
        <ele>1115.00</ele>
      </trkpt>
      <trkpt lat="46.7400060" lon="12.3662640">
        <ele>1114.25</ele>
      </trkpt>
      <trkpt lat="46.7400530" lon="12.3665100">
        <ele>1114.00</ele>
      </trkpt>
      <trkpt lat="46.7401080" lon="12.3668880">
        <ele>1114.00</ele>
      </trkpt>
      <trkpt lat="46.7401440" lon="12.3672900">
        <ele>1114.00</ele>
      </trkpt>
      <trkpt lat="46.7401740" lon="12.3679790">
        <ele>1113.50</ele>
      </trkpt>
      <trkpt lat="46.7401800" lon="12.3680470">
        <ele>1113.50</ele>
      </trkpt>
      <trkpt lat="46.7401970" lon="12.3680660">
        <ele>1113.50</ele>
      </trkpt>
      <trkpt lat="46.7402140" lon="12.3680860">
        <ele>1113.50</ele>
      </trkpt>
      <trkpt lat="46.7403710" lon="12.3682070">
        <ele>1113.50</ele>
      </trkpt>
      <trkpt lat="46.7404640" lon="12.3682610">
        <ele>1113.75</ele>
      </trkpt>
      <trkpt lat="46.7405350" lon="12.3683310">
        <ele>1113.75</ele>
      </trkpt>
      <trkpt lat="46.7406530" lon="12.3687170">
        <ele>1116.25</ele>
      </trkpt>
      <trkpt lat="46.7406650" lon="12.3688160">
        <ele>1115.75</ele>
      </trkpt>
      <trkpt lat="46.7406780" lon="12.3689000">
        <ele>1115.50</ele>
      </trkpt>
      <trkpt lat="46.7407040" lon="12.3689780">
        <ele>1115.00</ele>
      </trkpt>
      <trkpt lat="46.7407380" lon="12.3690460">
        <ele>1114.75</ele>
      </trkpt>
      <trkpt lat="46.7407790" lon="12.3691510">
        <ele>1114.75</ele>
      </trkpt>
      <trkpt lat="46.7409830" lon="12.3697070">
        <ele>1116.00</ele>
      </trkpt>
      <trkpt lat="46.7408350" lon="12.3699150">
        <ele>1114.25</ele>
      </trkpt>
      <trkpt lat="46.7407920" lon="12.3700140">
        <ele>1113.50</ele>
      </trkpt>
      <trkpt lat="46.7407870" lon="12.3701720">
        <ele>1113.50</ele>
      </trkpt>
      <trkpt lat="46.7408290" lon="12.3704460">
        <ele>1113.25</ele>
      </trkpt>
      <trkpt lat="46.7412190" lon="12.3721800">
        <ele>1109.00</ele>
      </trkpt>
      <trkpt lat="46.7413370" lon="12.3724800">
        <ele>1111.25</ele>
      </trkpt>
      <trkpt lat="46.7413660" lon="12.3725880">
        <ele>1111.50</ele>
      </trkpt>
      <trkpt lat="46.7413370" lon="12.3726000">
        <ele>1111.25</ele>
      </trkpt>
      <trkpt lat="46.7412850" lon="12.3726250">
        <ele>1110.75</ele>
      </trkpt>
      <trkpt lat="46.7411020" lon="12.3727020">
        <ele>1110.25</ele>
      </trkpt>
      <trkpt lat="46.7410500" lon="12.3727400">
        <ele>1110.75</ele>
      </trkpt>
      <trkpt lat="46.7410290" lon="12.3728000">
        <ele>1110.75</ele>
      </trkpt>
      <trkpt lat="46.7410220" lon="12.3728620">
        <ele>1110.75</ele>
      </trkpt>
      <trkpt lat="46.7410760" lon="12.3729140">
        <ele>1110.50</ele>
      </trkpt>
      <trkpt lat="46.7411140" lon="12.3731300">
        <ele>1109.50</ele>
      </trkpt>
      <trkpt lat="46.7411280" lon="12.3736560">
        <ele>1109.00</ele>
      </trkpt>
      <trkpt lat="46.7411010" lon="12.3741070">
        <ele>1109.00</ele>
      </trkpt>
      <trkpt lat="46.7410190" lon="12.3747210">
        <ele>1108.50</ele>
      </trkpt>
      <trkpt lat="46.7408990" lon="12.3753860">
        <ele>1108.50</ele>
      </trkpt>
      <trkpt lat="46.7408260" lon="12.3758060">
        <ele>1109.00</ele>
      </trkpt>
      <trkpt lat="46.7407520" lon="12.3764090">
        <ele>1108.75</ele>
      </trkpt>
      <trkpt lat="46.7407570" lon="12.3767500">
        <ele>1107.50</ele>
      </trkpt>
      <trkpt lat="46.7407760" lon="12.3771460">
        <ele>1107.75</ele>
      </trkpt>
      <trkpt lat="46.7408070" lon="12.3773850">
        <ele>1108.50</ele>
      </trkpt>
      <trkpt lat="46.7409700" lon="12.3781600">
        <ele>1107.00</ele>
      </trkpt>
      <trkpt lat="46.7410610" lon="12.3783050">
        <ele>1106.75</ele>
      </trkpt>
      <trkpt lat="46.7410950" lon="12.3783860">
        <ele>1106.75</ele>
      </trkpt>
      <trkpt lat="46.7413060" lon="12.3788460">
        <ele>1106.50</ele>
      </trkpt>
      <trkpt lat="46.7415870" lon="12.3793460">
        <ele>1106.25</ele>
      </trkpt>
      <trkpt lat="46.7418310" lon="12.3797360">
        <ele>1105.50</ele>
      </trkpt>
      <trkpt lat="46.7420130" lon="12.3799840">
        <ele>1105.00</ele>
      </trkpt>
      <trkpt lat="46.7422390" lon="12.3802130">
        <ele>1105.00</ele>
      </trkpt>
      <trkpt lat="46.7426170" lon="12.3806600">
        <ele>1105.25</ele>
      </trkpt>
      <trkpt lat="46.7428860" lon="12.3810040">
        <ele>1104.75</ele>
      </trkpt>
      <trkpt lat="46.7431400" lon="12.3813880">
        <ele>1104.50</ele>
      </trkpt>
      <trkpt lat="46.7432610" lon="12.3816390">
        <ele>1104.50</ele>
      </trkpt>
      <trkpt lat="46.7433350" lon="12.3819700">
        <ele>1105.00</ele>
      </trkpt>
      <trkpt lat="46.7433830" lon="12.3823920">
        <ele>1105.25</ele>
      </trkpt>
      <trkpt lat="46.7434790" lon="12.3823880">
        <ele>1105.25</ele>
      </trkpt>
      <trkpt lat="46.7435720" lon="12.3823810">
        <ele>1105.25</ele>
      </trkpt>
      <trkpt lat="46.7436440" lon="12.3823720">
        <ele>1105.25</ele>
      </trkpt>
      <trkpt lat="46.7437170" lon="12.3846100">
        <ele>1102.50</ele>
      </trkpt>
      <trkpt lat="46.7437300" lon="12.3855420">
        <ele>1102.25</ele>
      </trkpt>
      <trkpt lat="46.7437230" lon="12.3859470">
        <ele>1102.00</ele>
      </trkpt>
      <trkpt lat="46.7436820" lon="12.3868750">
        <ele>1103.25</ele>
      </trkpt>
      <trkpt lat="46.7436880" lon="12.3870460">
        <ele>1103.75</ele>
      </trkpt>
      <trkpt lat="46.7436810" lon="12.3871310">
        <ele>1104.00</ele>
      </trkpt>
      <trkpt lat="46.7436310" lon="12.3871570">
        <ele>1103.75</ele>
      </trkpt>
      <trkpt lat="46.7434060" lon="12.3872790">
        <ele>1104.50</ele>
      </trkpt>
      <trkpt lat="46.7433550" lon="12.3873070">
        <ele>1104.50</ele>
      </trkpt>
      <trkpt lat="46.7432380" lon="12.3890940">
        <ele>1101.25</ele>
      </trkpt>
      <trkpt lat="46.7432380" lon="12.3892500">
        <ele>1101.50</ele>
      </trkpt>
      <trkpt lat="46.7432450" lon="12.3893790">
        <ele>1101.50</ele>
      </trkpt>
      <trkpt lat="46.7432770" lon="12.3897820">
        <ele>1101.50</ele>
      </trkpt>
      <trkpt lat="46.7433350" lon="12.3903760">
        <ele>1103.25</ele>
      </trkpt>
      <trkpt lat="46.7433820" lon="12.3907290">
        <ele>1102.25</ele>
      </trkpt>
      <trkpt lat="46.7434210" lon="12.3910250">
        <ele>1101.00</ele>
      </trkpt>
      <trkpt lat="46.7435440" lon="12.3917570">
        <ele>1099.25</ele>
      </trkpt>
      <trkpt lat="46.7436400" lon="12.3921800">
        <ele>1098.25</ele>
      </trkpt>
      <trkpt lat="46.7437460" lon="12.3925480">
        <ele>1096.00</ele>
      </trkpt>
      <trkpt lat="46.7439540" lon="12.3931040">
        <ele>1095.00</ele>
      </trkpt>
      <trkpt lat="46.7440250" lon="12.3933380">
        <ele>1093.50</ele>
      </trkpt>
      <trkpt lat="46.7440720" lon="12.3935850">
        <ele>1092.75</ele>
      </trkpt>
      <trkpt lat="46.7440990" lon="12.3939450">
        <ele>1091.25</ele>
      </trkpt>
      <trkpt lat="46.7440950" lon="12.3941020">
        <ele>1091.25</ele>
      </trkpt>
      <trkpt lat="46.7440150" lon="12.3945610">
        <ele>1090.75</ele>
      </trkpt>
      <trkpt lat="46.7432780" lon="12.3976980">
        <ele>1088.00</ele>
      </trkpt>
      <trkpt lat="46.7432060" lon="12.3982920">
        <ele>1087.75</ele>
      </trkpt>
      <trkpt lat="46.7431640" lon="12.3988520">
        <ele>1088.25</ele>
      </trkpt>
      <trkpt lat="46.7431890" lon="12.3995900">
        <ele>1088.00</ele>
      </trkpt>
      <trkpt lat="46.7432210" lon="12.3998920">
        <ele>1088.00</ele>
      </trkpt>
      <trkpt lat="46.7433430" lon="12.4006440">
        <ele>1087.25</ele>
      </trkpt>
      <trkpt lat="46.7433710" lon="12.4006350">
        <ele>1087.25</ele>
      </trkpt>
      <trkpt lat="46.7435560" lon="12.4005750">
        <ele>1087.00</ele>
      </trkpt>
      <trkpt lat="46.7436030" lon="12.4005590">
        <ele>1087.00</ele>
      </trkpt>
      <trkpt lat="46.7437400" lon="12.4016000">
        <ele>1085.00</ele>
      </trkpt>
      <trkpt lat="46.7438680" lon="12.4022500">
        <ele>1086.75</ele>
      </trkpt>
      <trkpt lat="46.7439860" lon="12.4027220">
        <ele>1084.75</ele>
      </trkpt>
      <trkpt lat="46.7440620" lon="12.4032220">
        <ele>1084.50</ele>
      </trkpt>
      <trkpt lat="46.7441140" lon="12.4036990">
        <ele>1085.50</ele>
      </trkpt>
      <trkpt lat="46.7443480" lon="12.4064470">
        <ele>1082.75</ele>
      </trkpt>
      <trkpt lat="46.7445120" lon="12.4083040">
        <ele>1083.25</ele>
      </trkpt>
      <trkpt lat="46.7449800" lon="12.4105950">
        <ele>1083.75</ele>
      </trkpt>
      <trkpt lat="46.7453370" lon="12.4123430">
        <ele>1082.50</ele>
      </trkpt>
      <trkpt lat="46.7453900" lon="12.4127900">
        <ele>1081.00</ele>
      </trkpt>
      <trkpt lat="46.7454390" lon="12.4134140">
        <ele>1081.00</ele>
      </trkpt>
      <trkpt lat="46.7454830" lon="12.4145990">
        <ele>1081.00</ele>
      </trkpt>
      <trkpt lat="46.7455060" lon="12.4146900">
        <ele>1081.50</ele>
      </trkpt>
      <trkpt lat="46.7455060" lon="12.4147240">
        <ele>1081.75</ele>
      </trkpt>
      <trkpt lat="46.7454920" lon="12.4154450">
        <ele>1080.50</ele>
      </trkpt>
      <trkpt lat="46.7454600" lon="12.4161760">
        <ele>1080.25</ele>
      </trkpt>
      <trkpt lat="46.7454660" lon="12.4167960">
        <ele>1080.25</ele>
      </trkpt>
      <trkpt lat="46.7454800" lon="12.4172800">
        <ele>1080.25</ele>
      </trkpt>
      <trkpt lat="46.7455260" lon="12.4181350">
        <ele>1080.25</ele>
      </trkpt>
      <trkpt lat="46.7455710" lon="12.4185840">
        <ele>1080.00</ele>
      </trkpt>
      <trkpt lat="46.7456020" lon="12.4189240">
        <ele>1079.75</ele>
      </trkpt>
      <trkpt lat="46.7456740" lon="12.4196740">
        <ele>1079.75</ele>
      </trkpt>
      <trkpt lat="46.7457240" lon="12.4198640">
        <ele>1080.25</ele>
      </trkpt>
      <trkpt lat="46.7456950" lon="12.4200720">
        <ele>1080.25</ele>
      </trkpt>
      <trkpt lat="46.7457880" lon="12.4217970">
        <ele>1080.25</ele>
      </trkpt>
      <trkpt lat="46.7458540" lon="12.4224870">
        <ele>1079.75</ele>
      </trkpt>
      <trkpt lat="46.7459410" lon="12.4230710">
        <ele>1079.00</ele>
      </trkpt>
      <trkpt lat="46.7460080" lon="12.4234350">
        <ele>1079.00</ele>
      </trkpt>
      <trkpt lat="46.7461530" lon="12.4240770">
        <ele>1079.25</ele>
      </trkpt>
      <trkpt lat="46.7463690" lon="12.4248710">
        <ele>1080.00</ele>
      </trkpt>
      <trkpt lat="46.7464090" lon="12.4250590">
        <ele>1079.50</ele>
      </trkpt>
      <trkpt lat="46.7470680" lon="12.4278800">
        <ele>1077.50</ele>
      </trkpt>
      <trkpt lat="46.7473750" lon="12.4291470">
        <ele>1077.75</ele>
      </trkpt>
      <trkpt lat="46.7476680" lon="12.4304810">
        <ele>1077.00</ele>
      </trkpt>
      <trkpt lat="46.7477450" lon="12.4310370">
        <ele>1077.75</ele>
      </trkpt>
      <trkpt lat="46.7477770" lon="12.4315790">
        <ele>1078.25</ele>
      </trkpt>
      <trkpt lat="46.7477830" lon="12.4319620">
        <ele>1077.75</ele>
      </trkpt>
      <trkpt lat="46.7477670" lon="12.4322420">
        <ele>1078.00</ele>
      </trkpt>
      <trkpt lat="46.7477430" lon="12.4325220">
        <ele>1077.75</ele>
      </trkpt>
      <trkpt lat="46.7476920" lon="12.4328970">
        <ele>1077.00</ele>
      </trkpt>
      <trkpt lat="46.7476190" lon="12.4333320">
        <ele>1077.00</ele>
      </trkpt>
      <trkpt lat="46.7474690" lon="12.4340420">
        <ele>1077.75</ele>
      </trkpt>
      <trkpt lat="46.7474380" lon="12.4342360">
        <ele>1077.50</ele>
      </trkpt>
      <trkpt lat="46.7474250" lon="12.4344240">
        <ele>1077.25</ele>
      </trkpt>
      <trkpt lat="46.7474230" lon="12.4344500">
        <ele>1077.25</ele>
      </trkpt>
      <trkpt lat="46.7474110" lon="12.4344840">
        <ele>1077.25</ele>
      </trkpt>
      <trkpt lat="46.7473670" lon="12.4346040">
        <ele>1077.00</ele>
      </trkpt>
      <trkpt lat="46.7472790" lon="12.4349320">
        <ele>1077.00</ele>
      </trkpt>
      <trkpt lat="46.7470090" lon="12.4361440">
        <ele>1076.25</ele>
      </trkpt>
      <trkpt lat="46.7470050" lon="12.4362400">
        <ele>1076.75</ele>
      </trkpt>
      <trkpt lat="46.7470310" lon="12.4364930">
        <ele>1077.00</ele>
      </trkpt>
      <trkpt lat="46.7470290" lon="12.4366250">
        <ele>1076.50</ele>
      </trkpt>
      <trkpt lat="46.7463810" lon="12.4397340">
        <ele>1075.00</ele>
      </trkpt>
      <trkpt lat="46.7463180" lon="12.4401220">
        <ele>1075.75</ele>
      </trkpt>
      <trkpt lat="46.7462050" lon="12.4412230">
        <ele>1075.50</ele>
      </trkpt>
      <trkpt lat="46.7461770" lon="12.4416500">
        <ele>1075.00</ele>
      </trkpt>
      <trkpt lat="46.7461720" lon="12.4420300">
        <ele>1075.25</ele>
      </trkpt>
      <trkpt lat="46.7461980" lon="12.4425040">
        <ele>1075.75</ele>
      </trkpt>
      <trkpt lat="46.7461880" lon="12.4427030">
        <ele>1075.50</ele>
      </trkpt>
      <trkpt lat="46.7461520" lon="12.4429630">
        <ele>1076.00</ele>
      </trkpt>
      <trkpt lat="46.7461490" lon="12.4430310">
        <ele>1076.50</ele>
      </trkpt>
      <trkpt lat="46.7461380" lon="12.4431910">
        <ele>1077.00</ele>
      </trkpt>
      <trkpt lat="46.7461480" lon="12.4432860">
        <ele>1077.25</ele>
      </trkpt>
      <trkpt lat="46.7461580" lon="12.4433400">
        <ele>1077.25</ele>
      </trkpt>
      <trkpt lat="46.7462250" lon="12.4433740">
        <ele>1076.25</ele>
      </trkpt>
      <trkpt lat="46.7464150" lon="12.4434820">
        <ele>1076.00</ele>
      </trkpt>
      <trkpt lat="46.7463740" lon="12.4436640">
        <ele>1077.50</ele>
      </trkpt>
      <trkpt lat="46.7463230" lon="12.4440190">
        <ele>1075.50</ele>
      </trkpt>
      <trkpt lat="46.7462920" lon="12.4444790">
        <ele>1074.75</ele>
      </trkpt>
      <trkpt lat="46.7462910" lon="12.4449530">
        <ele>1074.00</ele>
      </trkpt>
      <trkpt lat="46.7463240" lon="12.4454980">
        <ele>1074.00</ele>
      </trkpt>
      <trkpt lat="46.7464860" lon="12.4468990">
        <ele>1072.25</ele>
      </trkpt>
      <trkpt lat="46.7466360" lon="12.4482870">
        <ele>1073.75</ele>
      </trkpt>
      <trkpt lat="46.7467230" lon="12.4488550">
        <ele>1072.25</ele>
      </trkpt>
      <trkpt lat="46.7468260" lon="12.4498290">
        <ele>1072.25</ele>
      </trkpt>
      <trkpt lat="46.7468870" lon="12.4505230">
        <ele>1072.75</ele>
      </trkpt>
      <trkpt lat="46.7469050" lon="12.4507280">
        <ele>1072.75</ele>
      </trkpt>
      <trkpt lat="46.7469190" lon="12.4510150">
        <ele>1073.00</ele>
      </trkpt>
      <trkpt lat="46.7472230" lon="12.4538570">
        <ele>1070.00</ele>
      </trkpt>
      <trkpt lat="46.7475790" lon="12.4569480">
        <ele>1070.25</ele>
      </trkpt>
      <trkpt lat="46.7477170" lon="12.4580810">
        <ele>1069.75</ele>
      </trkpt>
      <trkpt lat="46.7478440" lon="12.4592080">
        <ele>1069.75</ele>
      </trkpt>
      <trkpt lat="46.7478860" lon="12.4596930">
        <ele>1069.25</ele>
      </trkpt>
      <trkpt lat="46.7479200" lon="12.4602090">
        <ele>1069.50</ele>
      </trkpt>
      <trkpt lat="46.7479430" lon="12.4607350">
        <ele>1069.00</ele>
      </trkpt>
      <trkpt lat="46.7479940" lon="12.4627120">
        <ele>1069.00</ele>
      </trkpt>
      <trkpt lat="46.7480130" lon="12.4640570">
        <ele>1068.25</ele>
      </trkpt>
      <trkpt lat="46.7479910" lon="12.4649320">
        <ele>1070.00</ele>
      </trkpt>
      <trkpt lat="46.7479940" lon="12.4651180">
        <ele>1070.00</ele>
      </trkpt>
      <trkpt lat="46.7479650" lon="12.4651330">
        <ele>1070.00</ele>
      </trkpt>
      <trkpt lat="46.7477680" lon="12.4652350">
        <ele>1069.00</ele>
      </trkpt>
      <trkpt lat="46.7477180" lon="12.4652610">
        <ele>1069.00</ele>
      </trkpt>
      <trkpt lat="46.7476790" lon="12.4655250">
        <ele>1069.00</ele>
      </trkpt>
      <trkpt lat="46.7476580" lon="12.4658430">
        <ele>1069.00</ele>
      </trkpt>
      <trkpt lat="46.7476530" lon="12.4659170">
        <ele>1069.00</ele>
      </trkpt>
      <trkpt lat="46.7476270" lon="12.4660320">
        <ele>1069.25</ele>
      </trkpt>
      <trkpt lat="46.7475540" lon="12.4662430">
        <ele>1070.25</ele>
      </trkpt>
      <trkpt lat="46.7474650" lon="12.4664220">
        <ele>1070.50</ele>
      </trkpt>
      <trkpt lat="46.7471610" lon="12.4665080">
        <ele>1070.00</ele>
      </trkpt>
      <trkpt lat="46.7471170" lon="12.4664950">
        <ele>1070.00</ele>
      </trkpt>
      <trkpt lat="46.7470670" lon="12.4664420">
        <ele>1070.00</ele>
      </trkpt>
      <trkpt lat="46.7470370" lon="12.4663380">
        <ele>1070.00</ele>
      </trkpt>
      <trkpt lat="46.7469970" lon="12.4662780">
        <ele>1070.25</ele>
      </trkpt>
      <trkpt lat="46.7469520" lon="12.4662650">
        <ele>1070.25</ele>
      </trkpt>
      <trkpt lat="46.7469100" lon="12.4662790">
        <ele>1070.25</ele>
      </trkpt>
      <trkpt lat="46.7468280" lon="12.4663120">
        <ele>1070.25</ele>
      </trkpt>
      <trkpt lat="46.7468090" lon="12.4662160">
        <ele>1070.50</ele>
      </trkpt>
      <trkpt lat="46.7466830" lon="12.4662600">
        <ele>1070.25</ele>
      </trkpt>
      <trkpt lat="46.7466320" lon="12.4660140">
        <ele>1070.50</ele>
      </trkpt>
      <trkpt lat="46.7466330" lon="12.4658270">
        <ele>1069.75</ele>
      </trkpt>
      <trkpt lat="46.7466820" lon="12.4655500">
        <ele>1069.75</ele>
      </trkpt>
      <trkpt lat="46.7467000" lon="12.4648270">
        <ele>1069.00</ele>
      </trkpt>
      <trkpt lat="46.7467300" lon="12.4645490">
        <ele>1069.00</ele>
      </trkpt>
      <trkpt lat="46.7467350" lon="12.4643300">
        <ele>1069.50</ele>
      </trkpt>
      <trkpt lat="46.7467140" lon="12.4641290">
        <ele>1070.00</ele>
      </trkpt>
      <trkpt lat="46.7466810" lon="12.4640170">
        <ele>1070.00</ele>
      </trkpt>
      <trkpt lat="46.7466280" lon="12.4639290">
        <ele>1070.00</ele>
      </trkpt>
      <trkpt lat="46.7464810" lon="12.4638100">
        <ele>1069.75</ele>
      </trkpt>
      <trkpt lat="46.7462400" lon="12.4636580">
        <ele>1070.25</ele>
      </trkpt>
      <trkpt lat="46.7461680" lon="12.4636120">
        <ele>1070.75</ele>
      </trkpt>
      <trkpt lat="46.7461210" lon="12.4635820">
        <ele>1070.75</ele>
      </trkpt>
      <trkpt lat="46.7460950" lon="12.4634270">
        <ele>1071.00</ele>
      </trkpt>
      <trkpt lat="46.7459710" lon="12.4630130">
        <ele>1070.75</ele>
      </trkpt>
      <trkpt lat="46.7459480" lon="12.4629620">
        <ele>1070.75</ele>
      </trkpt>
      <trkpt lat="46.7459460" lon="12.4629580">
        <ele>1070.25</ele>
      </trkpt>
    </trkseg>
  </trk>
</gpx>