<?xml version='1.0' encoding='UTF-8' standalone='yes' ?>
<gpx version="1.1" creator="Locus Map web planner" xsi:schemaLocation="http://www.topografix.com/GPX/1/1 http://www.topografix.com/GPX/1/1/gpx.xsd" xmlns="http://www.topografix.com/GPX/1/1" xmlns:xsi="http://www.w3.org/2001/XMLSchema-instance" xmlns:locus="http://www.locusmap.eu" xmlns:gpxx="http://www.garmin.com/xmlschemas/GpxExtensions/v3" xmlns:gpxtrkx="http://www.garmin.com/xmlschemas/TrackStatsExtension/v1" xmlns:gpxtpx="http://www.garmin.com/xmlschemas/TrackPointExtension/v2">
  <metadata>
    <desc>File with points/tracks from LocusWorld/</desc>
    <time>2026-07-31T10:16:15.958Z</time>
  </metadata>
  <wpt lat="46.7458220" lon="12.4630830">
    <time>2026-07-31T10:16:15.957Z</time>
    <name>Camping Lienzer Dolomiten</name>
    <extensions>
      <locus:rtePointAction>pass_place</locus:rtePointAction>
    </extensions>
  </wpt>
  <trk>
    <name>Camping Lienzer Dolomiten-Campingplatz Dellach Drau</name>
    <extensions>
      <locus:activity>cycling</locus:activity>
    </extensions>
    <trkseg>
      <trkpt lat="46.7459460" lon="12.4629580">
        <ele>1070.50</ele>
      </trkpt>
      <trkpt lat="46.7459480" lon="12.4629620">
        <ele>1070.75</ele>
      </trkpt>
      <trkpt lat="46.7459710" lon="12.4630130">
        <ele>1070.75</ele>
      </trkpt>
      <trkpt lat="46.7460950" lon="12.4634270">
        <ele>1071.00</ele>
      </trkpt>
      <trkpt lat="46.7461210" lon="12.4635820">
        <ele>1070.75</ele>
      </trkpt>
      <trkpt lat="46.7461680" lon="12.4636120">
        <ele>1070.75</ele>
      </trkpt>
      <trkpt lat="46.7462400" lon="12.4636580">
        <ele>1070.25</ele>
      </trkpt>
      <trkpt lat="46.7464810" lon="12.4638100">
        <ele>1069.75</ele>
      </trkpt>
      <trkpt lat="46.7466280" lon="12.4639290">
        <ele>1070.00</ele>
      </trkpt>
      <trkpt lat="46.7466810" lon="12.4640170">
        <ele>1070.00</ele>
      </trkpt>
      <trkpt lat="46.7467140" lon="12.4641290">
        <ele>1070.00</ele>
      </trkpt>
      <trkpt lat="46.7467350" lon="12.4643300">
        <ele>1069.50</ele>
      </trkpt>
      <trkpt lat="46.7467300" lon="12.4645490">
        <ele>1069.00</ele>
      </trkpt>
      <trkpt lat="46.7467000" lon="12.4648270">
        <ele>1069.00</ele>
      </trkpt>
      <trkpt lat="46.7466820" lon="12.4655500">
        <ele>1069.75</ele>
      </trkpt>
      <trkpt lat="46.7466330" lon="12.4658270">
        <ele>1069.75</ele>
      </trkpt>
      <trkpt lat="46.7466320" lon="12.4660140">
        <ele>1070.50</ele>
      </trkpt>
      <trkpt lat="46.7466830" lon="12.4662600">
        <ele>1070.25</ele>
      </trkpt>
      <trkpt lat="46.7468090" lon="12.4662160">
        <ele>1070.50</ele>
      </trkpt>
      <trkpt lat="46.7468280" lon="12.4663120">
        <ele>1070.25</ele>
      </trkpt>
      <trkpt lat="46.7468720" lon="12.4665380">
        <ele>1070.00</ele>
      </trkpt>
      <trkpt lat="46.7469440" lon="12.4668110">
        <ele>1070.00</ele>
      </trkpt>
      <trkpt lat="46.7470850" lon="12.4670740">
        <ele>1069.75</ele>
      </trkpt>
      <trkpt lat="46.7471380" lon="12.4671690">
        <ele>1069.25</ele>
      </trkpt>
      <trkpt lat="46.7472130" lon="12.4673450">
        <ele>1069.25</ele>
      </trkpt>
      <trkpt lat="46.7472660" lon="12.4674770">
        <ele>1069.75</ele>
      </trkpt>
      <trkpt lat="46.7474400" lon="12.4678490">
        <ele>1069.00</ele>
      </trkpt>
      <trkpt lat="46.7474840" lon="12.4679800">
        <ele>1068.50</ele>
      </trkpt>
      <trkpt lat="46.7475110" lon="12.4681080">
        <ele>1068.00</ele>
      </trkpt>
      <trkpt lat="46.7475080" lon="12.4682710">
        <ele>1068.00</ele>
      </trkpt>
      <trkpt lat="46.7472950" lon="12.4697470">
        <ele>1067.00</ele>
      </trkpt>
      <trkpt lat="46.7471640" lon="12.4705590">
        <ele>1065.25</ele>
      </trkpt>
      <trkpt lat="46.7470380" lon="12.4714160">
        <ele>1066.75</ele>
      </trkpt>
      <trkpt lat="46.7466720" lon="12.4736530">
        <ele>1066.00</ele>
      </trkpt>
      <trkpt lat="46.7457610" lon="12.4795330">
        <ele>1064.25</ele>
      </trkpt>
      <trkpt lat="46.7454870" lon="12.4812680">
        <ele>1063.75</ele>
      </trkpt>
      <trkpt lat="46.7454050" lon="12.4815960">
        <ele>1064.00</ele>
      </trkpt>
      <trkpt lat="46.7454590" lon="12.4816230">
        <ele>1063.50</ele>
      </trkpt>
      <trkpt lat="46.7456220" lon="12.4816870">
        <ele>1063.50</ele>
      </trkpt>
      <trkpt lat="46.7456380" lon="12.4816940">
        <ele>1063.50</ele>
      </trkpt>
      <trkpt lat="46.7457180" lon="12.4817290">
        <ele>1064.25</ele>
      </trkpt>
      <trkpt lat="46.7457680" lon="12.4817530">
        <ele>1064.50</ele>
      </trkpt>
      <trkpt lat="46.7458040" lon="12.4818140">
        <ele>1064.75</ele>
      </trkpt>
      <trkpt lat="46.7458210" lon="12.4818650">
        <ele>1064.75</ele>
      </trkpt>
      <trkpt lat="46.7458290" lon="12.4819120">
        <ele>1064.75</ele>
      </trkpt>
      <trkpt lat="46.7457290" lon="12.4824330">
        <ele>1065.00</ele>
      </trkpt>
      <trkpt lat="46.7456910" lon="12.4829910">
        <ele>1065.00</ele>
      </trkpt>
      <trkpt lat="46.7456900" lon="12.4832840">
        <ele>1065.00</ele>
      </trkpt>
      <trkpt lat="46.7457090" lon="12.4835900">
        <ele>1065.00</ele>
      </trkpt>
      <trkpt lat="46.7457440" lon="12.4839390">
        <ele>1065.00</ele>
      </trkpt>
      <trkpt lat="46.7457630" lon="12.4842140">
        <ele>1065.00</ele>
      </trkpt>
      <trkpt lat="46.7458160" lon="12.4856660">
        <ele>1064.00</ele>
      </trkpt>
      <trkpt lat="46.7458430" lon="12.4860920">
        <ele>1064.00</ele>
      </trkpt>
      <trkpt lat="46.7458640" lon="12.4864050">
        <ele>1064.00</ele>
      </trkpt>
      <trkpt lat="46.7459000" lon="12.4867150">
        <ele>1064.25</ele>
      </trkpt>
      <trkpt lat="46.7459990" lon="12.4873890">
        <ele>1065.50</ele>
      </trkpt>
      <trkpt lat="46.7460440" lon="12.4877790">
        <ele>1065.75</ele>
      </trkpt>
      <trkpt lat="46.7460730" lon="12.4881720">
        <ele>1066.00</ele>
      </trkpt>
      <trkpt lat="46.7460050" lon="12.4885300">
        <ele>1065.75</ele>
      </trkpt>
      <trkpt lat="46.7460010" lon="12.4886580">
        <ele>1065.75</ele>
      </trkpt>
      <trkpt lat="46.7460210" lon="12.4887680">
        <ele>1066.00</ele>
      </trkpt>
      <trkpt lat="46.7460830" lon="12.4889200">
        <ele>1066.50</ele>
      </trkpt>
      <trkpt lat="46.7461410" lon="12.4891030">
        <ele>1066.50</ele>
      </trkpt>
      <trkpt lat="46.7461690" lon="12.4892690">
        <ele>1067.25</ele>
      </trkpt>
      <trkpt lat="46.7460570" lon="12.4892970">
        <ele>1066.25</ele>
      </trkpt>
      <trkpt lat="46.7459640" lon="12.4892930">
        <ele>1065.50</ele>
      </trkpt>
      <trkpt lat="46.7458500" lon="12.4892870">
        <ele>1064.50</ele>
      </trkpt>
      <trkpt lat="46.7457580" lon="12.4893040">
        <ele>1064.25</ele>
      </trkpt>
      <trkpt lat="46.7456260" lon="12.4893320">
        <ele>1064.00</ele>
      </trkpt>
      <trkpt lat="46.7455490" lon="12.4893520">
        <ele>1064.25</ele>
      </trkpt>
      <trkpt lat="46.7454870" lon="12.4893790">
        <ele>1065.00</ele>
      </trkpt>
      <trkpt lat="46.7455570" lon="12.4897040">
        <ele>1066.75</ele>
      </trkpt>
      <trkpt lat="46.7456170" lon="12.4900860">
        <ele>1067.25</ele>
      </trkpt>
      <trkpt lat="46.7456910" lon="12.4904360">
        <ele>1066.25</ele>
      </trkpt>
      <trkpt lat="46.7457610" lon="12.4907470">
        <ele>1065.25</ele>
      </trkpt>
      <trkpt lat="46.7458090" lon="12.4910310">
        <ele>1065.25</ele>
      </trkpt>
      <trkpt lat="46.7458540" lon="12.4915840">
        <ele>1064.75</ele>
      </trkpt>
      <trkpt lat="46.7458900" lon="12.4925020">
        <ele>1065.75</ele>
      </trkpt>
      <trkpt lat="46.7459620" lon="12.4938850">
        <ele>1062.50</ele>
      </trkpt>
      <trkpt lat="46.7460330" lon="12.4948930">
        <ele>1060.25</ele>
      </trkpt>
      <trkpt lat="46.7460220" lon="12.4953090">
        <ele>1061.00</ele>
      </trkpt>
      <trkpt lat="46.7459520" lon="12.4957450">
        <ele>1061.50</ele>
      </trkpt>
      <trkpt lat="46.7459310" lon="12.4959750">
        <ele>1061.50</ele>
      </trkpt>
      <trkpt lat="46.7459310" lon="12.4962190">
        <ele>1062.00</ele>
      </trkpt>
      <trkpt lat="46.7459620" lon="12.4970040">
        <ele>1064.25</ele>
      </trkpt>
      <trkpt lat="46.7460150" lon="12.4973350">
        <ele>1064.25</ele>
      </trkpt>
      <trkpt lat="46.7460630" lon="12.4975750">
        <ele>1064.25</ele>
      </trkpt>
      <trkpt lat="46.7461650" lon="12.4980240">
        <ele>1062.25</ele>
      </trkpt>
      <trkpt lat="46.7462120" lon="12.4991920">
        <ele>1061.50</ele>
      </trkpt>
      <trkpt lat="46.7463340" lon="12.4997580">
        <ele>1056.25</ele>
      </trkpt>
      <trkpt lat="46.7466760" lon="12.5005090">
        <ele>1053.25</ele>
      </trkpt>
      <trkpt lat="46.7472530" lon="12.5016110">
        <ele>1050.75</ele>
      </trkpt>
      <trkpt lat="46.7474900" lon="12.5022250">
        <ele>1048.00</ele>
      </trkpt>
      <trkpt lat="46.7475320" lon="12.5023750">
        <ele>1046.25</ele>
      </trkpt>
      <trkpt lat="46.7475680" lon="12.5025410">
        <ele>1044.50</ele>
      </trkpt>
      <trkpt lat="46.7475940" lon="12.5026990">
        <ele>1043.25</ele>
      </trkpt>
      <trkpt lat="46.7476020" lon="12.5028430">
        <ele>1042.75</ele>
      </trkpt>
      <trkpt lat="46.7475940" lon="12.5028830">
        <ele>1042.75</ele>
      </trkpt>
      <trkpt lat="46.7475330" lon="12.5030100">
        <ele>1044.00</ele>
      </trkpt>
      <trkpt lat="46.7474930" lon="12.5031550">
        <ele>1045.00</ele>
      </trkpt>
      <trkpt lat="46.7474720" lon="12.5033250">
        <ele>1045.50</ele>
      </trkpt>
      <trkpt lat="46.7474540" lon="12.5039800">
        <ele>1045.25</ele>
      </trkpt>
      <trkpt lat="46.7475500" lon="12.5044720">
        <ele>1042.25</ele>
      </trkpt>
      <trkpt lat="46.7476550" lon="12.5047340">
        <ele>1040.75</ele>
      </trkpt>
      <trkpt lat="46.7477360" lon="12.5053170">
        <ele>1035.00</ele>
      </trkpt>
      <trkpt lat="46.7478130" lon="12.5061180">
        <ele>1033.25</ele>
      </trkpt>
      <trkpt lat="46.7478560" lon="12.5063340">
        <ele>1033.50</ele>
      </trkpt>
      <trkpt lat="46.7480580" lon="12.5066740">
        <ele>1031.00</ele>
      </trkpt>
      <trkpt lat="46.7482890" lon="12.5069990">
        <ele>1030.50</ele>
      </trkpt>
      <trkpt lat="46.7485560" lon="12.5074020">
        <ele>1030.75</ele>
      </trkpt>
      <trkpt lat="46.7488030" lon="12.5081700">
        <ele>1030.00</ele>
      </trkpt>
      <trkpt lat="46.7488380" lon="12.5082820">
        <ele>1030.75</ele>
      </trkpt>
      <trkpt lat="46.7489160" lon="12.5085310">
        <ele>1028.75</ele>
      </trkpt>
      <trkpt lat="46.7491380" lon="12.5090470">
        <ele>1022.50</ele>
      </trkpt>
      <trkpt lat="46.7492080" lon="12.5092940">
        <ele>1021.00</ele>
      </trkpt>
      <trkpt lat="46.7492840" lon="12.5095570">
        <ele>1020.75</ele>
      </trkpt>
      <trkpt lat="46.7493330" lon="12.5096660">
        <ele>1021.25</ele>
      </trkpt>
      <trkpt lat="46.7493810" lon="12.5097060">
        <ele>1020.75</ele>
      </trkpt>
      <trkpt lat="46.7494360" lon="12.5097130">
        <ele>1020.00</ele>
      </trkpt>
      <trkpt lat="46.7494820" lon="12.5096830">
        <ele>1019.00</ele>
      </trkpt>
      <trkpt lat="46.7496720" lon="12.5095420">
        <ele>1018.50</ele>
      </trkpt>
      <trkpt lat="46.7499950" lon="12.5093070">
        <ele>1022.25</ele>
      </trkpt>
      <trkpt lat="46.7501090" lon="12.5092830">
        <ele>1024.25</ele>
      </trkpt>
      <trkpt lat="46.7501870" lon="12.5093030">
        <ele>1025.00</ele>
      </trkpt>
      <trkpt lat="46.7503370" lon="12.5093990">
        <ele>1026.00</ele>
      </trkpt>
      <trkpt lat="46.7504080" lon="12.5094640">
        <ele>1026.00</ele>
      </trkpt>
      <trkpt lat="46.7505640" lon="12.5096750">
        <ele>1027.25</ele>
      </trkpt>
      <trkpt lat="46.7506570" lon="12.5098340">
        <ele>1027.50</ele>
      </trkpt>
      <trkpt lat="46.7507550" lon="12.5100440">
        <ele>1026.50</ele>
      </trkpt>
      <trkpt lat="46.7508450" lon="12.5101660">
        <ele>1025.75</ele>
      </trkpt>
      <trkpt lat="46.7509490" lon="12.5102740">
        <ele>1025.50</ele>
      </trkpt>
      <trkpt lat="46.7509840" lon="12.5103140">
        <ele>1025.75</ele>
      </trkpt>
      <trkpt lat="46.7510530" lon="12.5104270">
        <ele>1025.75</ele>
      </trkpt>
      <trkpt lat="46.7511740" lon="12.5107580">
        <ele>1023.75</ele>
      </trkpt>
      <trkpt lat="46.7513720" lon="12.5112080">
        <ele>1019.75</ele>
      </trkpt>
      <trkpt lat="46.7514430" lon="12.5112950">
        <ele>1019.25</ele>
      </trkpt>
      <trkpt lat="46.7517660" lon="12.5115620">
        <ele>1019.25</ele>
      </trkpt>
      <trkpt lat="46.7520520" lon="12.5119330">
        <ele>1020.00</ele>
      </trkpt>
      <trkpt lat="46.7520820" lon="12.5119640">
        <ele>1020.25</ele>
      </trkpt>
      <trkpt lat="46.7520410" lon="12.5120700">
        <ele>1019.75</ele>
      </trkpt>
      <trkpt lat="46.7520350" lon="12.5121460">
        <ele>1019.50</ele>
      </trkpt>
      <trkpt lat="46.7520910" lon="12.5124950">
        <ele>1018.50</ele>
      </trkpt>
      <trkpt lat="46.7520960" lon="12.5127870">
        <ele>1016.00</ele>
      </trkpt>
      <trkpt lat="46.7520680" lon="12.5129790">
        <ele>1013.75</ele>
      </trkpt>
      <trkpt lat="46.7520190" lon="12.5131740">
        <ele>1010.75</ele>
      </trkpt>
      <trkpt lat="46.7520180" lon="12.5132740">
        <ele>1009.50</ele>
      </trkpt>
      <trkpt lat="46.7520410" lon="12.5133690">
        <ele>1008.75</ele>
      </trkpt>
      <trkpt lat="46.7521880" lon="12.5138070">
        <ele>1009.25</ele>
      </trkpt>
      <trkpt lat="46.7522710" lon="12.5141000">
        <ele>1007.50</ele>
      </trkpt>
      <trkpt lat="46.7523260" lon="12.5144030">
        <ele>1005.25</ele>
      </trkpt>
      <trkpt lat="46.7524190" lon="12.5153490">
        <ele>1000.50</ele>
      </trkpt>
      <trkpt lat="46.7524560" lon="12.5158260">
        <ele>998.75</ele>
      </trkpt>
      <trkpt lat="46.7524760" lon="12.5160160">
        <ele>998.50</ele>
      </trkpt>
      <trkpt lat="46.7525120" lon="12.5161900">
        <ele>997.50</ele>
      </trkpt>
      <trkpt lat="46.7525710" lon="12.5163930">
        <ele>995.25</ele>
      </trkpt>
      <trkpt lat="46.7529040" lon="12.5173090">
        <ele>993.50</ele>
      </trkpt>
      <trkpt lat="46.7530090" lon="12.5177040">
        <ele>993.25</ele>
      </trkpt>
      <trkpt lat="46.7531350" lon="12.5182860">
        <ele>990.75</ele>
      </trkpt>
      <trkpt lat="46.7531910" lon="12.5186390">
        <ele>989.75</ele>
      </trkpt>
      <trkpt lat="46.7532250" lon="12.5189990">
        <ele>989.00</ele>
      </trkpt>
      <trkpt lat="46.7532460" lon="12.5194790">
        <ele>985.50</ele>
      </trkpt>
      <trkpt lat="46.7532520" lon="12.5196080">
        <ele>985.50</ele>
      </trkpt>
      <trkpt lat="46.7532620" lon="12.5197670">
        <ele>985.50</ele>
      </trkpt>
      <trkpt lat="46.7532760" lon="12.5200100">
        <ele>985.75</ele>
      </trkpt>
      <trkpt lat="46.7533190" lon="12.5204060">
        <ele>984.75</ele>
      </trkpt>
      <trkpt lat="46.7533610" lon="12.5209640">
        <ele>983.00</ele>
      </trkpt>
      <trkpt lat="46.7533810" lon="12.5214910">
        <ele>981.75</ele>
      </trkpt>
      <trkpt lat="46.7534040" lon="12.5218820">
        <ele>980.75</ele>
      </trkpt>
      <trkpt lat="46.7535000" lon="12.5227750">
        <ele>980.50</ele>
      </trkpt>
      <trkpt lat="46.7535530" lon="12.5231550">
        <ele>981.25</ele>
      </trkpt>
      <trkpt lat="46.7537690" lon="12.5240160">
        <ele>977.00</ele>
      </trkpt>
      <trkpt lat="46.7541200" lon="12.5252320">
        <ele>974.75</ele>
      </trkpt>
      <trkpt lat="46.7542050" lon="12.5255570">
        <ele>973.25</ele>
      </trkpt>
      <trkpt lat="46.7542520" lon="12.5258410">
        <ele>972.75</ele>
      </trkpt>
      <trkpt lat="46.7543950" lon="12.5268710">
        <ele>970.75</ele>
      </trkpt>
      <trkpt lat="46.7544930" lon="12.5277180">
        <ele>970.25</ele>
      </trkpt>
      <trkpt lat="46.7545990" lon="12.5285680">
        <ele>967.25</ele>
      </trkpt>
      <trkpt lat="46.7546880" lon="12.5291910">
        <ele>967.25</ele>
      </trkpt>
      <trkpt lat="46.7547100" lon="12.5295960">
        <ele>966.75</ele>
      </trkpt>
      <trkpt lat="46.7546930" lon="12.5300010">
        <ele>966.50</ele>
      </trkpt>
      <trkpt lat="46.7546330" lon="12.5304050">
        <ele>964.75</ele>
      </trkpt>
      <trkpt lat="46.7546180" lon="12.5306050">
        <ele>963.75</ele>
      </trkpt>
      <trkpt lat="46.7545660" lon="12.5309680">
        <ele>962.50</ele>
      </trkpt>
      <trkpt lat="46.7544810" lon="12.5313510">
        <ele>963.50</ele>
      </trkpt>
      <trkpt lat="46.7544660" lon="12.5315000">
        <ele>963.50</ele>
      </trkpt>
      <trkpt lat="46.7544780" lon="12.5316070">
        <ele>963.00</ele>
      </trkpt>
      <trkpt lat="46.7545390" lon="12.5318570">
        <ele>961.75</ele>
      </trkpt>
      <trkpt lat="46.7545670" lon="12.5319680">
        <ele>961.50</ele>
      </trkpt>
      <trkpt lat="46.7545740" lon="12.5321100">
        <ele>961.50</ele>
      </trkpt>
      <trkpt lat="46.7545410" lon="12.5322600">
        <ele>961.50</ele>
      </trkpt>
      <trkpt lat="46.7543650" lon="12.5325430">
        <ele>960.25</ele>
      </trkpt>
      <trkpt lat="46.7543260" lon="12.5326320">
        <ele>960.00</ele>
      </trkpt>
      <trkpt lat="46.7543230" lon="12.5327660">
        <ele>959.75</ele>
      </trkpt>
      <trkpt lat="46.7544460" lon="12.5334520">
        <ele>958.50</ele>
      </trkpt>
      <trkpt lat="46.7546490" lon="12.5341500">
        <ele>957.50</ele>
      </trkpt>
      <trkpt lat="46.7548990" lon="12.5348250">
        <ele>955.00</ele>
      </trkpt>
      <trkpt lat="46.7550950" lon="12.5351660">
        <ele>954.75</ele>
      </trkpt>
      <trkpt lat="46.7554290" lon="12.5355750">
        <ele>956.00</ele>
      </trkpt>
      <trkpt lat="46.7556380" lon="12.5359510">
        <ele>955.75</ele>
      </trkpt>
      <trkpt lat="46.7558720" lon="12.5364420">
        <ele>956.25</ele>
      </trkpt>
      <trkpt lat="46.7559870" lon="12.5366620">
        <ele>955.00</ele>
      </trkpt>
      <trkpt lat="46.7562650" lon="12.5375590">
        <ele>954.25</ele>
      </trkpt>
      <trkpt lat="46.7563220" lon="12.5381470">
        <ele>953.50</ele>
      </trkpt>
      <trkpt lat="46.7566050" lon="12.5393670">
        <ele>950.00</ele>
      </trkpt>
      <trkpt lat="46.7568990" lon="12.5408680">
        <ele>947.50</ele>
      </trkpt>
      <trkpt lat="46.7570070" lon="12.5419910">
        <ele>948.25</ele>
      </trkpt>
      <trkpt lat="46.7569940" lon="12.5431630">
        <ele>944.50</ele>
      </trkpt>
      <trkpt lat="46.7572850" lon="12.5446530">
        <ele>942.75</ele>
      </trkpt>
      <trkpt lat="46.7573570" lon="12.5449810">
        <ele>941.00</ele>
      </trkpt>
      <trkpt lat="46.7574000" lon="12.5451820">
        <ele>940.75</ele>
      </trkpt>
      <trkpt lat="46.7574840" lon="12.5459870">
        <ele>942.50</ele>
      </trkpt>
      <trkpt lat="46.7575710" lon="12.5467070">
        <ele>941.00</ele>
      </trkpt>
      <trkpt lat="46.7577350" lon="12.5478290">
        <ele>938.75</ele>
      </trkpt>
      <trkpt lat="46.7578820" lon="12.5484650">
        <ele>937.00</ele>
      </trkpt>
      <trkpt lat="46.7580740" lon="12.5491890">
        <ele>939.25</ele>
      </trkpt>
      <trkpt lat="46.7581380" lon="12.5493260">
        <ele>937.25</ele>
      </trkpt>
      <trkpt lat="46.7582140" lon="12.5494220">
        <ele>937.25</ele>
      </trkpt>
      <trkpt lat="46.7585270" lon="12.5496740">
        <ele>936.50</ele>
      </trkpt>
      <trkpt lat="46.7587350" lon="12.5501050">
        <ele>936.50</ele>
      </trkpt>
      <trkpt lat="46.7588240" lon="12.5504590">
        <ele>935.50</ele>
      </trkpt>
      <trkpt lat="46.7588290" lon="12.5510380">
        <ele>935.00</ele>
      </trkpt>
      <trkpt lat="46.7587630" lon="12.5513840">
        <ele>934.25</ele>
      </trkpt>
      <trkpt lat="46.7588300" lon="12.5517110">
        <ele>933.75</ele>
      </trkpt>
      <trkpt lat="46.7587770" lon="12.5519900">
        <ele>933.25</ele>
      </trkpt>
      <trkpt lat="46.7586610" lon="12.5521140">
        <ele>933.75</ele>
      </trkpt>
      <trkpt lat="46.7583970" lon="12.5522730">
        <ele>933.25</ele>
      </trkpt>
      <trkpt lat="46.7583530" lon="12.5523090">
        <ele>933.25</ele>
      </trkpt>
      <trkpt lat="46.7583250" lon="12.5523580">
        <ele>933.25</ele>
      </trkpt>
      <trkpt lat="46.7583180" lon="12.5524420">
        <ele>933.50</ele>
      </trkpt>
      <trkpt lat="46.7583280" lon="12.5525390">
        <ele>933.50</ele>
      </trkpt>
      <trkpt lat="46.7583510" lon="12.5526500">
        <ele>932.75</ele>
      </trkpt>
      <trkpt lat="46.7584690" lon="12.5529380">
        <ele>931.50</ele>
      </trkpt>
      <trkpt lat="46.7587430" lon="12.5533880">
        <ele>930.75</ele>
      </trkpt>
      <trkpt lat="46.7593050" lon="12.5540710">
        <ele>929.25</ele>
      </trkpt>
      <trkpt lat="46.7594140" lon="12.5542650">
        <ele>929.50</ele>
      </trkpt>
      <trkpt lat="46.7595050" lon="12.5544660">
        <ele>928.75</ele>
      </trkpt>
      <trkpt lat="46.7595840" lon="12.5545750">
        <ele>928.25</ele>
      </trkpt>
      <trkpt lat="46.7598090" lon="12.5547340">
        <ele>928.25</ele>
      </trkpt>
      <trkpt lat="46.7599400" lon="12.5549530">
        <ele>928.00</ele>
      </trkpt>
      <trkpt lat="46.7599820" lon="12.5551130">
        <ele>928.25</ele>
      </trkpt>
      <trkpt lat="46.7600150" lon="12.5552870">
        <ele>929.00</ele>
      </trkpt>
      <trkpt lat="46.7599750" lon="12.5556370">
        <ele>928.50</ele>
      </trkpt>
      <trkpt lat="46.7599950" lon="12.5564870">
        <ele>927.50</ele>
      </trkpt>
      <trkpt lat="46.7600560" lon="12.5572640">
        <ele>926.00</ele>
      </trkpt>
      <trkpt lat="46.7600100" lon="12.5577660">
        <ele>926.00</ele>
      </trkpt>
      <trkpt lat="46.7600560" lon="12.5580670">
        <ele>926.25</ele>
      </trkpt>
      <trkpt lat="46.7601710" lon="12.5585390">
        <ele>925.00</ele>
      </trkpt>
      <trkpt lat="46.7601930" lon="12.5588140">
        <ele>925.25</ele>
      </trkpt>
      <trkpt lat="46.7602170" lon="12.5589870">
        <ele>926.50</ele>
      </trkpt>
      <trkpt lat="46.7600350" lon="12.5591140">
        <ele>925.00</ele>
      </trkpt>
      <trkpt lat="46.7599470" lon="12.5592220">
        <ele>923.50</ele>
      </trkpt>
      <trkpt lat="46.7598660" lon="12.5595470">
        <ele>921.50</ele>
      </trkpt>
      <trkpt lat="46.7598750" lon="12.5598770">
        <ele>921.00</ele>
      </trkpt>
      <trkpt lat="46.7599470" lon="12.5602150">
        <ele>922.00</ele>
      </trkpt>
      <trkpt lat="46.7601490" lon="12.5608370">
        <ele>920.50</ele>
      </trkpt>
      <trkpt lat="46.7603210" lon="12.5612110">
        <ele>921.25</ele>
      </trkpt>
      <trkpt lat="46.7605640" lon="12.5616970">
        <ele>920.75</ele>
      </trkpt>
      <trkpt lat="46.7609690" lon="12.5622790">
        <ele>919.25</ele>
      </trkpt>
      <trkpt lat="46.7611760" lon="12.5626030">
        <ele>918.50</ele>
      </trkpt>
      <trkpt lat="46.7613160" lon="12.5629110">
        <ele>918.00</ele>
      </trkpt>
      <trkpt lat="46.7614470" lon="12.5633610">
        <ele>917.75</ele>
      </trkpt>
      <trkpt lat="46.7614390" lon="12.5637280">
        <ele>917.00</ele>
      </trkpt>
      <trkpt lat="46.7614130" lon="12.5639330">
        <ele>917.00</ele>
      </trkpt>
      <trkpt lat="46.7613780" lon="12.5640960">
        <ele>917.50</ele>
      </trkpt>
      <trkpt lat="46.7612070" lon="12.5646370">
        <ele>916.00</ele>
      </trkpt>
      <trkpt lat="46.7611130" lon="12.5650330">
        <ele>916.75</ele>
      </trkpt>
      <trkpt lat="46.7610760" lon="12.5653920">
        <ele>916.50</ele>
      </trkpt>
      <trkpt lat="46.7610830" lon="12.5656620">
        <ele>916.25</ele>
      </trkpt>
      <trkpt lat="46.7611220" lon="12.5658120">
        <ele>916.00</ele>
      </trkpt>
      <trkpt lat="46.7612280" lon="12.5660270">
        <ele>914.25</ele>
      </trkpt>
      <trkpt lat="46.7617390" lon="12.5667760">
        <ele>914.00</ele>
      </trkpt>
      <trkpt lat="46.7618510" lon="12.5669520">
        <ele>913.75</ele>
      </trkpt>
      <trkpt lat="46.7619200" lon="12.5670660">
        <ele>913.75</ele>
      </trkpt>
      <trkpt lat="46.7619570" lon="12.5671040">
        <ele>913.75</ele>
      </trkpt>
      <trkpt lat="46.7619990" lon="12.5671290">
        <ele>913.75</ele>
      </trkpt>
      <trkpt lat="46.7621300" lon="12.5671910">
        <ele>913.75</ele>
      </trkpt>
      <trkpt lat="46.7622610" lon="12.5672240">
        <ele>913.75</ele>
      </trkpt>
      <trkpt lat="46.7625830" lon="12.5672280">
        <ele>913.75</ele>
      </trkpt>
      <trkpt lat="46.7629500" lon="12.5671750">
        <ele>913.25</ele>
      </trkpt>
      <trkpt lat="46.7632130" lon="12.5671750">
        <ele>913.00</ele>
      </trkpt>
      <trkpt lat="46.7633490" lon="12.5672210">
        <ele>912.75</ele>
      </trkpt>
      <trkpt lat="46.7635840" lon="12.5674490">
        <ele>912.25</ele>
      </trkpt>
      <trkpt lat="46.7640220" lon="12.5678330">
        <ele>909.75</ele>
      </trkpt>
      <trkpt lat="46.7641820" lon="12.5680310">
        <ele>910.75</ele>
      </trkpt>
      <trkpt lat="46.7643370" lon="12.5683130">
        <ele>908.50</ele>
      </trkpt>
      <trkpt lat="46.7644570" lon="12.5686170">
        <ele>909.75</ele>
      </trkpt>
      <trkpt lat="46.7646420" lon="12.5689840">
        <ele>907.75</ele>
      </trkpt>
      <trkpt lat="46.7648210" lon="12.5691500">
        <ele>909.00</ele>
      </trkpt>
      <trkpt lat="46.7650190" lon="12.5693480">
        <ele>910.75</ele>
      </trkpt>
      <trkpt lat="46.7667400" lon="12.5741720">
        <ele>905.25</ele>
      </trkpt>
      <trkpt lat="46.7668810" lon="12.5744720">
        <ele>904.75</ele>
      </trkpt>
      <trkpt lat="46.7670530" lon="12.5747900">
        <ele>904.50</ele>
      </trkpt>
      <trkpt lat="46.7673690" lon="12.5752530">
        <ele>903.75</ele>
      </trkpt>
      <trkpt lat="46.7681160" lon="12.5760280">
        <ele>902.00</ele>
      </trkpt>
      <trkpt lat="46.7684820" lon="12.5765210">
        <ele>900.75</ele>
      </trkpt>
      <trkpt lat="46.7687430" lon="12.5769600">
        <ele>900.25</ele>
      </trkpt>
      <trkpt lat="46.7689270" lon="12.5773890">
        <ele>899.50</ele>
      </trkpt>
      <trkpt lat="46.7690080" lon="12.5776450">
        <ele>898.75</ele>
      </trkpt>
      <trkpt lat="46.7690490" lon="12.5778020">
        <ele>898.75</ele>
      </trkpt>
      <trkpt lat="46.7691340" lon="12.5781160">
        <ele>899.25</ele>
      </trkpt>
      <trkpt lat="46.7691750" lon="12.5783280">
        <ele>898.25</ele>
      </trkpt>
      <trkpt lat="46.7692180" lon="12.5787950">
        <ele>897.50</ele>
      </trkpt>
      <trkpt lat="46.7692240" lon="12.5792240">
        <ele>897.00</ele>
      </trkpt>
      <trkpt lat="46.7692010" lon="12.5796030">
        <ele>896.50</ele>
      </trkpt>
      <trkpt lat="46.7691970" lon="12.5796580">
        <ele>896.50</ele>
      </trkpt>
      <trkpt lat="46.7691450" lon="12.5801710">
        <ele>896.00</ele>
      </trkpt>
      <trkpt lat="46.7691020" lon="12.5804550">
        <ele>895.50</ele>
      </trkpt>
      <trkpt lat="46.7688820" lon="12.5817120">
        <ele>894.00</ele>
      </trkpt>
      <trkpt lat="46.7686310" lon="12.5829600">
        <ele>892.00</ele>
      </trkpt>
      <trkpt lat="46.7684420" lon="12.5840360">
        <ele>890.00</ele>
      </trkpt>
      <trkpt lat="46.7683480" lon="12.5850500">
        <ele>889.75</ele>
      </trkpt>
      <trkpt lat="46.7683300" lon="12.5851450">
        <ele>890.00</ele>
      </trkpt>
      <trkpt lat="46.7682930" lon="12.5852490">
        <ele>890.00</ele>
      </trkpt>
      <trkpt lat="46.7681540" lon="12.5852340">
        <ele>890.00</ele>
      </trkpt>
      <trkpt lat="46.7680920" lon="12.5852500">
        <ele>890.00</ele>
      </trkpt>
      <trkpt lat="46.7680560" lon="12.5853140">
        <ele>889.75</ele>
      </trkpt>
      <trkpt lat="46.7680310" lon="12.5856270">
        <ele>889.50</ele>
      </trkpt>
      <trkpt lat="46.7680140" lon="12.5857400">
        <ele>889.00</ele>
      </trkpt>
      <trkpt lat="46.7679710" lon="12.5858890">
        <ele>888.50</ele>
      </trkpt>
      <trkpt lat="46.7679630" lon="12.5859530">
        <ele>888.50</ele>
      </trkpt>
      <trkpt lat="46.7679630" lon="12.5860840">
        <ele>888.50</ele>
      </trkpt>
      <trkpt lat="46.7679960" lon="12.5865100">
        <ele>888.00</ele>
      </trkpt>
      <trkpt lat="46.7680280" lon="12.5870830">
        <ele>887.00</ele>
      </trkpt>
      <trkpt lat="46.7681190" lon="12.5880880">
        <ele>886.00</ele>
      </trkpt>
      <trkpt lat="46.7682090" lon="12.5889050">
        <ele>885.25</ele>
      </trkpt>
      <trkpt lat="46.7682760" lon="12.5894140">
        <ele>884.75</ele>
      </trkpt>
      <trkpt lat="46.7683420" lon="12.5896910">
        <ele>884.00</ele>
      </trkpt>
      <trkpt lat="46.7684540" lon="12.5900670">
        <ele>883.25</ele>
      </trkpt>
      <trkpt lat="46.7686390" lon="12.5905940">
        <ele>882.00</ele>
      </trkpt>
      <trkpt lat="46.7686860" lon="12.5907610">
        <ele>882.25</ele>
      </trkpt>
      <trkpt lat="46.7687290" lon="12.5909570">
        <ele>882.75</ele>
      </trkpt>
      <trkpt lat="46.7687830" lon="12.5912820">
        <ele>882.75</ele>
      </trkpt>
      <trkpt lat="46.7689210" lon="12.5921070">
        <ele>880.50</ele>
      </trkpt>
      <trkpt lat="46.7689370" lon="12.5922800">
        <ele>880.50</ele>
      </trkpt>
      <trkpt lat="46.7689460" lon="12.5923890">
        <ele>880.50</ele>
      </trkpt>
      <trkpt lat="46.7689400" lon="12.5926260">
        <ele>880.50</ele>
      </trkpt>
      <trkpt lat="46.7689110" lon="12.5928900">
        <ele>880.00</ele>
      </trkpt>
      <trkpt lat="46.7688620" lon="12.5932040">
        <ele>880.25</ele>
      </trkpt>
      <trkpt lat="46.7688320" lon="12.5935090">
        <ele>880.25</ele>
      </trkpt>
      <trkpt lat="46.7688100" lon="12.5938840">
        <ele>879.25</ele>
      </trkpt>
      <trkpt lat="46.7687890" lon="12.5942110">
        <ele>879.00</ele>
      </trkpt>
      <trkpt lat="46.7687870" lon="12.5944340">
        <ele>878.50</ele>
      </trkpt>
      <trkpt lat="46.7688400" lon="12.5948780">
        <ele>878.25</ele>
      </trkpt>
      <trkpt lat="46.7688860" lon="12.5950770">
        <ele>877.75</ele>
      </trkpt>
      <trkpt lat="46.7689490" lon="12.5952760">
        <ele>878.00</ele>
      </trkpt>
      <trkpt lat="46.7690450" lon="12.5955160">
        <ele>878.00</ele>
      </trkpt>
      <trkpt lat="46.7691440" lon="12.5957340">
        <ele>878.00</ele>
      </trkpt>
      <trkpt lat="46.7694040" lon="12.5961770">
        <ele>877.00</ele>
      </trkpt>
      <trkpt lat="46.7695020" lon="12.5963560">
        <ele>877.50</ele>
      </trkpt>
      <trkpt lat="46.7695950" lon="12.5965810">
        <ele>877.75</ele>
      </trkpt>
      <trkpt lat="46.7696610" lon="12.5967780">
        <ele>877.75</ele>
      </trkpt>
      <trkpt lat="46.7697040" lon="12.5969840">
        <ele>877.75</ele>
      </trkpt>
      <trkpt lat="46.7697360" lon="12.5972230">
        <ele>877.00</ele>
      </trkpt>
      <trkpt lat="46.7697420" lon="12.5974340">
        <ele>877.00</ele>
      </trkpt>
      <trkpt lat="46.7697180" lon="12.5977490">
        <ele>876.00</ele>
      </trkpt>
      <trkpt lat="46.7696320" lon="12.5984230">
        <ele>876.25</ele>
      </trkpt>
      <trkpt lat="46.7695510" lon="12.5991040">
        <ele>875.25</ele>
      </trkpt>
      <trkpt lat="46.7695200" lon="12.5994520">
        <ele>873.75</ele>
      </trkpt>
      <trkpt lat="46.7695330" lon="12.5998970">
        <ele>874.00</ele>
      </trkpt>
      <trkpt lat="46.7694870" lon="12.6007940">
        <ele>872.50</ele>
      </trkpt>
      <trkpt lat="46.7694820" lon="12.6008890">
        <ele>872.75</ele>
      </trkpt>
      <trkpt lat="46.7694840" lon="12.6011070">
        <ele>874.00</ele>
      </trkpt>
      <trkpt lat="46.7696940" lon="12.6013520">
        <ele>874.00</ele>
      </trkpt>
      <trkpt lat="46.7697290" lon="12.6014900">
        <ele>873.25</ele>
      </trkpt>
      <trkpt lat="46.7698250" lon="12.6021420">
        <ele>872.50</ele>
      </trkpt>
      <trkpt lat="46.7699250" lon="12.6025260">
        <ele>870.75</ele>
      </trkpt>
      <trkpt lat="46.7700250" lon="12.6027770">
        <ele>870.25</ele>
      </trkpt>
      <trkpt lat="46.7703010" lon="12.6035110">
        <ele>870.25</ele>
      </trkpt>
      <trkpt lat="46.7706250" lon="12.6044340">
        <ele>869.75</ele>
      </trkpt>
      <trkpt lat="46.7709570" lon="12.6051910">
        <ele>869.50</ele>
      </trkpt>
      <trkpt lat="46.7713030" lon="12.6062500">
        <ele>867.00</ele>
      </trkpt>
      <trkpt lat="46.7716110" lon="12.6070820">
        <ele>865.75</ele>
      </trkpt>
      <trkpt lat="46.7716800" lon="12.6073790">
        <ele>864.50</ele>
      </trkpt>
      <trkpt lat="46.7717220" lon="12.6076910">
        <ele>863.75</ele>
      </trkpt>
      <trkpt lat="46.7719080" lon="12.6081050">
        <ele>864.50</ele>
      </trkpt>
      <trkpt lat="46.7719240" lon="12.6082130">
        <ele>864.75</ele>
      </trkpt>
      <trkpt lat="46.7719090" lon="12.6088390">
        <ele>862.75</ele>
      </trkpt>
      <trkpt lat="46.7719560" lon="12.6090690">
        <ele>863.00</ele>
      </trkpt>
      <trkpt lat="46.7721000" lon="12.6095110">
        <ele>862.75</ele>
      </trkpt>
      <trkpt lat="46.7722230" lon="12.6098910">
        <ele>861.75</ele>
      </trkpt>
      <trkpt lat="46.7725690" lon="12.6110450">
        <ele>860.75</ele>
      </trkpt>
      <trkpt lat="46.7726100" lon="12.6113050">
        <ele>860.25</ele>
      </trkpt>
      <trkpt lat="46.7727740" lon="12.6118630">
        <ele>859.25</ele>
      </trkpt>
      <trkpt lat="46.7730070" lon="12.6124210">
        <ele>859.00</ele>
      </trkpt>
      <trkpt lat="46.7731720" lon="12.6128520">
        <ele>858.00</ele>
      </trkpt>
      <trkpt lat="46.7732230" lon="12.6130300">
        <ele>857.50</ele>
      </trkpt>
      <trkpt lat="46.7732670" lon="12.6131370">
        <ele>857.75</ele>
      </trkpt>
      <trkpt lat="46.7732680" lon="12.6134740">
        <ele>857.75</ele>
      </trkpt>
      <trkpt lat="46.7732820" lon="12.6136310">
        <ele>857.75</ele>
      </trkpt>
      <trkpt lat="46.7733100" lon="12.6137750">
        <ele>857.75</ele>
      </trkpt>
      <trkpt lat="46.7733660" lon="12.6139600">
        <ele>857.75</ele>
      </trkpt>
      <trkpt lat="46.7734120" lon="12.6140540">
        <ele>857.50</ele>
      </trkpt>
      <trkpt lat="46.7735170" lon="12.6143200">
        <ele>857.50</ele>
      </trkpt>
      <trkpt lat="46.7736230" lon="12.6145290">
        <ele>857.50</ele>
      </trkpt>
      <trkpt lat="46.7736700" lon="12.6147210">
        <ele>857.00</ele>
      </trkpt>
      <trkpt lat="46.7737660" lon="12.6149370">
        <ele>856.75</ele>
      </trkpt>
      <trkpt lat="46.7738170" lon="12.6152170">
        <ele>856.50</ele>
      </trkpt>
      <trkpt lat="46.7738370" lon="12.6154290">
        <ele>856.75</ele>
      </trkpt>
      <trkpt lat="46.7738270" lon="12.6155250">
        <ele>856.75</ele>
      </trkpt>
      <trkpt lat="46.7738010" lon="12.6155960">
        <ele>856.50</ele>
      </trkpt>
      <trkpt lat="46.7737030" lon="12.6157040">
        <ele>856.25</ele>
      </trkpt>
      <trkpt lat="46.7736690" lon="12.6157740">
        <ele>856.00</ele>
      </trkpt>
      <trkpt lat="46.7737010" lon="12.6162200">
        <ele>855.50</ele>
      </trkpt>
      <trkpt lat="46.7737120" lon="12.6166520">
        <ele>855.75</ele>
      </trkpt>
      <trkpt lat="46.7736980" lon="12.6167600">
        <ele>855.75</ele>
      </trkpt>
      <trkpt lat="46.7736450" lon="12.6170160">
        <ele>855.00</ele>
      </trkpt>
      <trkpt lat="46.7736400" lon="12.6171280">
        <ele>855.00</ele>
      </trkpt>
      <trkpt lat="46.7736750" lon="12.6173790">
        <ele>854.50</ele>
      </trkpt>
      <trkpt lat="46.7737410" lon="12.6175710">
        <ele>854.75</ele>
      </trkpt>
      <trkpt lat="46.7738550" lon="12.6178280">
        <ele>854.50</ele>
      </trkpt>
      <trkpt lat="46.7740190" lon="12.6180650">
        <ele>854.25</ele>
      </trkpt>
      <trkpt lat="46.7742210" lon="12.6182920">
        <ele>854.75</ele>
      </trkpt>
      <trkpt lat="46.7742540" lon="12.6183540">
        <ele>854.50</ele>
      </trkpt>
      <trkpt lat="46.7742930" lon="12.6184570">
        <ele>854.00</ele>
      </trkpt>
      <trkpt lat="46.7743670" lon="12.6190700">
        <ele>852.75</ele>
      </trkpt>
      <trkpt lat="46.7744510" lon="12.6195010">
        <ele>852.00</ele>
      </trkpt>
      <trkpt lat="46.7745210" lon="12.6197600">
        <ele>851.75</ele>
      </trkpt>
      <trkpt lat="46.7745990" lon="12.6199910">
        <ele>851.25</ele>
      </trkpt>
      <trkpt lat="46.7747080" lon="12.6204110">
        <ele>851.25</ele>
      </trkpt>
      <trkpt lat="46.7750270" lon="12.6219270">
        <ele>848.75</ele>
      </trkpt>
      <trkpt lat="46.7750930" lon="12.6222130">
        <ele>848.00</ele>
      </trkpt>
      <trkpt lat="46.7751580" lon="12.6223720">
        <ele>847.75</ele>
      </trkpt>
      <trkpt lat="46.7753020" lon="12.6226260">
        <ele>848.00</ele>
      </trkpt>
      <trkpt lat="46.7753390" lon="12.6227070">
        <ele>848.25</ele>
      </trkpt>
      <trkpt lat="46.7753870" lon="12.6230470">
        <ele>847.75</ele>
      </trkpt>
      <trkpt lat="46.7754040" lon="12.6234510">
        <ele>846.25</ele>
      </trkpt>
      <trkpt lat="46.7754220" lon="12.6236240">
        <ele>846.00</ele>
      </trkpt>
      <trkpt lat="46.7754430" lon="12.6237080">
        <ele>846.00</ele>
      </trkpt>
      <trkpt lat="46.7754720" lon="12.6237830">
        <ele>846.25</ele>
      </trkpt>
      <trkpt lat="46.7755110" lon="12.6238290">
        <ele>846.50</ele>
      </trkpt>
      <trkpt lat="46.7755890" lon="12.6239000">
        <ele>847.25</ele>
      </trkpt>
      <trkpt lat="46.7756530" lon="12.6239930">
        <ele>847.50</ele>
      </trkpt>
      <trkpt lat="46.7756990" lon="12.6242070">
        <ele>847.50</ele>
      </trkpt>
      <trkpt lat="46.7758020" lon="12.6251070">
        <ele>847.25</ele>
      </trkpt>
      <trkpt lat="46.7758340" lon="12.6254850">
        <ele>846.25</ele>
      </trkpt>
      <trkpt lat="46.7759320" lon="12.6264440">
        <ele>845.25</ele>
      </trkpt>
      <trkpt lat="46.7759570" lon="12.6268150">
        <ele>845.50</ele>
      </trkpt>
      <trkpt lat="46.7759830" lon="12.6279020">
        <ele>844.50</ele>
      </trkpt>
      <trkpt lat="46.7760090" lon="12.6281330">
        <ele>844.25</ele>
      </trkpt>
      <trkpt lat="46.7760860" lon="12.6285240">
        <ele>843.50</ele>
      </trkpt>
      <trkpt lat="46.7762970" lon="12.6295030">
        <ele>842.50</ele>
      </trkpt>
      <trkpt lat="46.7763140" lon="12.6295820">
        <ele>842.75</ele>
      </trkpt>
      <trkpt lat="46.7763950" lon="12.6300070">
        <ele>842.00</ele>
      </trkpt>
      <trkpt lat="46.7765240" lon="12.6304360">
        <ele>841.50</ele>
      </trkpt>
      <trkpt lat="46.7767960" lon="12.6312150">
        <ele>841.50</ele>
      </trkpt>
      <trkpt lat="46.7768560" lon="12.6314120">
        <ele>841.00</ele>
      </trkpt>
      <trkpt lat="46.7769230" lon="12.6316680">
        <ele>840.75</ele>
      </trkpt>
      <trkpt lat="46.7769860" lon="12.6319890">
        <ele>840.00</ele>
      </trkpt>
      <trkpt lat="46.7770130" lon="12.6321570">
        <ele>840.25</ele>
      </trkpt>
      <trkpt lat="46.7770360" lon="12.6327470">
        <ele>839.50</ele>
      </trkpt>
      <trkpt lat="46.7770710" lon="12.6328900">
        <ele>839.50</ele>
      </trkpt>
      <trkpt lat="46.7772080" lon="12.6332290">
        <ele>838.75</ele>
      </trkpt>
      <trkpt lat="46.7772870" lon="12.6334460">
        <ele>839.25</ele>
      </trkpt>
      <trkpt lat="46.7772920" lon="12.6338630">
        <ele>839.25</ele>
      </trkpt>
      <trkpt lat="46.7773660" lon="12.6342620">
        <ele>838.50</ele>
      </trkpt>
      <trkpt lat="46.7770520" lon="12.6344690">
        <ele>838.25</ele>
      </trkpt>
      <trkpt lat="46.7770010" lon="12.6345010">
        <ele>838.75</ele>
      </trkpt>
      <trkpt lat="46.7782490" lon="12.6385060">
        <ele>834.25</ele>
      </trkpt>
      <trkpt lat="46.7786560" lon="12.6398570">
        <ele>834.25</ele>
      </trkpt>
      <trkpt lat="46.7788680" lon="12.6406100">
        <ele>834.25</ele>
      </trkpt>
      <trkpt lat="46.7789360" lon="12.6410300">
        <ele>833.50</ele>
      </trkpt>
      <trkpt lat="46.7789740" lon="12.6412240">
        <ele>832.75</ele>
      </trkpt>
      <trkpt lat="46.7790690" lon="12.6414460">
        <ele>832.25</ele>
      </trkpt>
      <trkpt lat="46.7791360" lon="12.6416410">
        <ele>832.75</ele>
      </trkpt>
      <trkpt lat="46.7792110" lon="12.6419320">
        <ele>832.50</ele>
      </trkpt>
      <trkpt lat="46.7793440" lon="12.6425430">
        <ele>831.25</ele>
      </trkpt>
      <trkpt lat="46.7795080" lon="12.6434660">
        <ele>832.25</ele>
      </trkpt>
      <trkpt lat="46.7795450" lon="12.6437280">
        <ele>832.00</ele>
      </trkpt>
      <trkpt lat="46.7795520" lon="12.6440000">
        <ele>832.25</ele>
      </trkpt>
      <trkpt lat="46.7795130" lon="12.6444670">
        <ele>832.25</ele>
      </trkpt>
      <trkpt lat="46.7794980" lon="12.6449760">
        <ele>831.25</ele>
      </trkpt>
      <trkpt lat="46.7795870" lon="12.6453420">
        <ele>830.50</ele>
      </trkpt>
      <trkpt lat="46.7796640" lon="12.6455430">
        <ele>830.25</ele>
      </trkpt>
      <trkpt lat="46.7797280" lon="12.6458070">
        <ele>829.75</ele>
      </trkpt>
      <trkpt lat="46.7797550" lon="12.6460240">
        <ele>829.50</ele>
      </trkpt>
      <trkpt lat="46.7797210" lon="12.6462910">
        <ele>829.25</ele>
      </trkpt>
      <trkpt lat="46.7797180" lon="12.6463770">
        <ele>829.00</ele>
      </trkpt>
      <trkpt lat="46.7797140" lon="12.6464910">
        <ele>829.00</ele>
      </trkpt>
      <trkpt lat="46.7797960" lon="12.6468570">
        <ele>826.75</ele>
      </trkpt>
      <trkpt lat="46.7797880" lon="12.6471260">
        <ele>826.75</ele>
      </trkpt>
      <trkpt lat="46.7797520" lon="12.6473790">
        <ele>827.25</ele>
      </trkpt>
      <trkpt lat="46.7797500" lon="12.6483060">
        <ele>826.50</ele>
      </trkpt>
      <trkpt lat="46.7797620" lon="12.6491540">
        <ele>824.50</ele>
      </trkpt>
      <trkpt lat="46.7797750" lon="12.6495880">
        <ele>823.50</ele>
      </trkpt>
      <trkpt lat="46.7798120" lon="12.6501790">
        <ele>823.25</ele>
      </trkpt>
      <trkpt lat="46.7798590" lon="12.6511620">
        <ele>822.00</ele>
      </trkpt>
      <trkpt lat="46.7798970" lon="12.6517430">
        <ele>823.00</ele>
      </trkpt>
      <trkpt lat="46.7798820" lon="12.6522440">
        <ele>825.25</ele>
      </trkpt>
      <trkpt lat="46.7799880" lon="12.6526720">
        <ele>824.75</ele>
      </trkpt>
      <trkpt lat="46.7800380" lon="12.6530020">
        <ele>824.50</ele>
      </trkpt>
      <trkpt lat="46.7800710" lon="12.6532910">
        <ele>824.75</ele>
      </trkpt>
      <trkpt lat="46.7801660" lon="12.6535130">
        <ele>823.75</ele>
      </trkpt>
      <trkpt lat="46.7802600" lon="12.6537300">
        <ele>823.50</ele>
      </trkpt>
      <trkpt lat="46.7804670" lon="12.6540860">
        <ele>825.25</ele>
      </trkpt>
      <trkpt lat="46.7806660" lon="12.6542160">
        <ele>825.00</ele>
      </trkpt>
      <trkpt lat="46.7808760" lon="12.6543080">
        <ele>824.50</ele>
      </trkpt>
      <trkpt lat="46.7809640" lon="12.6544230">
        <ele>823.50</ele>
      </trkpt>
      <trkpt lat="46.7810700" lon="12.6546680">
        <ele>821.25</ele>
      </trkpt>
      <trkpt lat="46.7811110" lon="12.6547240">
        <ele>820.00</ele>
      </trkpt>
      <trkpt lat="46.7812180" lon="12.6548470">
        <ele>821.00</ele>
      </trkpt>
      <trkpt lat="46.7814160" lon="12.6549690">
        <ele>822.75</ele>
      </trkpt>
      <trkpt lat="46.7815450" lon="12.6551630">
        <ele>823.50</ele>
      </trkpt>
      <trkpt lat="46.7818080" lon="12.6556150">
        <ele>822.00</ele>
      </trkpt>
      <trkpt lat="46.7820810" lon="12.6560640">
        <ele>821.25</ele>
      </trkpt>
      <trkpt lat="46.7822650" lon="12.6563870">
        <ele>819.00</ele>
      </trkpt>
      <trkpt lat="46.7824670" lon="12.6567680">
        <ele>819.50</ele>
      </trkpt>
      <trkpt lat="46.7825820" lon="12.6570810">
        <ele>819.75</ele>
      </trkpt>
      <trkpt lat="46.7826740" lon="12.6576170">
        <ele>818.00</ele>
      </trkpt>
      <trkpt lat="46.7827270" lon="12.6580540">
        <ele>816.25</ele>
      </trkpt>
      <trkpt lat="46.7827290" lon="12.6584610">
        <ele>815.50</ele>
      </trkpt>
      <trkpt lat="46.7826890" lon="12.6590020">
        <ele>815.25</ele>
      </trkpt>
      <trkpt lat="46.7826170" lon="12.6593830">
        <ele>815.50</ele>
      </trkpt>
      <trkpt lat="46.7824470" lon="12.6599070">
        <ele>815.50</ele>
      </trkpt>
      <trkpt lat="46.7823360" lon="12.6602050">
        <ele>815.25</ele>
      </trkpt>
      <trkpt lat="46.7822410" lon="12.6603970">
        <ele>816.50</ele>
      </trkpt>
      <trkpt lat="46.7822000" lon="12.6605340">
        <ele>817.00</ele>
      </trkpt>
      <trkpt lat="46.7821590" lon="12.6606570">
        <ele>815.75</ele>
      </trkpt>
      <trkpt lat="46.7817560" lon="12.6619660">
        <ele>813.50</ele>
      </trkpt>
      <trkpt lat="46.7817040" lon="12.6622360">
        <ele>815.00</ele>
      </trkpt>
      <trkpt lat="46.7816570" lon="12.6630510">
        <ele>814.25</ele>
      </trkpt>
      <trkpt lat="46.7816630" lon="12.6633220">
        <ele>814.00</ele>
      </trkpt>
      <trkpt lat="46.7817070" lon="12.6636400">
        <ele>813.00</ele>
      </trkpt>
      <trkpt lat="46.7817220" lon="12.6639580">
        <ele>814.00</ele>
      </trkpt>
      <trkpt lat="46.7817530" lon="12.6643090">
        <ele>816.00</ele>
      </trkpt>
      <trkpt lat="46.7818920" lon="12.6648510">
        <ele>816.25</ele>
      </trkpt>
      <trkpt lat="46.7819730" lon="12.6652240">
        <ele>813.00</ele>
      </trkpt>
      <trkpt lat="46.7820910" lon="12.6659280">
        <ele>813.50</ele>
      </trkpt>
      <trkpt lat="46.7821860" lon="12.6662400">
        <ele>813.00</ele>
      </trkpt>
      <trkpt lat="46.7824750" lon="12.6669430">
        <ele>811.25</ele>
      </trkpt>
      <trkpt lat="46.7826230" lon="12.6671550">
        <ele>810.75</ele>
      </trkpt>
      <trkpt lat="46.7827220" lon="12.6673790">
        <ele>809.75</ele>
      </trkpt>
      <trkpt lat="46.7827890" lon="12.6676650">
        <ele>809.25</ele>
      </trkpt>
      <trkpt lat="46.7828500" lon="12.6678650">
        <ele>808.50</ele>
      </trkpt>
      <trkpt lat="46.7829060" lon="12.6681420">
        <ele>807.25</ele>
      </trkpt>
      <trkpt lat="46.7829050" lon="12.6684200">
        <ele>806.75</ele>
      </trkpt>
      <trkpt lat="46.7828520" lon="12.6686910">
        <ele>807.00</ele>
      </trkpt>
      <trkpt lat="46.7828490" lon="12.6690550">
        <ele>806.00</ele>
      </trkpt>
      <trkpt lat="46.7828080" lon="12.6694120">
        <ele>804.75</ele>
      </trkpt>
      <trkpt lat="46.7827660" lon="12.6699320">
        <ele>803.75</ele>
      </trkpt>
      <trkpt lat="46.7827420" lon="12.6706340">
        <ele>804.00</ele>
      </trkpt>
      <trkpt lat="46.7826720" lon="12.6712190">
        <ele>806.25</ele>
      </trkpt>
      <trkpt lat="46.7826370" lon="12.6716510">
        <ele>806.00</ele>
      </trkpt>
      <trkpt lat="46.7826700" lon="12.6719720">
        <ele>805.00</ele>
      </trkpt>
      <trkpt lat="46.7827490" lon="12.6725730">
        <ele>806.50</ele>
      </trkpt>
      <trkpt lat="46.7828410" lon="12.6731130">
        <ele>807.50</ele>
      </trkpt>
      <trkpt lat="46.7829780" lon="12.6734970">
        <ele>808.50</ele>
      </trkpt>
      <trkpt lat="46.7830250" lon="12.6735990">
        <ele>809.00</ele>
      </trkpt>
      <trkpt lat="46.7831160" lon="12.6737610">
        <ele>808.75</ele>
      </trkpt>
      <trkpt lat="46.7831850" lon="12.6739580">
        <ele>808.50</ele>
      </trkpt>
      <trkpt lat="46.7833000" lon="12.6746580">
        <ele>806.25</ele>
      </trkpt>
      <trkpt lat="46.7834310" lon="12.6753270">
        <ele>806.50</ele>
      </trkpt>
      <trkpt lat="46.7835330" lon="12.6757130">
        <ele>804.75</ele>
      </trkpt>
      <trkpt lat="46.7837100" lon="12.6761040">
        <ele>800.75</ele>
      </trkpt>
      <trkpt lat="46.7838530" lon="12.6763650">
        <ele>799.00</ele>
      </trkpt>
      <trkpt lat="46.7839290" lon="12.6766850">
        <ele>799.50</ele>
      </trkpt>
      <trkpt lat="46.7839430" lon="12.6769450">
        <ele>798.50</ele>
      </trkpt>
      <trkpt lat="46.7839940" lon="12.6775800">
        <ele>797.50</ele>
      </trkpt>
      <trkpt lat="46.7840690" lon="12.6782390">
        <ele>797.25</ele>
      </trkpt>
      <trkpt lat="46.7842170" lon="12.6789120">
        <ele>796.50</ele>
      </trkpt>
      <trkpt lat="46.7843620" lon="12.6795280">
        <ele>795.75</ele>
      </trkpt>
      <trkpt lat="46.7845880" lon="12.6800610">
        <ele>796.75</ele>
      </trkpt>
      <trkpt lat="46.7847990" lon="12.6805040">
        <ele>796.25</ele>
      </trkpt>
      <trkpt lat="46.7849640" lon="12.6807920">
        <ele>797.50</ele>
      </trkpt>
      <trkpt lat="46.7850630" lon="12.6809870">
        <ele>799.00</ele>
      </trkpt>
      <trkpt lat="46.7851440" lon="12.6812740">
        <ele>798.50</ele>
      </trkpt>
      <trkpt lat="46.7851280" lon="12.6821200">
        <ele>798.25</ele>
      </trkpt>
      <trkpt lat="46.7851370" lon="12.6822880">
        <ele>798.25</ele>
      </trkpt>
      <trkpt lat="46.7851400" lon="12.6825230">
        <ele>799.25</ele>
      </trkpt>
      <trkpt lat="46.7850990" lon="12.6830900">
        <ele>797.25</ele>
      </trkpt>
      <trkpt lat="46.7850300" lon="12.6835050">
        <ele>796.75</ele>
      </trkpt>
      <trkpt lat="46.7849760" lon="12.6839650">
        <ele>796.00</ele>
      </trkpt>
      <trkpt lat="46.7849560" lon="12.6844490">
        <ele>794.50</ele>
      </trkpt>
      <trkpt lat="46.7849840" lon="12.6848970">
        <ele>793.50</ele>
      </trkpt>
      <trkpt lat="46.7850700" lon="12.6854390">
        <ele>793.25</ele>
      </trkpt>
      <trkpt lat="46.7851610" lon="12.6859100">
        <ele>794.00</ele>
      </trkpt>
      <trkpt lat="46.7852440" lon="12.6862680">
        <ele>791.75</ele>
      </trkpt>
      <trkpt lat="46.7852780" lon="12.6865470">
        <ele>791.00</ele>
      </trkpt>
      <trkpt lat="46.7852800" lon="12.6871010">
        <ele>791.00</ele>
      </trkpt>
      <trkpt lat="46.7852670" lon="12.6878180">
        <ele>789.75</ele>
      </trkpt>
      <trkpt lat="46.7852690" lon="12.6887000">
        <ele>788.75</ele>
      </trkpt>
      <trkpt lat="46.7852500" lon="12.6893710">
        <ele>787.25</ele>
      </trkpt>
      <trkpt lat="46.7852030" lon="12.6904510">
        <ele>787.00</ele>
      </trkpt>
      <trkpt lat="46.7852290" lon="12.6908200">
        <ele>785.50</ele>
      </trkpt>
      <trkpt lat="46.7852510" lon="12.6909610">
        <ele>785.25</ele>
      </trkpt>
      <trkpt lat="46.7853640" lon="12.6914440">
        <ele>788.00</ele>
      </trkpt>
      <trkpt lat="46.7858140" lon="12.6927050">
        <ele>782.00</ele>
      </trkpt>
      <trkpt lat="46.7859200" lon="12.6929600">
        <ele>784.00</ele>
      </trkpt>
      <trkpt lat="46.7859800" lon="12.6931220">
        <ele>783.25</ele>
      </trkpt>
      <trkpt lat="46.7860650" lon="12.6933460">
        <ele>780.25</ele>
      </trkpt>
      <trkpt lat="46.7861510" lon="12.6937230">
        <ele>779.50</ele>
      </trkpt>
      <trkpt lat="46.7861880" lon="12.6942750">
        <ele>778.00</ele>
      </trkpt>
      <trkpt lat="46.7862410" lon="12.6946370">
        <ele>778.50</ele>
      </trkpt>
      <trkpt lat="46.7863770" lon="12.6950440">
        <ele>775.50</ele>
      </trkpt>
      <trkpt lat="46.7864440" lon="12.6955150">
        <ele>775.75</ele>
      </trkpt>
      <trkpt lat="46.7865330" lon="12.6958750">
        <ele>776.25</ele>
      </trkpt>
      <trkpt lat="46.7866970" lon="12.6962210">
        <ele>777.00</ele>
      </trkpt>
      <trkpt lat="46.7868200" lon="12.6965480">
        <ele>777.00</ele>
      </trkpt>
      <trkpt lat="46.7868840" lon="12.6967980">
        <ele>773.75</ele>
      </trkpt>
      <trkpt lat="46.7869470" lon="12.6974050">
        <ele>772.50</ele>
      </trkpt>
      <trkpt lat="46.7871260" lon="12.6986720">
        <ele>773.50</ele>
      </trkpt>
      <trkpt lat="46.7871490" lon="12.6988840">
        <ele>772.00</ele>
      </trkpt>
      <trkpt lat="46.7871240" lon="12.6991660">
        <ele>771.75</ele>
      </trkpt>
      <trkpt lat="46.7871620" lon="12.6993770">
        <ele>770.50</ele>
      </trkpt>
      <trkpt lat="46.7874650" lon="12.7003450">
        <ele>766.00</ele>
      </trkpt>
      <trkpt lat="46.7875370" lon="12.7007920">
        <ele>765.50</ele>
      </trkpt>
      <trkpt lat="46.7876400" lon="12.7012200">
        <ele>768.75</ele>
      </trkpt>
      <trkpt lat="46.7878350" lon="12.7016280">
        <ele>766.25</ele>
      </trkpt>
      <trkpt lat="46.7879630" lon="12.7020220">
        <ele>767.50</ele>
      </trkpt>
      <trkpt lat="46.7880990" lon="12.7026070">
        <ele>766.00</ele>
      </trkpt>
      <trkpt lat="46.7883340" lon="12.7032260">
        <ele>765.25</ele>
      </trkpt>
      <trkpt lat="46.7885900" lon="12.7035670">
        <ele>762.50</ele>
      </trkpt>
      <trkpt lat="46.7888770" lon="12.7041930">
        <ele>761.50</ele>
      </trkpt>
      <trkpt lat="46.7890750" lon="12.7047470">
        <ele>762.00</ele>
      </trkpt>
      <trkpt lat="46.7895190" lon="12.7057480">
        <ele>760.50</ele>
      </trkpt>
      <trkpt lat="46.7896020" lon="12.7061350">
        <ele>759.75</ele>
      </trkpt>
      <trkpt lat="46.7896090" lon="12.7064980">
        <ele>760.25</ele>
      </trkpt>
      <trkpt lat="46.7897080" lon="12.7071520">
        <ele>758.25</ele>
      </trkpt>
      <trkpt lat="46.7899700" lon="12.7078710">
        <ele>758.75</ele>
      </trkpt>
      <trkpt lat="46.7902080" lon="12.7081230">
        <ele>758.75</ele>
      </trkpt>
      <trkpt lat="46.7906680" lon="12.7087440">
        <ele>758.25</ele>
      </trkpt>
      <trkpt lat="46.7908610" lon="12.7091420">
        <ele>758.00</ele>
      </trkpt>
      <trkpt lat="46.7909810" lon="12.7095610">
        <ele>759.25</ele>
      </trkpt>
      <trkpt lat="46.7912530" lon="12.7104520">
        <ele>756.75</ele>
      </trkpt>
      <trkpt lat="46.7913800" lon="12.7111580">
        <ele>754.50</ele>
      </trkpt>
      <trkpt lat="46.7915320" lon="12.7122650">
        <ele>752.25</ele>
      </trkpt>
      <trkpt lat="46.7916350" lon="12.7133060">
        <ele>751.75</ele>
      </trkpt>
      <trkpt lat="46.7916370" lon="12.7135340">
        <ele>752.00</ele>
      </trkpt>
      <trkpt lat="46.7916240" lon="12.7137670">
        <ele>752.25</ele>
      </trkpt>
      <trkpt lat="46.7915100" lon="12.7143460">
        <ele>754.00</ele>
      </trkpt>
      <trkpt lat="46.7913760" lon="12.7153340">
        <ele>748.50</ele>
      </trkpt>
      <trkpt lat="46.7913320" lon="12.7157950">
        <ele>748.00</ele>
      </trkpt>
      <trkpt lat="46.7913210" lon="12.7161000">
        <ele>747.50</ele>
      </trkpt>
      <trkpt lat="46.7913590" lon="12.7164440">
        <ele>746.75</ele>
      </trkpt>
      <trkpt lat="46.7914360" lon="12.7168350">
        <ele>750.00</ele>
      </trkpt>
      <trkpt lat="46.7917960" lon="12.7182030">
        <ele>748.50</ele>
      </trkpt>
      <trkpt lat="46.7919100" lon="12.7186580">
        <ele>750.00</ele>
      </trkpt>
      <trkpt lat="46.7920940" lon="12.7192320">
        <ele>750.75</ele>
      </trkpt>
      <trkpt lat="46.7922560" lon="12.7196380">
        <ele>752.00</ele>
      </trkpt>
      <trkpt lat="46.7924660" lon="12.7200680">
        <ele>754.75</ele>
      </trkpt>
      <trkpt lat="46.7928390" lon="12.7207000">
        <ele>752.50</ele>
      </trkpt>
      <trkpt lat="46.7930260" lon="12.7211030">
        <ele>751.50</ele>
      </trkpt>
      <trkpt lat="46.7931860" lon="12.7215030">
        <ele>748.50</ele>
      </trkpt>
      <trkpt lat="46.7932530" lon="12.7217400">
        <ele>747.75</ele>
      </trkpt>
      <trkpt lat="46.7932600" lon="12.7219060">
        <ele>748.50</ele>
      </trkpt>
      <trkpt lat="46.7932380" lon="12.7222180">
        <ele>750.00</ele>
      </trkpt>
      <trkpt lat="46.7932060" lon="12.7233220">
        <ele>746.00</ele>
      </trkpt>
      <trkpt lat="46.7932040" lon="12.7239390">
        <ele>744.75</ele>
      </trkpt>
      <trkpt lat="46.7932500" lon="12.7246260">
        <ele>741.25</ele>
      </trkpt>
      <trkpt lat="46.7933720" lon="12.7256230">
        <ele>733.75</ele>
      </trkpt>
      <trkpt lat="46.7934430" lon="12.7263480">
        <ele>728.75</ele>
      </trkpt>
      <trkpt lat="46.7934490" lon="12.7281660">
        <ele>725.75</ele>
      </trkpt>
      <trkpt lat="46.7934100" lon="12.7283830">
        <ele>725.75</ele>
      </trkpt>
      <trkpt lat="46.7933430" lon="12.7286090">
        <ele>726.75</ele>
      </trkpt>
      <trkpt lat="46.7933220" lon="12.7286940">
        <ele>727.50</ele>
      </trkpt>
      <trkpt lat="46.7933040" lon="12.7287640">
        <ele>728.50</ele>
      </trkpt>
      <trkpt lat="46.7933370" lon="12.7292170">
        <ele>728.00</ele>
      </trkpt>
      <trkpt lat="46.7934470" lon="12.7297070">
        <ele>728.50</ele>
      </trkpt>
      <trkpt lat="46.7937600" lon="12.7307100">
        <ele>728.50</ele>
      </trkpt>
      <trkpt lat="46.7941910" lon="12.7316970">
        <ele>725.75</ele>
      </trkpt>
      <trkpt lat="46.7945310" lon="12.7324380">
        <ele>724.75</ele>
      </trkpt>
      <trkpt lat="46.7947060" lon="12.7327850">
        <ele>724.50</ele>
      </trkpt>
      <trkpt lat="46.7948190" lon="12.7329680">
        <ele>724.00</ele>
      </trkpt>
      <trkpt lat="46.7958650" lon="12.7344980">
        <ele>720.50</ele>
      </trkpt>
      <trkpt lat="46.7961740" lon="12.7350590">
        <ele>720.25</ele>
      </trkpt>
      <trkpt lat="46.7962730" lon="12.7352600">
        <ele>719.75</ele>
      </trkpt>
      <trkpt lat="46.7963090" lon="12.7353370">
        <ele>720.25</ele>
      </trkpt>
      <trkpt lat="46.7972980" lon="12.7374690">
        <ele>717.25</ele>
      </trkpt>
      <trkpt lat="46.7979480" lon="12.7387950">
        <ele>719.75</ele>
      </trkpt>
      <trkpt lat="46.7980460" lon="12.7390700">
        <ele>717.00</ele>
      </trkpt>
      <trkpt lat="46.7986110" lon="12.7409570">
        <ele>713.75</ele>
      </trkpt>
      <trkpt lat="46.7988990" lon="12.7420370">
        <ele>713.00</ele>
      </trkpt>
      <trkpt lat="46.7989990" lon="12.7427230">
        <ele>714.50</ele>
      </trkpt>
      <trkpt lat="46.7992320" lon="12.7433880">
        <ele>711.00</ele>
      </trkpt>
      <trkpt lat="46.7993170" lon="12.7437090">
        <ele>712.25</ele>
      </trkpt>
      <trkpt lat="46.7993470" lon="12.7439550">
        <ele>712.00</ele>
      </trkpt>
      <trkpt lat="46.7993650" lon="12.7440180">
        <ele>711.50</ele>
      </trkpt>
      <trkpt lat="46.7994020" lon="12.7441290">
        <ele>711.00</ele>
      </trkpt>
      <trkpt lat="46.7994350" lon="12.7442280">
        <ele>711.25</ele>
      </trkpt>
      <trkpt lat="46.7995030" lon="12.7443020">
        <ele>711.25</ele>
      </trkpt>
      <trkpt lat="46.7996330" lon="12.7443310">
        <ele>711.00</ele>
      </trkpt>
      <trkpt lat="46.7997100" lon="12.7443790">
        <ele>711.00</ele>
      </trkpt>
      <trkpt lat="46.8001010" lon="12.7449150">
        <ele>710.00</ele>
      </trkpt>
      <trkpt lat="46.8002080" lon="12.7449880">
        <ele>709.50</ele>
      </trkpt>
      <trkpt lat="46.8002800" lon="12.7450600">
        <ele>708.75</ele>
      </trkpt>
      <trkpt lat="46.8006140" lon="12.7455000">
        <ele>706.75</ele>
      </trkpt>
      <trkpt lat="46.8018350" lon="12.7470540">
        <ele>704.25</ele>
      </trkpt>
      <trkpt lat="46.8021310" lon="12.7475080">
        <ele>704.25</ele>
      </trkpt>
      <trkpt lat="46.8026980" lon="12.7483360">
        <ele>704.25</ele>
      </trkpt>
      <trkpt lat="46.8029300" lon="12.7487270">
        <ele>701.25</ele>
      </trkpt>
      <trkpt lat="46.8029360" lon="12.7488130">
        <ele>700.50</ele>
      </trkpt>
      <trkpt lat="46.8029370" lon="12.7490280">
        <ele>701.75</ele>
      </trkpt>
      <trkpt lat="46.8029410" lon="12.7492010">
        <ele>703.50</ele>
      </trkpt>
      <trkpt lat="46.8021440" lon="12.7493530">
        <ele>705.25</ele>
      </trkpt>
      <trkpt lat="46.8020530" lon="12.7494130">
        <ele>705.75</ele>
      </trkpt>
      <trkpt lat="46.8022690" lon="12.7499950">
        <ele>706.50</ele>
      </trkpt>
      <trkpt lat="46.8023490" lon="12.7501950">
        <ele>706.50</ele>
      </trkpt>
      <trkpt lat="46.8023650" lon="12.7503230">
        <ele>706.25</ele>
      </trkpt>
      <trkpt lat="46.8023340" lon="12.7504220">
        <ele>705.75</ele>
      </trkpt>
      <trkpt lat="46.8020820" lon="12.7508790">
        <ele>704.25</ele>
      </trkpt>
      <trkpt lat="46.8020850" lon="12.7511070">
        <ele>703.75</ele>
      </trkpt>
      <trkpt lat="46.8021750" lon="12.7513470">
        <ele>704.25</ele>
      </trkpt>
      <trkpt lat="46.8022770" lon="12.7516110">
        <ele>703.25</ele>
      </trkpt>
      <trkpt lat="46.8023650" lon="12.7518830">
        <ele>703.25</ele>
      </trkpt>
      <trkpt lat="46.8024450" lon="12.7522510">
        <ele>703.50</ele>
      </trkpt>
      <trkpt lat="46.8025170" lon="12.7526510">
        <ele>702.75</ele>
      </trkpt>
      <trkpt lat="46.8025810" lon="12.7529230">
        <ele>703.75</ele>
      </trkpt>
      <trkpt lat="46.8027010" lon="12.7531630">
        <ele>703.75</ele>
      </trkpt>
      <trkpt lat="46.8028290" lon="12.7533390">
        <ele>702.00</ele>
      </trkpt>
      <trkpt lat="46.8030130" lon="12.7534590">
        <ele>703.00</ele>
      </trkpt>
      <trkpt lat="46.8032230" lon="12.7535630">
        <ele>702.00</ele>
      </trkpt>
      <trkpt lat="46.8033490" lon="12.7537310">
        <ele>703.00</ele>
      </trkpt>
      <trkpt lat="46.8035410" lon="12.7538830">
        <ele>702.00</ele>
      </trkpt>
      <trkpt lat="46.8038290" lon="12.7539950">
        <ele>702.75</ele>
      </trkpt>
      <trkpt lat="46.8040310" lon="12.7540260">
        <ele>702.25</ele>
      </trkpt>
      <trkpt lat="46.8041890" lon="12.7540500">
        <ele>702.00</ele>
      </trkpt>
      <trkpt lat="46.8043380" lon="12.7540930">
        <ele>701.25</ele>
      </trkpt>
      <trkpt lat="46.8044270" lon="12.7541360">
        <ele>701.00</ele>
      </trkpt>
      <trkpt lat="46.8050000" lon="12.7525930">
        <ele>699.50</ele>
      </trkpt>
      <trkpt lat="46.8051200" lon="12.7522610">
        <ele>699.00</ele>
      </trkpt>
      <trkpt lat="46.8053670" lon="12.7518130">
        <ele>698.75</ele>
      </trkpt>
      <trkpt lat="46.8056990" lon="12.7524470">
        <ele>698.25</ele>
      </trkpt>
      <trkpt lat="46.8061100" lon="12.7529340">
        <ele>697.00</ele>
      </trkpt>
      <trkpt lat="46.8064900" lon="12.7534040">
        <ele>696.75</ele>
      </trkpt>
      <trkpt lat="46.8068080" lon="12.7537890">
        <ele>696.25</ele>
      </trkpt>
      <trkpt lat="46.8073210" lon="12.7542810">
        <ele>694.75</ele>
      </trkpt>
      <trkpt lat="46.8076650" lon="12.7545630">
        <ele>693.50</ele>
      </trkpt>
      <trkpt lat="46.8080210" lon="12.7547960">
        <ele>692.00</ele>
      </trkpt>
      <trkpt lat="46.8082060" lon="12.7549680">
        <ele>692.75</ele>
      </trkpt>
      <trkpt lat="46.8083320" lon="12.7550450">
        <ele>693.75</ele>
      </trkpt>
      <trkpt lat="46.8087120" lon="12.7553060">
        <ele>693.50</ele>
      </trkpt>
      <trkpt lat="46.8093880" lon="12.7555530">
        <ele>692.75</ele>
      </trkpt>
      <trkpt lat="46.8095770" lon="12.7556070">
        <ele>692.00</ele>
      </trkpt>
      <trkpt lat="46.8103290" lon="12.7557270">
        <ele>690.00</ele>
      </trkpt>
      <trkpt lat="46.8118950" lon="12.7561440">
        <ele>690.00</ele>
      </trkpt>
      <trkpt lat="46.8124610" lon="12.7563800">
        <ele>688.00</ele>
      </trkpt>
      <trkpt lat="46.8135370" lon="12.7570830">
        <ele>686.75</ele>
      </trkpt>
      <trkpt lat="46.8144320" lon="12.7576710">
        <ele>685.25</ele>
      </trkpt>
      <trkpt lat="46.8153070" lon="12.7582450">
        <ele>685.75</ele>
      </trkpt>
      <trkpt lat="46.8157700" lon="12.7583590">
        <ele>684.50</ele>
      </trkpt>
      <trkpt lat="46.8169810" lon="12.7590180">
        <ele>683.75</ele>
      </trkpt>
      <trkpt lat="46.8177700" lon="12.7595010">
        <ele>682.00</ele>
      </trkpt>
      <trkpt lat="46.8178550" lon="12.7596190">
        <ele>682.25</ele>
      </trkpt>
      <trkpt lat="46.8179300" lon="12.7596760">
        <ele>682.50</ele>
      </trkpt>
      <trkpt lat="46.8180900" lon="12.7596830">
        <ele>682.25</ele>
      </trkpt>
      <trkpt lat="46.8181550" lon="12.7597060">
        <ele>682.00</ele>
      </trkpt>
      <trkpt lat="46.8185470" lon="12.7599540">
        <ele>681.00</ele>
      </trkpt>
      <trkpt lat="46.8187060" lon="12.7600820">
        <ele>681.00</ele>
      </trkpt>
      <trkpt lat="46.8200740" lon="12.7608610">
        <ele>680.25</ele>
      </trkpt>
      <trkpt lat="46.8209760" lon="12.7613600">
        <ele>678.75</ele>
      </trkpt>
      <trkpt lat="46.8222640" lon="12.7621590">
        <ele>679.00</ele>
      </trkpt>
      <trkpt lat="46.8224120" lon="12.7622290">
        <ele>678.50</ele>
      </trkpt>
      <trkpt lat="46.8228350" lon="12.7624810">
        <ele>678.75</ele>
      </trkpt>
      <trkpt lat="46.8230690" lon="12.7626770">
        <ele>678.50</ele>
      </trkpt>
      <trkpt lat="46.8234170" lon="12.7629660">
        <ele>679.00</ele>
      </trkpt>
      <trkpt lat="46.8234720" lon="12.7630380">
        <ele>679.25</ele>
      </trkpt>
      <trkpt lat="46.8235120" lon="12.7631330">
        <ele>679.00</ele>
      </trkpt>
      <trkpt lat="46.8237090" lon="12.7634460">
        <ele>678.00</ele>
      </trkpt>
      <trkpt lat="46.8242720" lon="12.7643490">
        <ele>677.50</ele>
      </trkpt>
      <trkpt lat="46.8242990" lon="12.7643920">
        <ele>677.50</ele>
      </trkpt>
      <trkpt lat="46.8245480" lon="12.7648260">
        <ele>677.50</ele>
      </trkpt>
      <trkpt lat="46.8246360" lon="12.7649560">
        <ele>677.25</ele>
      </trkpt>
      <trkpt lat="46.8247830" lon="12.7651650">
        <ele>677.00</ele>
      </trkpt>
      <trkpt lat="46.8249380" lon="12.7653870">
        <ele>677.00</ele>
      </trkpt>
      <trkpt lat="46.8250820" lon="12.7655820">
        <ele>676.50</ele>
      </trkpt>
      <trkpt lat="46.8251580" lon="12.7656730">
        <ele>676.50</ele>
      </trkpt>
      <trkpt lat="46.8252020" lon="12.7657490">
        <ele>676.75</ele>
      </trkpt>
      <trkpt lat="46.8252430" lon="12.7658450">
        <ele>677.00</ele>
      </trkpt>
      <trkpt lat="46.8253070" lon="12.7660560">
        <ele>676.50</ele>
      </trkpt>
      <trkpt lat="46.8253320" lon="12.7661350">
        <ele>676.25</ele>
      </trkpt>
      <trkpt lat="46.8254130" lon="12.7662110">
        <ele>675.25</ele>
      </trkpt>
      <trkpt lat="46.8255640" lon="12.7665050">
        <ele>675.75</ele>
      </trkpt>
      <trkpt lat="46.8255840" lon="12.7665670">
        <ele>675.75</ele>
      </trkpt>
      <trkpt lat="46.8256040" lon="12.7666330">
        <ele>675.75</ele>
      </trkpt>
      <trkpt lat="46.8256130" lon="12.7666250">
        <ele>675.75</ele>
      </trkpt>
      <trkpt lat="46.8259170" lon="12.7664350">
        <ele>674.00</ele>
      </trkpt>
      <trkpt lat="46.8260050" lon="12.7663780">
        <ele>674.50</ele>
      </trkpt>
      <trkpt lat="46.8260570" lon="12.7663440">
        <ele>674.50</ele>
      </trkpt>
      <trkpt lat="46.8261750" lon="12.7662530">
        <ele>674.50</ele>
      </trkpt>
      <trkpt lat="46.8263440" lon="12.7659520">
        <ele>674.00</ele>
      </trkpt>
      <trkpt lat="46.8264570" lon="12.7657160">
        <ele>673.00</ele>
      </trkpt>
      <trkpt lat="46.8265270" lon="12.7656160">
        <ele>673.00</ele>
      </trkpt>
      <trkpt lat="46.8265830" lon="12.7655700">
        <ele>673.25</ele>
      </trkpt>
      <trkpt lat="46.8266860" lon="12.7655150">
        <ele>673.50</ele>
      </trkpt>
      <trkpt lat="46.8268030" lon="12.7654790">
        <ele>673.75</ele>
      </trkpt>
      <trkpt lat="46.8268420" lon="12.7654720">
        <ele>673.75</ele>
      </trkpt>
      <trkpt lat="46.8269670" lon="12.7654780">
        <ele>674.50</ele>
      </trkpt>
      <trkpt lat="46.8270150" lon="12.7654940">
        <ele>674.75</ele>
      </trkpt>
      <trkpt lat="46.8271990" lon="12.7655870">
        <ele>675.00</ele>
      </trkpt>
      <trkpt lat="46.8272610" lon="12.7656270">
        <ele>675.00</ele>
      </trkpt>
      <trkpt lat="46.8273120" lon="12.7656550">
        <ele>675.25</ele>
      </trkpt>
      <trkpt lat="46.8272210" lon="12.7658190">
        <ele>675.00</ele>
      </trkpt>
      <trkpt lat="46.8271980" lon="12.7658790">
        <ele>675.00</ele>
      </trkpt>
      <trkpt lat="46.8271820" lon="12.7659420">
        <ele>675.25</ele>
      </trkpt>
      <trkpt lat="46.8271710" lon="12.7660460">
        <ele>675.50</ele>
      </trkpt>
      <trkpt lat="46.8271860" lon="12.7661210">
        <ele>675.75</ele>
      </trkpt>
      <trkpt lat="46.8274750" lon="12.7667550">
        <ele>675.00</ele>
      </trkpt>
      <trkpt lat="46.8278950" lon="12.7680650">
        <ele>675.00</ele>
      </trkpt>
      <trkpt lat="46.8281640" lon="12.7689050">
        <ele>674.50</ele>
      </trkpt>
      <trkpt lat="46.8281790" lon="12.7689530">
        <ele>674.50</ele>
      </trkpt>
      <trkpt lat="46.8286120" lon="12.7703060">
        <ele>674.00</ele>
      </trkpt>
      <trkpt lat="46.8286620" lon="12.7704690">
        <ele>674.00</ele>
      </trkpt>
      <trkpt lat="46.8287160" lon="12.7706300">
        <ele>674.00</ele>
      </trkpt>
      <trkpt lat="46.8291010" lon="12.7717950">
        <ele>674.00</ele>
      </trkpt>
      <trkpt lat="46.8294640" lon="12.7727950">
        <ele>673.00</ele>
      </trkpt>
      <trkpt lat="46.8298920" lon="12.7738040">
        <ele>671.50</ele>
      </trkpt>
      <trkpt lat="46.8299260" lon="12.7738760">
        <ele>670.75</ele>
      </trkpt>
      <trkpt lat="46.8302800" lon="12.7746350">
        <ele>671.00</ele>
      </trkpt>
      <trkpt lat="46.8303390" lon="12.7747600">
        <ele>672.00</ele>
      </trkpt>
      <trkpt lat="46.8303260" lon="12.7748000">
        <ele>672.00</ele>
      </trkpt>
      <trkpt lat="46.8303060" lon="12.7748050">
        <ele>672.00</ele>
      </trkpt>
      <trkpt lat="46.8302690" lon="12.7747590">
        <ele>671.75</ele>
      </trkpt>
      <trkpt lat="46.8302270" lon="12.7747610">
        <ele>671.00</ele>
      </trkpt>
      <trkpt lat="46.8301680" lon="12.7748170">
        <ele>670.25</ele>
      </trkpt>
      <trkpt lat="46.8299940" lon="12.7749950">
        <ele>670.75</ele>
      </trkpt>
      <trkpt lat="46.8298500" lon="12.7752040">
        <ele>669.00</ele>
      </trkpt>
      <trkpt lat="46.8296060" lon="12.7756500">
        <ele>669.75</ele>
      </trkpt>
      <trkpt lat="46.8296020" lon="12.7757110">
        <ele>670.25</ele>
      </trkpt>
      <trkpt lat="46.8299640" lon="12.7769630">
        <ele>671.75</ele>
      </trkpt>
      <trkpt lat="46.8301680" lon="12.7777000">
        <ele>671.50</ele>
      </trkpt>
      <trkpt lat="46.8301780" lon="12.7778110">
        <ele>671.50</ele>
      </trkpt>
      <trkpt lat="46.8301600" lon="12.7779310">
        <ele>671.50</ele>
      </trkpt>
      <trkpt lat="46.8301640" lon="12.7779880">
        <ele>671.50</ele>
      </trkpt>
      <trkpt lat="46.8302400" lon="12.7783130">
        <ele>671.75</ele>
      </trkpt>
      <trkpt lat="46.8302290" lon="12.7784390">
        <ele>669.75</ele>
      </trkpt>
      <trkpt lat="46.8302410" lon="12.7785170">
        <ele>668.50</ele>
      </trkpt>
      <trkpt lat="46.8302760" lon="12.7787330">
        <ele>668.25</ele>
      </trkpt>
      <trkpt lat="46.8303170" lon="12.7790940">
        <ele>670.00</ele>
      </trkpt>
      <trkpt lat="46.8303480" lon="12.7800230">
        <ele>670.00</ele>
      </trkpt>
      <trkpt lat="46.8302480" lon="12.7815770">
        <ele>669.00</ele>
      </trkpt>
      <trkpt lat="46.8302160" lon="12.7818310">
        <ele>669.25</ele>
      </trkpt>
      <trkpt lat="46.8300210" lon="12.7827160">
        <ele>668.25</ele>
      </trkpt>
      <trkpt lat="46.8298040" lon="12.7835100">
        <ele>668.25</ele>
      </trkpt>
      <trkpt lat="46.8293110" lon="12.7850560">
        <ele>668.50</ele>
      </trkpt>
      <trkpt lat="46.8289370" lon="12.7862300">
        <ele>668.00</ele>
      </trkpt>
      <trkpt lat="46.8288660" lon="12.7861790">
        <ele>667.75</ele>
      </trkpt>
      <trkpt lat="46.8286910" lon="12.7860660">
        <ele>667.25</ele>
      </trkpt>
      <trkpt lat="46.8284070" lon="12.7859350">
        <ele>667.50</ele>
      </trkpt>
      <trkpt lat="46.8282080" lon="12.7859610">
        <ele>667.50</ele>
      </trkpt>
      <trkpt lat="46.8280830" lon="12.7860200">
        <ele>667.25</ele>
      </trkpt>
      <trkpt lat="46.8277340" lon="12.7862640">
        <ele>667.25</ele>
      </trkpt>
      <trkpt lat="46.8276570" lon="12.7863430">
        <ele>667.25</ele>
      </trkpt>
      <trkpt lat="46.8276070" lon="12.7863810">
        <ele>667.50</ele>
      </trkpt>
      <trkpt lat="46.8275580" lon="12.7863960">
        <ele>667.75</ele>
      </trkpt>
      <trkpt lat="46.8275280" lon="12.7863940">
        <ele>667.75</ele>
      </trkpt>
      <trkpt lat="46.8272820" lon="12.7862570">
        <ele>667.75</ele>
      </trkpt>
      <trkpt lat="46.8270090" lon="12.7860830">
        <ele>668.00</ele>
      </trkpt>
      <trkpt lat="46.8267530" lon="12.7859190">
        <ele>668.00</ele>
      </trkpt>
      <trkpt lat="46.8267070" lon="12.7858900">
        <ele>668.00</ele>
      </trkpt>
      <trkpt lat="46.8265320" lon="12.7857800">
        <ele>668.00</ele>
      </trkpt>
      <trkpt lat="46.8260120" lon="12.7854540">
        <ele>667.75</ele>
      </trkpt>
      <trkpt lat="46.8254880" lon="12.7851240">
        <ele>667.50</ele>
      </trkpt>
      <trkpt lat="46.8254030" lon="12.7850710">
        <ele>667.50</ele>
      </trkpt>
      <trkpt lat="46.8244800" lon="12.7844520">
        <ele>668.00</ele>
      </trkpt>
      <trkpt lat="46.8240440" lon="12.7852630">
        <ele>665.75</ele>
      </trkpt>
      <trkpt lat="46.8237710" lon="12.7858130">
        <ele>665.25</ele>
      </trkpt>
      <trkpt lat="46.8233530" lon="12.7869190">
        <ele>665.75</ele>
      </trkpt>
      <trkpt lat="46.8230370" lon="12.7878750">
        <ele>665.50</ele>
      </trkpt>
      <trkpt lat="46.8225450" lon="12.7893120">
        <ele>665.50</ele>
      </trkpt>
      <trkpt lat="46.8223180" lon="12.7900350">
        <ele>664.25</ele>
      </trkpt>
      <trkpt lat="46.8221940" lon="12.7906000">
        <ele>665.25</ele>
      </trkpt>
      <trkpt lat="46.8221490" lon="12.7910340">
        <ele>663.75</ele>
      </trkpt>
      <trkpt lat="46.8220630" lon="12.7924780">
        <ele>663.00</ele>
      </trkpt>
      <trkpt lat="46.8219900" lon="12.7951370">
        <ele>663.50</ele>
      </trkpt>
      <trkpt lat="46.8219930" lon="12.7960940">
        <ele>661.25</ele>
      </trkpt>
      <trkpt lat="46.8218440" lon="12.7979030">
        <ele>661.25</ele>
      </trkpt>
      <trkpt lat="46.8217190" lon="12.7986900">
        <ele>661.50</ele>
      </trkpt>
      <trkpt lat="46.8216260" lon="12.7991610">
        <ele>662.25</ele>
      </trkpt>
      <trkpt lat="46.8214910" lon="12.7997260">
        <ele>660.50</ele>
      </trkpt>
      <trkpt lat="46.8209930" lon="12.8014060">
        <ele>660.50</ele>
      </trkpt>
      <trkpt lat="46.8209700" lon="12.8015680">
        <ele>660.75</ele>
      </trkpt>
      <trkpt lat="46.8209860" lon="12.8017210">
        <ele>661.00</ele>
      </trkpt>
      <trkpt lat="46.8210930" lon="12.8018950">
        <ele>661.75</ele>
      </trkpt>
      <trkpt lat="46.8211700" lon="12.8020060">
        <ele>662.00</ele>
      </trkpt>
      <trkpt lat="46.8211870" lon="12.8020910">
        <ele>662.00</ele>
      </trkpt>
      <trkpt lat="46.8210300" lon="12.8026440">
        <ele>661.75</ele>
      </trkpt>
      <trkpt lat="46.8195870" lon="12.8067220">
        <ele>661.00</ele>
      </trkpt>
      <trkpt lat="46.8196160" lon="12.8067960">
        <ele>660.75</ele>
      </trkpt>
      <trkpt lat="46.8197690" lon="12.8068790">
        <ele>660.75</ele>
      </trkpt>
      <trkpt lat="46.8193650" lon="12.8082650">
        <ele>659.75</ele>
      </trkpt>
      <trkpt lat="46.8191950" lon="12.8081900">
        <ele>659.50</ele>
      </trkpt>
      <trkpt lat="46.8190980" lon="12.8081990">
        <ele>659.25</ele>
      </trkpt>
      <trkpt lat="46.8188190" lon="12.8091230">
        <ele>659.00</ele>
      </trkpt>
      <trkpt lat="46.8183620" lon="12.8108070">
        <ele>658.00</ele>
      </trkpt>
      <trkpt lat="46.8170810" lon="12.8155540">
        <ele>657.00</ele>
      </trkpt>
      <trkpt lat="46.8162930" lon="12.8183150">
        <ele>656.00</ele>
      </trkpt>
      <trkpt lat="46.8160200" lon="12.8193650">
        <ele>655.25</ele>
      </trkpt>
      <trkpt lat="46.8157320" lon="12.8205770">
        <ele>655.50</ele>
      </trkpt>
      <trkpt lat="46.8153690" lon="12.8223280">
        <ele>655.25</ele>
      </trkpt>
      <trkpt lat="46.8150440" lon="12.8240940">
        <ele>655.00</ele>
      </trkpt>
      <trkpt lat="46.8149080" lon="12.8249100">
        <ele>654.50</ele>
      </trkpt>
      <trkpt lat="46.8148020" lon="12.8255460">
        <ele>655.25</ele>
      </trkpt>
      <trkpt lat="46.8146300" lon="12.8267330">
        <ele>654.25</ele>
      </trkpt>
      <trkpt lat="46.8143680" lon="12.8285360">
        <ele>653.50</ele>
      </trkpt>
      <trkpt lat="46.8142210" lon="12.8285230">
        <ele>654.50</ele>
      </trkpt>
      <trkpt lat="46.8141690" lon="12.8286150">
        <ele>654.75</ele>
      </trkpt>
      <trkpt lat="46.8129910" lon="12.8360440">
        <ele>653.25</ele>
      </trkpt>
      <trkpt lat="46.8128720" lon="12.8366520">
        <ele>652.75</ele>
      </trkpt>
      <trkpt lat="46.8127290" lon="12.8371530">
        <ele>652.25</ele>
      </trkpt>
      <trkpt lat="46.8124110" lon="12.8379730">
        <ele>651.75</ele>
      </trkpt>
      <trkpt lat="46.8121190" lon="12.8386010">
        <ele>651.75</ele>
      </trkpt>
      <trkpt lat="46.8116290" lon="12.8393340">
        <ele>652.00</ele>
      </trkpt>
      <trkpt lat="46.8103860" lon="12.8407710">
        <ele>650.75</ele>
      </trkpt>
      <trkpt lat="46.8095600" lon="12.8415250">
        <ele>650.50</ele>
      </trkpt>
      <trkpt lat="46.8092740" lon="12.8418070">
        <ele>650.75</ele>
      </trkpt>
      <trkpt lat="46.8092210" lon="12.8419180">
        <ele>651.50</ele>
      </trkpt>
      <trkpt lat="46.8092160" lon="12.8420030">
        <ele>651.50</ele>
      </trkpt>
      <trkpt lat="46.8092410" lon="12.8422160">
        <ele>650.25</ele>
      </trkpt>
      <trkpt lat="46.8092480" lon="12.8422670">
        <ele>650.25</ele>
      </trkpt>
      <trkpt lat="46.8092180" lon="12.8423330">
        <ele>650.25</ele>
      </trkpt>
      <trkpt lat="46.8087040" lon="12.8425560">
        <ele>650.00</ele>
      </trkpt>
      <trkpt lat="46.8082240" lon="12.8428880">
        <ele>649.50</ele>
      </trkpt>
      <trkpt lat="46.8077050" lon="12.8433320">
        <ele>650.00</ele>
      </trkpt>
      <trkpt lat="46.8075290" lon="12.8435190">
        <ele>650.00</ele>
      </trkpt>
      <trkpt lat="46.8072780" lon="12.8438530">
        <ele>650.50</ele>
      </trkpt>
      <trkpt lat="46.8069650" lon="12.8442980">
        <ele>649.75</ele>
      </trkpt>
      <trkpt lat="46.8068350" lon="12.8445210">
        <ele>649.50</ele>
      </trkpt>
      <trkpt lat="46.8060060" lon="12.8459650">
        <ele>648.50</ele>
      </trkpt>
      <trkpt lat="46.8019260" lon="12.8528370">
        <ele>647.50</ele>
      </trkpt>
      <trkpt lat="46.7989750" lon="12.8577500">
        <ele>645.25</ele>
      </trkpt>
      <trkpt lat="46.7978250" lon="12.8599630">
        <ele>645.75</ele>
      </trkpt>
      <trkpt lat="46.7967290" lon="12.8622580">
        <ele>643.75</ele>
      </trkpt>
      <trkpt lat="46.7958160" lon="12.8645620">
        <ele>644.75</ele>
      </trkpt>
      <trkpt lat="46.7949450" lon="12.8670130">
        <ele>644.00</ele>
      </trkpt>
      <trkpt lat="46.7942900" lon="12.8688120">
        <ele>642.50</ele>
      </trkpt>
      <trkpt lat="46.7939200" lon="12.8696590">
        <ele>643.75</ele>
      </trkpt>
      <trkpt lat="46.7934850" lon="12.8704970">
        <ele>642.50</ele>
      </trkpt>
      <trkpt lat="46.7926000" lon="12.8721270">
        <ele>642.00</ele>
      </trkpt>
      <trkpt lat="46.7916480" lon="12.8735680">
        <ele>643.25</ele>
      </trkpt>
      <trkpt lat="46.7912240" lon="12.8741350">
        <ele>641.75</ele>
      </trkpt>
      <trkpt lat="46.7905620" lon="12.8749410">
        <ele>643.00</ele>
      </trkpt>
      <trkpt lat="46.7905240" lon="12.8749830">
        <ele>643.00</ele>
      </trkpt>
      <trkpt lat="46.7904870" lon="12.8750150">
        <ele>642.50</ele>
      </trkpt>
      <trkpt lat="46.7897850" lon="12.8758040">
        <ele>642.00</ele>
      </trkpt>
      <trkpt lat="46.7873670" lon="12.8784150">
        <ele>639.50</ele>
      </trkpt>
      <trkpt lat="46.7864320" lon="12.8794150">
        <ele>640.25</ele>
      </trkpt>
      <trkpt lat="46.7856540" lon="12.8802610">
        <ele>639.75</ele>
      </trkpt>
      <trkpt lat="46.7844390" lon="12.8816620">
        <ele>640.75</ele>
      </trkpt>
      <trkpt lat="46.7838220" lon="12.8825190">
        <ele>639.00</ele>
      </trkpt>
      <trkpt lat="46.7828330" lon="12.8841820">
        <ele>637.75</ele>
      </trkpt>
      <trkpt lat="46.7821600" lon="12.8856130">
        <ele>638.00</ele>
      </trkpt>
      <trkpt lat="46.7814380" lon="12.8875220">
        <ele>637.75</ele>
      </trkpt>
      <trkpt lat="46.7813890" lon="12.8878140">
        <ele>638.75</ele>
      </trkpt>
      <trkpt lat="46.7808440" lon="12.8896700">
        <ele>638.50</ele>
      </trkpt>
      <trkpt lat="46.7800760" lon="12.8924390">
        <ele>637.25</ele>
      </trkpt>
      <trkpt lat="46.7799600" lon="12.8927820">
        <ele>637.50</ele>
      </trkpt>
      <trkpt lat="46.7797510" lon="12.8934040">
        <ele>637.00</ele>
      </trkpt>
      <trkpt lat="46.7791830" lon="12.8948190">
        <ele>637.00</ele>
      </trkpt>
      <trkpt lat="46.7772180" lon="12.8994460">
        <ele>636.75</ele>
      </trkpt>
      <trkpt lat="46.7756850" lon="12.9031540">
        <ele>633.75</ele>
      </trkpt>
      <trkpt lat="46.7743760" lon="12.9063880">
        <ele>634.25</ele>
      </trkpt>
      <trkpt lat="46.7726290" lon="12.9107400">
        <ele>632.75</ele>
      </trkpt>
      <trkpt lat="46.7722420" lon="12.9114650">
        <ele>633.50</ele>
      </trkpt>
      <trkpt lat="46.7720360" lon="12.9117540">
        <ele>632.25</ele>
      </trkpt>
      <trkpt lat="46.7717230" lon="12.9121600">
        <ele>633.25</ele>
      </trkpt>
      <trkpt lat="46.7714730" lon="12.9124210">
        <ele>632.75</ele>
      </trkpt>
      <trkpt lat="46.7710390" lon="12.9128150">
        <ele>632.75</ele>
      </trkpt>
      <trkpt lat="46.7703230" lon="12.9133040">
        <ele>632.25</ele>
      </trkpt>
      <trkpt lat="46.7687250" lon="12.9147830">
        <ele>631.75</ele>
      </trkpt>
      <trkpt lat="46.7684030" lon="12.9151610">
        <ele>630.75</ele>
      </trkpt>
      <trkpt lat="46.7674430" lon="12.9166940">
        <ele>631.25</ele>
      </trkpt>
      <trkpt lat="46.7666440" lon="12.9183740">
        <ele>631.25</ele>
      </trkpt>
      <trkpt lat="46.7661920" lon="12.9194840">
        <ele>629.50</ele>
      </trkpt>
      <trkpt lat="46.7660740" lon="12.9198980">
        <ele>631.00</ele>
      </trkpt>
      <trkpt lat="46.7660080" lon="12.9198620">
        <ele>630.50</ele>
      </trkpt>
      <trkpt lat="46.7656360" lon="12.9196600">
        <ele>631.00</ele>
      </trkpt>
      <trkpt lat="46.7655860" lon="12.9196860">
        <ele>632.00</ele>
      </trkpt>
      <trkpt lat="46.7655570" lon="12.9197580">
        <ele>632.50</ele>
      </trkpt>
      <trkpt lat="46.7655430" lon="12.9198420">
        <ele>631.50</ele>
      </trkpt>
      <trkpt lat="46.7653090" lon="12.9204930">
        <ele>631.25</ele>
      </trkpt>
      <trkpt lat="46.7651040" lon="12.9211000">
        <ele>629.75</ele>
      </trkpt>
      <trkpt lat="46.7650150" lon="12.9214770">
        <ele>631.75</ele>
      </trkpt>
      <trkpt lat="46.7648380" lon="12.9225260">
        <ele>629.00</ele>
      </trkpt>
      <trkpt lat="46.7647910" lon="12.9230960">
        <ele>630.25</ele>
      </trkpt>
      <trkpt lat="46.7647690" lon="12.9236890">
        <ele>630.25</ele>
      </trkpt>
      <trkpt lat="46.7647640" lon="12.9242740">
        <ele>630.50</ele>
      </trkpt>
      <trkpt lat="46.7647480" lon="12.9248480">
        <ele>630.50</ele>
      </trkpt>
      <trkpt lat="46.7647970" lon="12.9253420">
        <ele>629.25</ele>
      </trkpt>
      <trkpt lat="46.7648120" lon="12.9255470">
        <ele>629.25</ele>
      </trkpt>
      <trkpt lat="46.7648000" lon="12.9257430">
        <ele>629.75</ele>
      </trkpt>
      <trkpt lat="46.7647410" lon="12.9258120">
        <ele>630.50</ele>
      </trkpt>
      <trkpt lat="46.7646190" lon="12.9258470">
        <ele>631.00</ele>
      </trkpt>
      <trkpt lat="46.7644950" lon="12.9258620">
        <ele>631.25</ele>
      </trkpt>
      <trkpt lat="46.7642380" lon="12.9258000">
        <ele>631.00</ele>
      </trkpt>
      <trkpt lat="46.7639900" lon="12.9257560">
        <ele>631.25</ele>
      </trkpt>
      <trkpt lat="46.7634640" lon="12.9258180">
        <ele>632.75</ele>
      </trkpt>
      <trkpt lat="46.7634410" lon="12.9258560">
        <ele>632.50</ele>
      </trkpt>
      <trkpt lat="46.7634400" lon="12.9259210">
        <ele>631.75</ele>
      </trkpt>
      <trkpt lat="46.7634440" lon="12.9262150">
        <ele>630.25</ele>
      </trkpt>
      <trkpt lat="46.7634440" lon="12.9262840">
        <ele>630.75</ele>
      </trkpt>
      <trkpt lat="46.7627470" lon="12.9263010">
        <ele>632.00</ele>
      </trkpt>
      <trkpt lat="46.7625610" lon="12.9262850">
        <ele>632.00</ele>
      </trkpt>
      <trkpt lat="46.7623070" lon="12.9263370">
        <ele>633.00</ele>
      </trkpt>
      <trkpt lat="46.7620060" lon="12.9263180">
        <ele>633.00</ele>
      </trkpt>
      <trkpt lat="46.7617060" lon="12.9262760">
        <ele>633.75</ele>
      </trkpt>
      <trkpt lat="46.7614630" lon="12.9263090">
        <ele>635.00</ele>
      </trkpt>
      <trkpt lat="46.7612200" lon="12.9263640">
        <ele>635.50</ele>
      </trkpt>
      <trkpt lat="46.7611050" lon="12.9263620">
        <ele>635.75</ele>
      </trkpt>
      <trkpt lat="46.7609920" lon="12.9263280">
        <ele>636.00</ele>
      </trkpt>
      <trkpt lat="46.7607680" lon="12.9262370">
        <ele>636.25</ele>
      </trkpt>
      <trkpt lat="46.7605590" lon="12.9261200">
        <ele>636.75</ele>
      </trkpt>
      <trkpt lat="46.7602990" lon="12.9260500">
        <ele>637.00</ele>
      </trkpt>
      <trkpt lat="46.7599670" lon="12.9259400">
        <ele>636.75</ele>
      </trkpt>
      <trkpt lat="46.7596520" lon="12.9257280">
        <ele>637.50</ele>
      </trkpt>
      <trkpt lat="46.7592660" lon="12.9254880">
        <ele>638.75</ele>
      </trkpt>
      <trkpt lat="46.7591160" lon="12.9253590">
        <ele>639.75</ele>
      </trkpt>
      <trkpt lat="46.7590490" lon="12.9254290">
        <ele>639.50</ele>
      </trkpt>
      <trkpt lat="46.7589730" lon="12.9254880">
        <ele>639.75</ele>
      </trkpt>
      <trkpt lat="46.7588100" lon="12.9255610">
        <ele>639.75</ele>
      </trkpt>
      <trkpt lat="46.7579680" lon="12.9257190">
        <ele>639.00</ele>
      </trkpt>
      <trkpt lat="46.7574050" lon="12.9258380">
        <ele>639.75</ele>
      </trkpt>
      <trkpt lat="46.7573240" lon="12.9258590">
        <ele>639.75</ele>
      </trkpt>
      <trkpt lat="46.7569490" lon="12.9259550">
        <ele>640.00</ele>
      </trkpt>
      <trkpt lat="46.7558440" lon="12.9266110">
        <ele>638.00</ele>
      </trkpt>
      <trkpt lat="46.7557810" lon="12.9266480">
        <ele>638.00</ele>
      </trkpt>
      <trkpt lat="46.7554140" lon="12.9270450">
        <ele>636.75</ele>
      </trkpt>
      <trkpt lat="46.7549280" lon="12.9276750">
        <ele>635.25</ele>
      </trkpt>
      <trkpt lat="46.7547780" lon="12.9279770">
        <ele>634.75</ele>
      </trkpt>
      <trkpt lat="46.7546150" lon="12.9283380">
        <ele>633.75</ele>
      </trkpt>
      <trkpt lat="46.7542700" lon="12.9291650">
        <ele>632.50</ele>
      </trkpt>
      <trkpt lat="46.7541930" lon="12.9293150">
        <ele>632.75</ele>
      </trkpt>
      <trkpt lat="46.7540350" lon="12.9295750">
        <ele>632.25</ele>
      </trkpt>
      <trkpt lat="46.7531370" lon="12.9306280">
        <ele>629.50</ele>
      </trkpt>
      <trkpt lat="46.7527050" lon="12.9312210">
        <ele>628.25</ele>
      </trkpt>
      <trkpt lat="46.7522650" lon="12.9320910">
        <ele>630.00</ele>
      </trkpt>
      <trkpt lat="46.7517700" lon="12.9328030">
        <ele>628.75</ele>
      </trkpt>
      <trkpt lat="46.7513620" lon="12.9335000">
        <ele>626.75</ele>
      </trkpt>
      <trkpt lat="46.7510490" lon="12.9341630">
        <ele>626.50</ele>
      </trkpt>
      <trkpt lat="46.7506990" lon="12.9349130">
        <ele>628.00</ele>
      </trkpt>
      <trkpt lat="46.7505480" lon="12.9352690">
        <ele>629.00</ele>
      </trkpt>
      <trkpt lat="46.7504630" lon="12.9355360">
        <ele>629.25</ele>
      </trkpt>
      <trkpt lat="46.7501930" lon="12.9369550">
        <ele>630.75</ele>
      </trkpt>
      <trkpt lat="46.7500930" lon="12.9374850">
        <ele>629.50</ele>
      </trkpt>
      <trkpt lat="46.7500660" lon="12.9376270">
        <ele>629.00</ele>
      </trkpt>
      <trkpt lat="46.7499770" lon="12.9380410">
        <ele>628.50</ele>
      </trkpt>
      <trkpt lat="46.7497470" lon="12.9393880">
        <ele>627.00</ele>
      </trkpt>
      <trkpt lat="46.7496640" lon="12.9396890">
        <ele>626.25</ele>
      </trkpt>
      <trkpt lat="46.7495950" lon="12.9398020">
        <ele>626.00</ele>
      </trkpt>
      <trkpt lat="46.7495260" lon="12.9398780">
        <ele>626.00</ele>
      </trkpt>
      <trkpt lat="46.7494100" lon="12.9399710">
        <ele>625.25</ele>
      </trkpt>
      <trkpt lat="46.7488610" lon="12.9402130">
        <ele>626.00</ele>
      </trkpt>
      <trkpt lat="46.7485690" lon="12.9404730">
        <ele>627.00</ele>
      </trkpt>
      <trkpt lat="46.7484580" lon="12.9407020">
        <ele>629.00</ele>
      </trkpt>
      <trkpt lat="46.7483410" lon="12.9411560">
        <ele>627.25</ele>
      </trkpt>
      <trkpt lat="46.7482840" lon="12.9413070">
        <ele>627.75</ele>
      </trkpt>
      <trkpt lat="46.7481420" lon="12.9415540">
        <ele>628.25</ele>
      </trkpt>
      <trkpt lat="46.7479440" lon="12.9418780">
        <ele>627.25</ele>
      </trkpt>
      <trkpt lat="46.7475210" lon="12.9424490">
        <ele>625.25</ele>
      </trkpt>
      <trkpt lat="46.7473950" lon="12.9426310">
        <ele>624.25</ele>
      </trkpt>
      <trkpt lat="46.7471830" lon="12.9429250">
        <ele>624.00</ele>
      </trkpt>
      <trkpt lat="46.7470620" lon="12.9431570">
        <ele>623.75</ele>
      </trkpt>
      <trkpt lat="46.7469730" lon="12.9433760">
        <ele>623.75</ele>
      </trkpt>
      <trkpt lat="46.7469040" lon="12.9436270">
        <ele>624.00</ele>
      </trkpt>
      <trkpt lat="46.7468540" lon="12.9438680">
        <ele>623.50</ele>
      </trkpt>
      <trkpt lat="46.7467960" lon="12.9443510">
        <ele>625.50</ele>
      </trkpt>
      <trkpt lat="46.7467360" lon="12.9449220">
        <ele>628.00</ele>
      </trkpt>
      <trkpt lat="46.7467230" lon="12.9450380">
        <ele>628.00</ele>
      </trkpt>
      <trkpt lat="46.7467150" lon="12.9451160">
        <ele>628.00</ele>
      </trkpt>
      <trkpt lat="46.7466310" lon="12.9457450">
        <ele>627.50</ele>
      </trkpt>
      <trkpt lat="46.7464950" lon="12.9462740">
        <ele>626.25</ele>
      </trkpt>
      <trkpt lat="46.7461380" lon="12.9470380">
        <ele>625.50</ele>
      </trkpt>
      <trkpt lat="46.7459110" lon="12.9474540">
        <ele>625.50</ele>
      </trkpt>
      <trkpt lat="46.7455750" lon="12.9481700">
        <ele>623.50</ele>
      </trkpt>
      <trkpt lat="46.7452970" lon="12.9485930">
        <ele>623.75</ele>
      </trkpt>
      <trkpt lat="46.7450280" lon="12.9489100">
        <ele>624.50</ele>
      </trkpt>
      <trkpt lat="46.7448940" lon="12.9491370">
        <ele>624.25</ele>
      </trkpt>
      <trkpt lat="46.7447920" lon="12.9493720">
        <ele>624.50</ele>
      </trkpt>
      <trkpt lat="46.7447420" lon="12.9495760">
        <ele>624.25</ele>
      </trkpt>
      <trkpt lat="46.7447150" lon="12.9497820">
        <ele>624.50</ele>
      </trkpt>
      <trkpt lat="46.7446860" lon="12.9510260">
        <ele>626.25</ele>
      </trkpt>
      <trkpt lat="46.7446440" lon="12.9514270">
        <ele>627.00</ele>
      </trkpt>
      <trkpt lat="46.7443660" lon="12.9524480">
        <ele>626.75</ele>
      </trkpt>
      <trkpt lat="46.7443190" lon="12.9526770">
        <ele>628.00</ele>
      </trkpt>
      <trkpt lat="46.7442150" lon="12.9536010">
        <ele>623.75</ele>
      </trkpt>
      <trkpt lat="46.7441860" lon="12.9543310">
        <ele>623.25</ele>
      </trkpt>
      <trkpt lat="46.7442230" lon="12.9549640">
        <ele>625.75</ele>
      </trkpt>
      <trkpt lat="46.7442400" lon="12.9552600">
        <ele>624.75</ele>
      </trkpt>
      <trkpt lat="46.7441340" lon="12.9565380">
        <ele>624.00</ele>
      </trkpt>
      <trkpt lat="46.7441310" lon="12.9571250">
        <ele>623.50</ele>
      </trkpt>
      <trkpt lat="46.7441380" lon="12.9578060">
        <ele>622.00</ele>
      </trkpt>
      <trkpt lat="46.7441320" lon="12.9579260">
        <ele>622.00</ele>
      </trkpt>
      <trkpt lat="46.7441030" lon="12.9581710">
        <ele>622.25</ele>
      </trkpt>
      <trkpt lat="46.7440420" lon="12.9583450">
        <ele>622.75</ele>
      </trkpt>
      <trkpt lat="46.7439820" lon="12.9584780">
        <ele>623.25</ele>
      </trkpt>
      <trkpt lat="46.7438680" lon="12.9587780">
        <ele>624.00</ele>
      </trkpt>
      <trkpt lat="46.7438040" lon="12.9592210">
        <ele>625.75</ele>
      </trkpt>
      <trkpt lat="46.7437600" lon="12.9595490">
        <ele>627.00</ele>
      </trkpt>
      <trkpt lat="46.7437200" lon="12.9597840">
        <ele>628.00</ele>
      </trkpt>
      <trkpt lat="46.7437330" lon="12.9600010">
        <ele>628.25</ele>
      </trkpt>
      <trkpt lat="46.7437750" lon="12.9601990">
        <ele>627.25</ele>
      </trkpt>
      <trkpt lat="46.7438330" lon="12.9604170">
        <ele>627.25</ele>
      </trkpt>
      <trkpt lat="46.7439070" lon="12.9607310">
        <ele>629.25</ele>
      </trkpt>
      <trkpt lat="46.7443420" lon="12.9625770">
        <ele>627.75</ele>
      </trkpt>
      <trkpt lat="46.7444010" lon="12.9628040">
        <ele>628.25</ele>
      </trkpt>
      <trkpt lat="46.7444840" lon="12.9630080">
        <ele>629.00</ele>
      </trkpt>
      <trkpt lat="46.7450500" lon="12.9641620">
        <ele>628.25</ele>
      </trkpt>
      <trkpt lat="46.7454550" lon="12.9650480">
        <ele>628.25</ele>
      </trkpt>
      <trkpt lat="46.7455260" lon="12.9652860">
        <ele>628.00</ele>
      </trkpt>
      <trkpt lat="46.7457200" lon="12.9663240">
        <ele>627.25</ele>
      </trkpt>
      <trkpt lat="46.7458810" lon="12.9669380">
        <ele>627.25</ele>
      </trkpt>
      <trkpt lat="46.7459510" lon="12.9672530">
        <ele>626.50</ele>
      </trkpt>
      <trkpt lat="46.7459760" lon="12.9679170">
        <ele>625.50</ele>
      </trkpt>
      <trkpt lat="46.7459770" lon="12.9679620">
        <ele>625.50</ele>
      </trkpt>
      <trkpt lat="46.7459800" lon="12.9681390">
        <ele>625.75</ele>
      </trkpt>
      <trkpt lat="46.7459810" lon="12.9682020">
        <ele>625.75</ele>
      </trkpt>
      <trkpt lat="46.7459790" lon="12.9683920">
        <ele>626.25</ele>
      </trkpt>
      <trkpt lat="46.7459710" lon="12.9685000">
        <ele>626.50</ele>
      </trkpt>
      <trkpt lat="46.7458390" lon="12.9693870">
        <ele>627.75</ele>
      </trkpt>
      <trkpt lat="46.7458230" lon="12.9694930">
        <ele>627.75</ele>
      </trkpt>
      <trkpt lat="46.7458150" lon="12.9695650">
        <ele>627.50</ele>
      </trkpt>
      <trkpt lat="46.7458900" lon="12.9696100">
        <ele>627.00</ele>
      </trkpt>
      <trkpt lat="46.7459720" lon="12.9696900">
        <ele>626.50</ele>
      </trkpt>
      <trkpt lat="46.7462420" lon="12.9700110">
        <ele>624.50</ele>
      </trkpt>
      <trkpt lat="46.7463400" lon="12.9701150">
        <ele>624.00</ele>
      </trkpt>
      <trkpt lat="46.7464700" lon="12.9702370">
        <ele>623.25</ele>
      </trkpt>
      <trkpt lat="46.7465440" lon="12.9702910">
        <ele>622.75</ele>
      </trkpt>
      <trkpt lat="46.7466280" lon="12.9703340">
        <ele>622.25</ele>
      </trkpt>
      <trkpt lat="46.7467930" lon="12.9704100">
        <ele>622.25</ele>
      </trkpt>
      <trkpt lat="46.7468660" lon="12.9704290">
        <ele>622.50</ele>
      </trkpt>
      <trkpt lat="46.7469520" lon="12.9704500">
        <ele>622.75</ele>
      </trkpt>
      <trkpt lat="46.7469490" lon="12.9705090">
        <ele>622.75</ele>
      </trkpt>
      <trkpt lat="46.7470310" lon="12.9705230">
        <ele>622.00</ele>
      </trkpt>
      <trkpt lat="46.7471940" lon="12.9705150">
        <ele>622.00</ele>
      </trkpt>
      <trkpt lat="46.7475360" lon="12.9705000">
        <ele>622.00</ele>
      </trkpt>
      <trkpt lat="46.7476210" lon="12.9705190">
        <ele>622.00</ele>
      </trkpt>
      <trkpt lat="46.7476610" lon="12.9705470">
        <ele>622.00</ele>
      </trkpt>
      <trkpt lat="46.7477070" lon="12.9705980">
        <ele>622.00</ele>
      </trkpt>
      <trkpt lat="46.7477360" lon="12.9706770">
        <ele>622.00</ele>
      </trkpt>
      <trkpt lat="46.7477350" lon="12.9707470">
        <ele>622.00</ele>
      </trkpt>
      <trkpt lat="46.7477830" lon="12.9708680">
        <ele>622.75</ele>
      </trkpt>
      <trkpt lat="46.7477840" lon="12.9713980">
        <ele>622.75</ele>
      </trkpt>
      <trkpt lat="46.7478120" lon="12.9717950">
        <ele>621.25</ele>
      </trkpt>
      <trkpt lat="46.7478540" lon="12.9720380">
        <ele>621.00</ele>
      </trkpt>
      <trkpt lat="46.7478370" lon="12.9722300">
        <ele>621.00</ele>
      </trkpt>
      <trkpt lat="46.7478300" lon="12.9723100">
        <ele>621.00</ele>
      </trkpt>
      <trkpt lat="46.7478410" lon="12.9725170">
        <ele>620.75</ele>
      </trkpt>
      <trkpt lat="46.7478920" lon="12.9727440">
        <ele>620.25</ele>
      </trkpt>
      <trkpt lat="46.7479670" lon="12.9730050">
        <ele>620.50</ele>
      </trkpt>
      <trkpt lat="46.7480740" lon="12.9732880">
        <ele>620.75</ele>
      </trkpt>
      <trkpt lat="46.7481580" lon="12.9734770">
        <ele>620.50</ele>
      </trkpt>
      <trkpt lat="46.7481920" lon="12.9735260">
        <ele>620.50</ele>
      </trkpt>
      <trkpt lat="46.7482970" lon="12.9736390">
        <ele>620.00</ele>
      </trkpt>
      <trkpt lat="46.7483590" lon="12.9736370">
        <ele>620.00</ele>
      </trkpt>
      <trkpt lat="46.7485520" lon="12.9740260">
        <ele>620.00</ele>
      </trkpt>
      <trkpt lat="46.7485190" lon="12.9740650">
        <ele>620.00</ele>
      </trkpt>
      <trkpt lat="46.7484430" lon="12.9743270">
        <ele>620.00</ele>
      </trkpt>
      <trkpt lat="46.7484230" lon="12.9744300">
        <ele>620.00</ele>
      </trkpt>
      <trkpt lat="46.7483430" lon="12.9761660">
        <ele>620.00</ele>
      </trkpt>
      <trkpt lat="46.7483310" lon="12.9770480">
        <ele>619.75</ele>
      </trkpt>
      <trkpt lat="46.7483480" lon="12.9775160">
        <ele>620.00</ele>
      </trkpt>
      <trkpt lat="46.7483720" lon="12.9782180">
        <ele>620.00</ele>
      </trkpt>
      <trkpt lat="46.7483750" lon="12.9782790">
        <ele>620.00</ele>
      </trkpt>
      <trkpt lat="46.7483720" lon="12.9786280">
        <ele>619.75</ele>
      </trkpt>
      <trkpt lat="46.7483120" lon="12.9793020">
        <ele>619.25</ele>
      </trkpt>
      <trkpt lat="46.7481220" lon="12.9800710">
        <ele>619.00</ele>
      </trkpt>
      <trkpt lat="46.7479270" lon="12.9806190">
        <ele>618.50</ele>
      </trkpt>
      <trkpt lat="46.7473630" lon="12.9816010">
        <ele>618.50</ele>
      </trkpt>
      <trkpt lat="46.7469740" lon="12.9820900">
        <ele>619.00</ele>
      </trkpt>
      <trkpt lat="46.7467940" lon="12.9822670">
        <ele>619.00</ele>
      </trkpt>
      <trkpt lat="46.7461850" lon="12.9827420">
        <ele>618.25</ele>
      </trkpt>
      <trkpt lat="46.7458700" lon="12.9829340">
        <ele>618.00</ele>
      </trkpt>
      <trkpt lat="46.7457790" lon="12.9829520">
        <ele>617.75</ele>
      </trkpt>
      <trkpt lat="46.7456750" lon="12.9829930">
        <ele>617.25</ele>
      </trkpt>
      <trkpt lat="46.7456340" lon="12.9830010">
        <ele>617.00</ele>
      </trkpt>
      <trkpt lat="46.7455980" lon="12.9829930">
        <ele>616.75</ele>
      </trkpt>
      <trkpt lat="46.7455160" lon="12.9830110">
        <ele>616.25</ele>
      </trkpt>
      <trkpt lat="46.7454440" lon="12.9831060">
        <ele>616.50</ele>
      </trkpt>
      <trkpt lat="46.7452800" lon="12.9832550">
        <ele>617.00</ele>
      </trkpt>
      <trkpt lat="46.7447570" lon="12.9835130">
        <ele>617.00</ele>
      </trkpt>
      <trkpt lat="46.7442420" lon="12.9838130">
        <ele>617.25</ele>
      </trkpt>
      <trkpt lat="46.7440630" lon="12.9839040">
        <ele>617.25</ele>
      </trkpt>
      <trkpt lat="46.7438620" lon="12.9840520">
        <ele>617.00</ele>
      </trkpt>
      <trkpt lat="46.7432610" lon="12.9845310">
        <ele>617.25</ele>
      </trkpt>
      <trkpt lat="46.7427540" lon="12.9850350">
        <ele>617.50</ele>
      </trkpt>
      <trkpt lat="46.7423060" lon="12.9856290">
        <ele>617.00</ele>
      </trkpt>
      <trkpt lat="46.7420980" lon="12.9860020">
        <ele>616.75</ele>
      </trkpt>
      <trkpt lat="46.7416740" lon="12.9868920">
        <ele>617.75</ele>
      </trkpt>
      <trkpt lat="46.7414610" lon="12.9873650">
        <ele>616.75</ele>
      </trkpt>
      <trkpt lat="46.7412710" lon="12.9880750">
        <ele>616.50</ele>
      </trkpt>
      <trkpt lat="46.7410790" lon="12.9888240">
        <ele>616.50</ele>
      </trkpt>
      <trkpt lat="46.7409390" lon="12.9896610">
        <ele>615.75</ele>
      </trkpt>
      <trkpt lat="46.7408870" lon="12.9900740">
        <ele>616.50</ele>
      </trkpt>
      <trkpt lat="46.7408530" lon="12.9905030">
        <ele>615.75</ele>
      </trkpt>
      <trkpt lat="46.7407830" lon="12.9917100">
        <ele>615.50</ele>
      </trkpt>
      <trkpt lat="46.7407680" lon="12.9922720">
        <ele>616.00</ele>
      </trkpt>
      <trkpt lat="46.7407400" lon="12.9928220">
        <ele>616.25</ele>
      </trkpt>
      <trkpt lat="46.7406810" lon="12.9936830">
        <ele>615.25</ele>
      </trkpt>
      <trkpt lat="46.7406990" lon="12.9944200">
        <ele>614.50</ele>
      </trkpt>
      <trkpt lat="46.7407050" lon="12.9945600">
        <ele>615.00</ele>
      </trkpt>
      <trkpt lat="46.7406930" lon="12.9947050">
        <ele>615.75</ele>
      </trkpt>
      <trkpt lat="46.7406480" lon="12.9949040">
        <ele>615.25</ele>
      </trkpt>
      <trkpt lat="46.7406290" lon="12.9950580">
        <ele>615.00</ele>
      </trkpt>
      <trkpt lat="46.7406230" lon="12.9951790">
        <ele>614.75</ele>
      </trkpt>
      <trkpt lat="46.7406350" lon="12.9954680">
        <ele>614.50</ele>
      </trkpt>
      <trkpt lat="46.7405690" lon="12.9962210">
        <ele>615.25</ele>
      </trkpt>
      <trkpt lat="46.7405540" lon="12.9964780">
        <ele>615.75</ele>
      </trkpt>
      <trkpt lat="46.7405100" lon="12.9972360">
        <ele>615.25</ele>
      </trkpt>
      <trkpt lat="46.7404860" lon="12.9974860">
        <ele>614.75</ele>
      </trkpt>
      <trkpt lat="46.7404560" lon="12.9979020">
        <ele>614.50</ele>
      </trkpt>
      <trkpt lat="46.7404420" lon="12.9982730">
        <ele>614.25</ele>
      </trkpt>
      <trkpt lat="46.7404030" lon="12.9987770">
        <ele>613.50</ele>
      </trkpt>
      <trkpt lat="46.7403560" lon="12.9996860">
        <ele>614.00</ele>
      </trkpt>
      <trkpt lat="46.7403190" lon="13.0000010">
        <ele>615.00</ele>
      </trkpt>
      <trkpt lat="46.7402570" lon="13.0004970">
        <ele>614.75</ele>
      </trkpt>
      <trkpt lat="46.7402520" lon="13.0006890">
        <ele>614.50</ele>
      </trkpt>
      <trkpt lat="46.7402630" lon="13.0008070">
        <ele>614.75</ele>
      </trkpt>
      <trkpt lat="46.7403620" lon="13.0010610">
        <ele>615.00</ele>
      </trkpt>
      <trkpt lat="46.7403880" lon="13.0011900">
        <ele>614.75</ele>
      </trkpt>
      <trkpt lat="46.7403920" lon="13.0012730">
        <ele>614.75</ele>
      </trkpt>
      <trkpt lat="46.7403870" lon="13.0015650">
        <ele>614.50</ele>
      </trkpt>
      <trkpt lat="46.7403690" lon="13.0020130">
        <ele>614.50</ele>
      </trkpt>
      <trkpt lat="46.7403160" lon="13.0022940">
        <ele>614.75</ele>
      </trkpt>
      <trkpt lat="46.7402590" lon="13.0025330">
        <ele>614.50</ele>
      </trkpt>
      <trkpt lat="46.7402420" lon="13.0026710">
        <ele>614.25</ele>
      </trkpt>
      <trkpt lat="46.7402410" lon="13.0029140">
        <ele>614.25</ele>
      </trkpt>
      <trkpt lat="46.7402640" lon="13.0031720">
        <ele>614.75</ele>
      </trkpt>
      <trkpt lat="46.7403130" lon="13.0035320">
        <ele>614.75</ele>
      </trkpt>
      <trkpt lat="46.7403770" lon="13.0038760">
        <ele>614.00</ele>
      </trkpt>
      <trkpt lat="46.7404190" lon="13.0040530">
        <ele>613.00</ele>
      </trkpt>
      <trkpt lat="46.7405400" lon="13.0043610">
        <ele>613.75</ele>
      </trkpt>
      <trkpt lat="46.7408090" lon="13.0052780">
        <ele>613.50</ele>
      </trkpt>
      <trkpt lat="46.7410650" lon="13.0062990">
        <ele>613.25</ele>
      </trkpt>
      <trkpt lat="46.7411300" lon="13.0067880">
        <ele>614.00</ele>
      </trkpt>
      <trkpt lat="46.7411640" lon="13.0071630">
        <ele>614.00</ele>
      </trkpt>
      <trkpt lat="46.7411290" lon="13.0076870">
        <ele>614.00</ele>
      </trkpt>
      <trkpt lat="46.7410820" lon="13.0080580">
        <ele>613.50</ele>
      </trkpt>
      <trkpt lat="46.7410480" lon="13.0082120">
        <ele>613.00</ele>
      </trkpt>
      <trkpt lat="46.7409370" lon="13.0086270">
        <ele>612.00</ele>
      </trkpt>
      <trkpt lat="46.7408150" lon="13.0089530">
        <ele>613.50</ele>
      </trkpt>
      <trkpt lat="46.7407050" lon="13.0092070">
        <ele>612.25</ele>
      </trkpt>
      <trkpt lat="46.7402960" lon="13.0100490">
        <ele>612.25</ele>
      </trkpt>
      <trkpt lat="46.7398980" lon="13.0109430">
        <ele>612.25</ele>
      </trkpt>
      <trkpt lat="46.7397150" lon="13.0114530">
        <ele>613.00</ele>
      </trkpt>
      <trkpt lat="46.7395330" lon="13.0120870">
        <ele>612.50</ele>
      </trkpt>
      <trkpt lat="46.7394840" lon="13.0126120">
        <ele>613.75</ele>
      </trkpt>
      <trkpt lat="46.7392920" lon="13.0130950">
        <ele>612.25</ele>
      </trkpt>
      <trkpt lat="46.7391750" lon="13.0135100">
        <ele>612.50</ele>
      </trkpt>
      <trkpt lat="46.7390920" lon="13.0139430">
        <ele>611.75</ele>
      </trkpt>
      <trkpt lat="46.7390880" lon="13.0143250">
        <ele>611.75</ele>
      </trkpt>
      <trkpt lat="46.7390990" lon="13.0148990">
        <ele>612.00</ele>
      </trkpt>
      <trkpt lat="46.7391890" lon="13.0164020">
        <ele>611.75</ele>
      </trkpt>
      <trkpt lat="46.7391840" lon="13.0165500">
        <ele>612.00</ele>
      </trkpt>
      <trkpt lat="46.7390970" lon="13.0169910">
        <ele>610.50</ele>
      </trkpt>
      <trkpt lat="46.7391090" lon="13.0176930">
        <ele>611.00</ele>
      </trkpt>
      <trkpt lat="46.7391610" lon="13.0182210">
        <ele>611.50</ele>
      </trkpt>
      <trkpt lat="46.7391520" lon="13.0185050">
        <ele>611.75</ele>
      </trkpt>
      <trkpt lat="46.7390910" lon="13.0190560">
        <ele>611.00</ele>
      </trkpt>
      <trkpt lat="46.7390160" lon="13.0195850">
        <ele>610.25</ele>
      </trkpt>
      <trkpt lat="46.7389270" lon="13.0203410">
        <ele>611.00</ele>
      </trkpt>
      <trkpt lat="46.7387550" lon="13.0211800">
        <ele>610.00</ele>
      </trkpt>
      <trkpt lat="46.7386790" lon="13.0218540">
        <ele>610.50</ele>
      </trkpt>
      <trkpt lat="46.7386150" lon="13.0221960">
        <ele>611.75</ele>
      </trkpt>
      <trkpt lat="46.7384070" lon="13.0228840">
        <ele>610.00</ele>
      </trkpt>
      <trkpt lat="46.7382670" lon="13.0232190">
        <ele>610.25</ele>
      </trkpt>
      <trkpt lat="46.7382100" lon="13.0234620">
        <ele>610.00</ele>
      </trkpt>
      <trkpt lat="46.7381910" lon="13.0235420">
        <ele>610.00</ele>
      </trkpt>
      <trkpt lat="46.7379920" lon="13.0239250">
        <ele>611.00</ele>
      </trkpt>
      <trkpt lat="46.7379030" lon="13.0243420">
        <ele>610.00</ele>
      </trkpt>
      <trkpt lat="46.7378780" lon="13.0244890">
        <ele>609.75</ele>
      </trkpt>
      <trkpt lat="46.7378590" lon="13.0245540">
        <ele>610.25</ele>
      </trkpt>
      <trkpt lat="46.7376760" lon="13.0245300">
        <ele>610.00</ele>
      </trkpt>
      <trkpt lat="46.7372450" lon="13.0250000">
        <ele>611.00</ele>
      </trkpt>
      <trkpt lat="46.7371650" lon="13.0250560">
        <ele>610.25</ele>
      </trkpt>
      <trkpt lat="46.7367490" lon="13.0255080">
        <ele>610.00</ele>
      </trkpt>
      <trkpt lat="46.7363600" lon="13.0259550">
        <ele>610.00</ele>
      </trkpt>
      <trkpt lat="46.7363430" lon="13.0260010">
        <ele>610.00</ele>
      </trkpt>
      <trkpt lat="46.7363550" lon="13.0260510">
        <ele>610.50</ele>
      </trkpt>
      <trkpt lat="46.7364010" lon="13.0260850">
        <ele>610.75</ele>
      </trkpt>
      <trkpt lat="46.7364520" lon="13.0260830">
        <ele>610.50</ele>
      </trkpt>
      <trkpt lat="46.7368150" lon="13.0260170">
        <ele>610.25</ele>
      </trkpt>
      <trkpt lat="46.7368800" lon="13.0260490">
        <ele>610.00</ele>
      </trkpt>
      <trkpt lat="46.7369080" lon="13.0261080">
        <ele>610.00</ele>
      </trkpt>
      <trkpt lat="46.7369280" lon="13.0262100">
        <ele>610.00</ele>
      </trkpt>
      <trkpt lat="46.7369430" lon="13.0263320">
        <ele>610.00</ele>
      </trkpt>
      <trkpt lat="46.7370760" lon="13.0270180">
        <ele>610.00</ele>
      </trkpt>
      <trkpt lat="46.7370720" lon="13.0270990">
        <ele>610.00</ele>
      </trkpt>
      <trkpt lat="46.7370340" lon="13.0272540">
        <ele>610.00</ele>
      </trkpt>
      <trkpt lat="46.7369960" lon="13.0273710">
        <ele>609.75</ele>
      </trkpt>
      <trkpt lat="46.7369790" lon="13.0274670">
        <ele>610.00</ele>
      </trkpt>
      <trkpt lat="46.7369790" lon="13.0275730">
        <ele>610.00</ele>
      </trkpt>
      <trkpt lat="46.7369990" lon="13.0276560">
        <ele>609.75</ele>
      </trkpt>
      <trkpt lat="46.7370460" lon="13.0277290">
        <ele>610.00</ele>
      </trkpt>
      <trkpt lat="46.7378260" lon="13.0277060">
        <ele>609.00</ele>
      </trkpt>
      <trkpt lat="46.7378750" lon="13.0277220">
        <ele>609.25</ele>
      </trkpt>
      <trkpt lat="46.7379200" lon="13.0277690">
        <ele>609.50</ele>
      </trkpt>
      <trkpt lat="46.7379560" lon="13.0278460">
        <ele>609.50</ele>
      </trkpt>
      <trkpt lat="46.7379750" lon="13.0279660">
        <ele>609.50</ele>
      </trkpt>
      <trkpt lat="46.7379880" lon="13.0281790">
        <ele>609.75</ele>
      </trkpt>
      <trkpt lat="46.7379590" lon="13.0284990">
        <ele>609.75</ele>
      </trkpt>
      <trkpt lat="46.7379420" lon="13.0288170">
        <ele>610.25</ele>
      </trkpt>
      <trkpt lat="46.7379530" lon="13.0288620">
        <ele>610.50</ele>
      </trkpt>
      <trkpt lat="46.7379760" lon="13.0289000">
        <ele>610.50</ele>
      </trkpt>
      <trkpt lat="46.7380110" lon="13.0304720">
        <ele>609.25</ele>
      </trkpt>
      <trkpt lat="46.7380660" lon="13.0348980">
        <ele>607.75</ele>
      </trkpt>
      <trkpt lat="46.7380740" lon="13.0360110">
        <ele>607.75</ele>
      </trkpt>
      <trkpt lat="46.7380630" lon="13.0362130">
        <ele>607.75</ele>
      </trkpt>
      <trkpt lat="46.7380180" lon="13.0365030">
        <ele>608.25</ele>
      </trkpt>
      <trkpt lat="46.7379970" lon="13.0367550">
        <ele>608.50</ele>
      </trkpt>
      <trkpt lat="46.7380060" lon="13.0369300">
        <ele>608.00</ele>
      </trkpt>
      <trkpt lat="46.7380370" lon="13.0371080">
        <ele>608.00</ele>
      </trkpt>
      <trkpt lat="46.7380650" lon="13.0373140">
        <ele>607.75</ele>
      </trkpt>
      <trkpt lat="46.7380890" lon="13.0384250">
        <ele>606.75</ele>
      </trkpt>
      <trkpt lat="46.7380860" lon="13.0396920">
        <ele>606.75</ele>
      </trkpt>
      <trkpt lat="46.7381040" lon="13.0401630">
        <ele>606.75</ele>
      </trkpt>
      <trkpt lat="46.7381400" lon="13.0418840">
        <ele>607.00</ele>
      </trkpt>
      <trkpt lat="46.7381440" lon="13.0420800">
        <ele>607.00</ele>
      </trkpt>
      <trkpt lat="46.7381480" lon="13.0425200">
        <ele>607.00</ele>
      </trkpt>
      <trkpt lat="46.7381600" lon="13.0429540">
        <ele>607.00</ele>
      </trkpt>
      <trkpt lat="46.7381640" lon="13.0437060">
        <ele>606.50</ele>
      </trkpt>
      <trkpt lat="46.7381500" lon="13.0438290">
        <ele>606.75</ele>
      </trkpt>
      <trkpt lat="46.7381060" lon="13.0440040">
        <ele>607.00</ele>
      </trkpt>
      <trkpt lat="46.7380890" lon="13.0440520">
        <ele>607.00</ele>
      </trkpt>
      <trkpt lat="46.7380410" lon="13.0441130">
        <ele>606.75</ele>
      </trkpt>
      <trkpt lat="46.7379910" lon="13.0441370">
        <ele>606.75</ele>
      </trkpt>
      <trkpt lat="46.7379410" lon="13.0442100">
        <ele>606.25</ele>
      </trkpt>
      <trkpt lat="46.7378950" lon="13.0443010">
        <ele>605.75</ele>
      </trkpt>
      <trkpt lat="46.7378180" lon="13.0445560">
        <ele>605.25</ele>
      </trkpt>
      <trkpt lat="46.7378060" lon="13.0446650">
        <ele>605.75</ele>
      </trkpt>
      <trkpt lat="46.7378040" lon="13.0447700">
        <ele>605.50</ele>
      </trkpt>
      <trkpt lat="46.7378280" lon="13.0449900">
        <ele>604.25</ele>
      </trkpt>
      <trkpt lat="46.7378940" lon="13.0453650">
        <ele>605.50</ele>
      </trkpt>
      <trkpt lat="46.7379510" lon="13.0457390">
        <ele>606.00</ele>
      </trkpt>
      <trkpt lat="46.7379540" lon="13.0459430">
        <ele>606.00</ele>
      </trkpt>
      <trkpt lat="46.7378770" lon="13.0472330">
        <ele>606.00</ele>
      </trkpt>
      <trkpt lat="46.7382440" lon="13.0487630">
        <ele>606.50</ele>
      </trkpt>
      <trkpt lat="46.7382450" lon="13.0504960">
        <ele>606.50</ele>
      </trkpt>
      <trkpt lat="46.7382430" lon="13.0511790">
        <ele>606.50</ele>
      </trkpt>
      <trkpt lat="46.7382120" lon="13.0514980">
        <ele>606.25</ele>
      </trkpt>
      <trkpt lat="46.7381850" lon="13.0516870">
        <ele>605.75</ele>
      </trkpt>
      <trkpt lat="46.7381820" lon="13.0518300">
        <ele>605.75</ele>
      </trkpt>
      <trkpt lat="46.7381810" lon="13.0518780">
        <ele>605.75</ele>
      </trkpt>
      <trkpt lat="46.7381840" lon="13.0520120">
        <ele>605.75</ele>
      </trkpt>
      <trkpt lat="46.7382430" lon="13.0524250">
        <ele>606.25</ele>
      </trkpt>
      <trkpt lat="46.7382540" lon="13.0525730">
        <ele>606.25</ele>
      </trkpt>
      <trkpt lat="46.7382620" lon="13.0528270">
        <ele>606.25</ele>
      </trkpt>
      <trkpt lat="46.7382600" lon="13.0531820">
        <ele>606.00</ele>
      </trkpt>
      <trkpt lat="46.7382710" lon="13.0538030">
        <ele>605.75</ele>
      </trkpt>
      <trkpt lat="46.7382670" lon="13.0543170">
        <ele>605.75</ele>
      </trkpt>
      <trkpt lat="46.7382900" lon="13.0550450">
        <ele>605.50</ele>
      </trkpt>
      <trkpt lat="46.7383080" lon="13.0558450">
        <ele>604.75</ele>
      </trkpt>
      <trkpt lat="46.7383140" lon="13.0570140">
        <ele>604.75</ele>
      </trkpt>
      <trkpt lat="46.7382950" lon="13.0572420">
        <ele>604.75</ele>
      </trkpt>
      <trkpt lat="46.7382300" lon="13.0576020">
        <ele>604.75</ele>
      </trkpt>
      <trkpt lat="46.7382310" lon="13.0577180">
        <ele>605.00</ele>
      </trkpt>
      <trkpt lat="46.7382580" lon="13.0583980">
        <ele>604.50</ele>
      </trkpt>
      <trkpt lat="46.7382470" lon="13.0593360">
        <ele>605.00</ele>
      </trkpt>
      <trkpt lat="46.7382270" lon="13.0602610">
        <ele>604.50</ele>
      </trkpt>
      <trkpt lat="46.7382050" lon="13.0605610">
        <ele>604.00</ele>
      </trkpt>
      <trkpt lat="46.7380760" lon="13.0621400">
        <ele>603.75</ele>
      </trkpt>
      <trkpt lat="46.7380280" lon="13.0626650">
        <ele>604.25</ele>
      </trkpt>
      <trkpt lat="46.7379700" lon="13.0631560">
        <ele>604.25</ele>
      </trkpt>
      <trkpt lat="46.7379220" lon="13.0636490">
        <ele>603.50</ele>
      </trkpt>
      <trkpt lat="46.7378690" lon="13.0640850">
        <ele>603.00</ele>
      </trkpt>
      <trkpt lat="46.7376860" lon="13.0652510">
        <ele>603.50</ele>
      </trkpt>
      <trkpt lat="46.7375280" lon="13.0659430">
        <ele>602.75</ele>
      </trkpt>
      <trkpt lat="46.7374680" lon="13.0663020">
        <ele>603.50</ele>
      </trkpt>
      <trkpt lat="46.7374110" lon="13.0665470">
        <ele>604.00</ele>
      </trkpt>
      <trkpt lat="46.7373970" lon="13.0666620">
        <ele>604.00</ele>
      </trkpt>
      <trkpt lat="46.7373510" lon="13.0668230">
        <ele>603.50</ele>
      </trkpt>
      <trkpt lat="46.7373410" lon="13.0670440">
        <ele>603.25</ele>
      </trkpt>
      <trkpt lat="46.7373120" lon="13.0672830">
        <ele>603.00</ele>
      </trkpt>
      <trkpt lat="46.7372020" lon="13.0677800">
        <ele>603.75</ele>
      </trkpt>
      <trkpt lat="46.7369220" lon="13.0692160">
        <ele>603.00</ele>
      </trkpt>
      <trkpt lat="46.7366030" lon="13.0706250">
        <ele>603.75</ele>
      </trkpt>
      <trkpt lat="46.7364460" lon="13.0712290">
        <ele>603.25</ele>
      </trkpt>
      <trkpt lat="46.7363040" lon="13.0719060">
        <ele>603.25</ele>
      </trkpt>
      <trkpt lat="46.7359940" lon="13.0735630">
        <ele>603.50</ele>
      </trkpt>
      <trkpt lat="46.7359430" lon="13.0737320">
        <ele>603.50</ele>
      </trkpt>
      <trkpt lat="46.7359020" lon="13.0737880">
        <ele>603.50</ele>
      </trkpt>
      <trkpt lat="46.7358280" lon="13.0738160">
        <ele>603.50</ele>
      </trkpt>
      <trkpt lat="46.7355320" lon="13.0737500">
        <ele>602.75</ele>
      </trkpt>
      <trkpt lat="46.7354850" lon="13.0737620">
        <ele>602.75</ele>
      </trkpt>
      <trkpt lat="46.7354320" lon="13.0738180">
        <ele>602.75</ele>
      </trkpt>
      <trkpt lat="46.7351400" lon="13.0745320">
        <ele>603.00</ele>
      </trkpt>
      <trkpt lat="46.7348920" lon="13.0751800">
        <ele>603.25</ele>
      </trkpt>
      <trkpt lat="46.7347810" lon="13.0759750">
        <ele>601.50</ele>
      </trkpt>
      <trkpt lat="46.7347380" lon="13.0764980">
        <ele>602.75</ele>
      </trkpt>
      <trkpt lat="46.7346550" lon="13.0775600">
        <ele>602.75</ele>
      </trkpt>
      <trkpt lat="46.7346620" lon="13.0777280">
        <ele>602.75</ele>
      </trkpt>
      <trkpt lat="46.7347440" lon="13.0785420">
        <ele>602.75</ele>
      </trkpt>
      <trkpt lat="46.7347290" lon="13.0786360">
        <ele>603.00</ele>
      </trkpt>
      <trkpt lat="46.7347080" lon="13.0789350">
        <ele>604.50</ele>
      </trkpt>
      <trkpt lat="46.7345270" lon="13.0788740">
        <ele>606.00</ele>
      </trkpt>
      <trkpt lat="46.7343440" lon="13.0788290">
        <ele>604.50</ele>
      </trkpt>
      <trkpt lat="46.7334270" lon="13.0786650">
        <ele>605.25</ele>
      </trkpt>
      <trkpt lat="46.7332860" lon="13.0785850">
        <ele>607.00</ele>
      </trkpt>
      <trkpt lat="46.7331950" lon="13.0784850">
        <ele>605.50</ele>
      </trkpt>
      <trkpt lat="46.7331270" lon="13.0783770">
        <ele>605.25</ele>
      </trkpt>
      <trkpt lat="46.7330630" lon="13.0782540">
        <ele>605.25</ele>
      </trkpt>
      <trkpt lat="46.7328300" lon="13.0782790">
        <ele>604.00</ele>
      </trkpt>
      <trkpt lat="46.7325950" lon="13.0782430">
        <ele>603.00</ele>
      </trkpt>
      <trkpt lat="46.7318740" lon="13.0781060">
        <ele>602.75</ele>
      </trkpt>
      <trkpt lat="46.7317380" lon="13.0780800">
        <ele>602.75</ele>
      </trkpt>
      <trkpt lat="46.7317020" lon="13.0780760">
        <ele>602.75</ele>
      </trkpt>
      <trkpt lat="46.7315830" lon="13.0780630">
        <ele>603.75</ele>
      </trkpt>
    </trkseg>
  </trk>
</gpx>